,chembl_id,standardized_smiles,wd_consensus_1,wd_chembl,wd_withdrawn,wd_drugbank,atc_code,name
0,CHEMBL2111100,CCCCCCCCCCCCCCCC(=O)OCC(COP(=O)(O)OCCNC(=O)C(C)NC(=O)CCC(NC(=O)C(C)NC(=O)C(C)OC1C(O)C(CO)OC(O)C1NC(C)=O)C(N)=O)OC(=O)CCCCCCCCCCCCCCC,0,0.0,None,0,None,MIFAMURTIDE
1,CHEMBL41355,CCOC(=O)Nc1ccc(NCc2ccc(F)cc2)cc1N,0,0.0,None,0,N03AX21,EZOGABINE
2,CHEMBL409153,CC(c1nc(-c2ccc(C#N)cc2)cs1)C(O)(Cn1cncn1)c1cc(F)ccc1F,0,0.0,None,0,J02AC05,ISAVUCONAZOLE
3,CHEMBL4094358,C=C1CC23CCC4C(C)(C(=O)O)CCCC4(C)C2CCC1(OC1OC(CO)C(O)C(O)C1OC1OC(CO)C(O)C(O)C1O)C3,0,None,None,0,None,CHEMBL4094358
4,CHEMBL41,CNCCC(Oc1ccc(C(F)(F)F)cc1)c1ccccc1,0,0.0,None,0,N06AB03,FLUOXETINE
5,CHEMBL4101807,CC(C)n1nccc1-c1ncccc1COc1cccc(O)c1C=O,0,0.0,None,0,None,VOXELOTOR
6,CHEMBL41286,CC(=O)Oc1cccc2c1C(=O)c1c(OC(C)=O)cc(C(=O)O)cc1C2=O,0,0.0,None,0,M01AX21,DIACEREIN
7,CHEMBL413,COC1CC2CCC(C)C(O)(O2)C(=O)C(=O)N2CCCCC2C(=O)OC(C(C)CC2CCC(O)C(OC)C2)CC(=O)C(C)C=C(C)C(O)C(OC)C(=O)C(C)CC(C)C=CC=CC=C1C,0,0.0,None,0,"L04AA10, S01XA23",SIROLIMUS
8,CHEMBL415,CN(C)CCCN1c2ccccc2CCc2ccc(Cl)cc21,0,0.0,None,0,N06AA04,CLOMIPRAMINE
9,CHEMBL4073796,O=S(=O)(O)OC1C(O)COC(OC2COC(O)C(OS(=O)(=O)O)C2OS(=O)(=O)O)C1OS(=O)(=O)O,0,None,None,0,None,CHEMBL4073796
10,CHEMBL415606,CC(=O)NC(Cc1ccc2ccccc2c1)C(=O)NC(Cc1ccc(Cl)cc1)C(=O)NC(Cc1cccnc1)C(=O)NC(CO)C(=O)NC(Cc1ccc(NC(=O)C2CC(=O)NC(=O)N2)cc1)C(=O)NC(Cc1ccc(NC(N)=O)cc1)C(=O)NC(CC(C)C)C(=O)NC(CCCCNC(C)C)C(=O)N1CCCC1C(=O)NC(C)C(N)=O,0,0.0,None,0,L02BX02,DEGARELIX
11,CHEMBL416,COc1c2occc2cc2ccc(=O)oc12,0,0.0,None,0,"D05AD02, D05BA02",METHOXSALEN
12,CHEMBL416146,Cc1ccc(-c2ncc(Cl)cc2-c2ccc(S(C)(=O)=O)cc2)cn1,0,0.0,None,0,M01AH05,ETORICOXIB
13,CHEMBL416956,OC(c1cc(C(F)(F)F)nc2c(C(F)(F)F)cccc12)C1CCCCN1,0,0.0,None,0,P01BC02,MEFLOQUINE
14,CHEMBL417,COc1cccc2c1C(=O)c1c(O)c3c(c(O)c1C2=O)CC(O)(C(=O)CO)CC3OC1CC(N)C(O)C(C)O1,0,0.0,None,0,L01DB03,EPIRUBICIN
15,CHEMBL4173394,CCOc1ccc(Nc2ccc(C(=C3C=CC(=[N+](CC)Cc4cccc(S(=O)(=O)[O-])c4)C=C3C)c3ccc(N(CC)Cc4cccc(S(=O)(=O)O)c4)cc3C)cc2)cc1,0,0.0,None,0,None,BRILLIANT BLUE G
16,CHEMBL408513,O=C(C=Cc1cccc(S(=O)(=O)Nc2ccccc2)c1)NO,0,0.0,None,0,L01XH04,BELINOSTAT
17,CHEMBL407,CCOC(=O)c1ncn2c1CN(C)C(=O)c1cc(F)ccc1-2,0,0.0,None,0,V03AB25,FLUMAZENIL
18,CHEMBL420,NC(N)=NN=Cc1c(Cl)cccc1Cl,0,0.0,None,0,None,GUANABENZ
19,CHEMBL3989974,CC(C)(ON=C(C(=O)NC1C(=O)N2C(C(=O)[O-])=C(C[N+]3(CCNC(=O)c4ccc(O)c(O)c4Cl)CCCC3)CSC12)c1csc(N)n1)C(=O)O,0,0.0,None,0,J01DI04,CEFIDEROCOL
20,CHEMBL3989868,Cc1cc(Nc2ncnc3ccc(NC4=NC(C)(C)CO4)cc23)ccc1Oc1ccn2ncnc2c1,0,0.0,None,0,L01EH03,TUCATINIB
21,CHEMBL3989908,CC(C)(O)CNc1nc(Nc2ccnc(C(F)(F)F)c2)nc(-c2cccc(C(F)(F)F)n2)n1,0,0.0,None,0,L01XX59,ENASIDENIB
22,CHEMBL3989917,Cc1ccccc1-c1cc(N2CC[N+](C)(COP(=O)([O-])O)CC2)ncc1N(C)C(=O)C(C)(C)c1cc(C(F)(F)F)cc(C(F)(F)F)c1,0,0.0,None,0,None,FOSNETUPITANT
23,CHEMBL3989944,COC(=O)C=CC(=O)OCCN1C(=O)CCC1=O,0,0.0,None,0,None,DIROXIMEL FUMARATE
24,CHEMBL3989949,NC(=O)OC(Cn1ncnn1)c1ccccc1Cl,0,0.0,None,0,N03AX25,CENOBAMATE
25,CHEMBL3989958,N#Cc1ccnc(N2C(=O)CCC2C(=O)N(c2cncc(F)c2)C(C(=O)NC2CC(F)(F)C2)c2ccccc2Cl)c1,0,0.0,None,0,L01XX62,IVOSIDENIB
26,CHEMBL3990047,CNc1ncc(-c2ccc3c(=O)c(C(=O)O)cn(C4CC4)c3c2C)cc1C,0,0.0,None,0,D06AX14,OZENOXACIN
27,CHEMBL4065616,CCC(CC)COC(=O)C(C)NP(=O)(OCC1OC(C#N)(c2ccc3c(N)ncnn23)C(O)C1O)Oc1ccccc1,0,None,None,0,None,REMDESIVIR
28,CHEMBL403664,Cc1c(N)nc(C(CC(N)=O)NCC(N)C(N)=O)nc1C(=O)NC(C(=O)NC(C)C(O)C(C)C(=O)NC(C(=O)NCCc1nc(-c2nc(C(=O)NCCC[S+](C)C)cs2)cs1)C(C)O)C(OC1OC(CO)C(O)C(O)C1OC1OC(CO)C(O)C(OC(N)=O)C1O)c1c[nH]cn1,0,0.0,None,0,L01DC01,BLEOMYCIN
29,CHEMBL403741,Nc1ccc(N)cc1,0,None,None,0,None,CHEMBL403741
30,CHEMBL404,CC1(Cn2ccnn2)C(C(=O)O)N2C(=O)CC2S1(=O)=O,0,0.0,None,0,J01CG02,TAZOBACTAM
31,CHEMBL404422,CCCCC1(CC)C(=O)NC(=O)NC1=O,0,0.0,None,0,N05CA03,BUTETHAL
32,CHEMBL405110,CN(C)c1ccc2nc3ccc(N(C)C)cc3[s+]c2c1,0,None,None,0,None,METHYLTHIONINIUM CHLORIDE
33,CHEMBL406393,CC(CCC(=O)O)C1CCC2C3CCC4CC(O)CCC4(C)C3CC(O)C12C,0,0.0,None,0,D11AX24,DEOXYCHOLIC ACID
34,CHEMBL419,NCc1ccc(S(N)(=O)=O)cc1,0,0.0,None,0,D06BA03,MAFENIDE
35,CHEMBL421,O=C(O)c1cc(N=Nc2ccc(S(=O)(=O)Nc3ccccn3)cc2)ccc1O,0,0.0,None,0,A07EC01,SULFASALAZINE
36,CHEMBL439,Nc1ccc(S(=O)(=O)Nc2ncccn2)cc1,0,0.0,None,0,J01EC02,SULFADIAZINE
37,CHEMBL431,CCOC(=O)C(CCc1ccccc1)NC(C)C(=O)N1CC2(CC1C(=O)O)SCCS2,0,0.0,None,0,C09AA11,SPIRAPRIL
38,CHEMBL4297654,N=C(N)NC(=N)N,0,None,None,0,None,BIGUANIDE
39,CHEMBL429910,CCOc1ccc(Cc2cc(C3OC(CO)C(O)C(O)C3O)ccc2Cl)cc1,0,0.0,None,0,A10BK01,DAPAGLIFLOZIN
40,CHEMBL43,COc1cc(NS(C)(=O)=O)ccc1Nc1c2ccccc2nc2ccccc12,0,0.0,None,0,L01XX01,AMSACRINE
41,CHEMBL430,CON=C1CN(c2nc3c(cc2F)c(=O)c(C(=O)O)cn3C2CC2)CC1CN,0,0.0,None,0,J01MA15,GEMIFLOXACIN
42,CHEMBL43064,C(=Cc1ccccc1)CN1CCN(C(c2ccccc2)c2ccccc2)CC1,0,0.0,None,0,"N07CA02, N07CA52",CINNARIZINE
43,CHEMBL43068,CC(C)C(N)C(=O)O,0,None,None,0,None,VALINE
44,CHEMBL431770,CCn1c(=O)c2c(nc(C=Cc3ccc(OC)c(OC)c3)n2C)n(CC)c1=O,0,0.0,None,0,N04CX01,ISTRADEFYLLINE
45,CHEMBL4297597,COC1(C(=O)NC(C)c2ccc(-n3cc(F)cn3)nc2)CCC(c2nc(C)cc(Nc3cc(C)[nH]n3)n2)CC1,0,None,None,0,None,CHEMBL4297597
46,CHEMBL433,CCCC(CCC)C(=O)O,0,None,None,0,N03AG01,VALPROATE SODIUM
47,CHEMBL434,CC(C)NCC(O)c1ccc(O)c(O)c1,0,0.0,None,0,"C01CA02, R03AB02, R03CB01, R03CB51",ISOPROTERENOL
48,CHEMBL434394,OC(CNCC(O)C1CCc2cc(F)ccc2O1)C1CCc2cc(F)ccc2O1,0,0.0,None,0,C07AB12,NEBIVOLOL
49,CHEMBL43452,Nc1cccc2c1C(=O)N(C1CCC(=O)NC1=O)C2=O,0,0.0,None,0,L04AX06,POMALIDOMIDE
50,CHEMBL435,NS(=O)(=O)c1cc2c(cc1Cl)NCNS2(=O)=O,0,0.0,None,0,"C03AA03, C03AX01",HYDROCHLOROTHIAZIDE
51,CHEMBL437765,COC1C=COC2(C)Oc3c(C)c(O)c4c(O)c(cc(O)c4c3C2=O)NC(=O)C(C)=CC=CC(C)C(O)C(C)C(O)C(C)C(OC(C)=O)C1C,0,0.0,None,0,"A07AA13, D06AX15, J04AB03, S01AA16, S02AA12",RIFAMYCIN
52,CHEMBL4297620,NC(=O)OCC(N)Cc1ccccc1,0,0.0,None,0,N06BA14,SOLRIAMFETOL
53,CHEMBL4297528,Cc1cn2nc(-c3cc(=O)n4cc(N5CCNC6(CC6)C5)ccc4n3)cc(C)c2n1,0,0.0,None,0,M09AX10,RISDIPLAM
54,CHEMBL4216467,CCn1c(=O)c(-c2cc(NC(=O)Nc3ccccc3)c(F)cc2Br)cc2cnc(NC)cc21,0,0.0,None,0,L01EX19,RIPRETINIB
55,CHEMBL428880,O=C(O)c1cc(=O)c2c(OCC(O)COc3cccc4oc(C(=O)O)cc(=O)c34)cccc2o1,0,0.0,None,0,"A07EB01, D11AH03, R01AC01, R03BC01, S01GX01, R01AC51, S01GX51",CROMOLYN
56,CHEMBL422,CN1CCN(CCCN2c3ccccc3Sc3ccc(C(F)(F)F)cc32)CC1,0,0.0,None,0,N05AB06,TRIFLUOPERAZINE
57,CHEMBL424,C(=O)(c1c(O)cccc1)O,0,0.0,None,0,"D01AE12, S01BC08",SALICYLIC ACID
58,CHEMBL425,O=C(O)c1cc(N=Nc2ccc(O)c(C(=O)O)c2)ccc1O,0,0.0,None,0,A07EC03,OLSALAZINE
59,CHEMBL427,CN(CCCl)CCCl,0,0.0,None,0,L01AA05,MECHLORETHAMINE
60,CHEMBL42710,C=CCc1ccc(O)c(OC)c1,0,None,None,0,None,EUGENOL
61,CHEMBL427216,Cc1ccc(S(=O)(=O)NC(=O)NN2CC3CCCC3C2)cc1,0,0.0,None,0,A10BB09,GLICLAZIDE
62,CHEMBL4297065,CCC1CCCC(OC2CCC(N(C)C)C(C)O2)C(C)C(=O)C2=CC3C(C=CC4CC(OC5OC(C)C(OC)C(OC)C5OC)CC43)C2CC(=O)O1,0,None,None,0,None,SPINOSAD
63,CHEMBL4297526,COC(=O)CCC1N=C(c2ccccn2)c2cc(Br)ccc2-n2c(C)cnc21,0,0.0,None,0,N05CD14,REMIMAZOLAM
64,CHEMBL4297185,CC(Cn1ccc(-c2ccc(C#N)c(Cl)c2)n1)NC(=O)c1cc(C(C)O)[nH]n1,0,0.0,None,0,L02BB06,DAROLUTAMIDE
65,CHEMBL4297264,C1=Cc2ccccc2NN=C1,0,None,None,0,None,BENZODIAZEPINE
66,CHEMBL4297503,COC(=O)OCOc1c2n(ccc1=O)N(C1c3ccccc3SCc3c1ccc(F)c3F)C1COCCN1C2=O,0,0.0,None,0,J05AX25,BALOXAVIR MARBOXIL
67,CHEMBL4297512,O=CC(O)C(O)C(CO)OC1OC(CO)C(O)C(O)C1O,0,None,None,0,None,GAXILOSE
68,CHEMBL4297516,COc1ccc2[nH]c3c(c2c1)CCNC31CSC2c3c(OC(C)=O)c(C)c4c(c3C(COC1=O)N1C(O)C3Cc5cc(C)c(OC)c(O)c5C(C21)N3C)OCO4,0,0.0,None,0,L01XX69,LURBINECTEDIN
69,CHEMBL4297522,CCN1C(=O)N(c2c(F)c(OC)cc(OC)c2F)Cc2cnc3[nH]c(CN4CCOCC4)cc3c21,0,0.0,None,0,L01EX20,PEMIGATINIB
70,CHEMBL3989866,O=C(NCc1c(F)cc(F)cc1F)c1cn2c(c(O)c1=O)C(=O)N1C3CCC(C3)OC1C2,0,0.0,None,0,None,BICTEGRAVIR
71,CHEMBL3989529,C(=O)(O)CCCCCCCC=CCCCCCCCC,0,0.0,None,0,C05BB01,ETHANOLAMINE OLEATE
72,CHEMBL3989523,N=C(N)NCc1cccc([123I])c1,0,0.0,None,0,V09IX01,IOBENGUANE SULFATE I 123
73,CHEMBL354541,O=C(NC1CCN(CCCCC2(C(=O)NCC(F)(F)F)c3ccccc3-c3ccccc32)CC1)c1ccccc1-c1ccc(C(F)(F)F)cc1,0,0.0,None,0,C10AX12,LOMITAPIDE
74,CHEMBL3545185,O=C(C=Cn1cnc(-c2cc(C(F)(F)F)cc(C(F)(F)F)c2)n1)NNc1cnccn1,0,0.0,None,0,L01XX66,SELINEXOR
75,CHEMBL3545253,[18F]c1ccc(-c2ccc3c(c2)[nH]c2ccncc23)cn1,0,0.0,None,0,None,FLORTAUCIPIR F 18
76,CHEMBL3545311,COc1cc(N2CCC(N3CCN(C)CC3)CC2)ccc1Nc1ncc(Cl)c(Nc2ccccc2P(C)(C)=O)n1,0,0.0,None,0,L01ED04,BRIGATINIB
77,CHEMBL3545363,CC(C)(C)C1NC(=O)OC2CCCC2OCC=CC(F)(F)c2nc3ccccc3nc2OC2CC(C(=O)NC3(C(=O)NS(=O)(=O)C4(C)CC4)CC3C(F)F)N(C2)C1=O,0,0.0,None,0,None,GLECAPREVIR
78,CHEMBL3545367,Cc1ncc(OCC2(c3cccc(F)c3)CC2C(=O)Nc2ccc(F)cn2)c(C)n1,0,0.0,None,0,None,LEMBOREXANT
79,CHEMBL3545376,COc1cc(OC)cc(N(CCNC(C)C)c2ccc3ncc(-c4cnn(C)c4)nc3c2)c1,0,0.0,None,0,L01EX16,ERDAFITINIB
80,CHEMBL35505,NNc1nnc(NN)c2ccccc12,0,None,None,0,C02DB01,DIHYDRALAZINE
81,CHEMBL3545110,CN(C)C(=O)c1cc2cnc(Nc3ccc(N4CCNCC4)cn3)nc2n1C1CCCC1,0,0.0,None,0,L01EF02,RIBOCICLIB
82,CHEMBL3590187,CCC(=O)OC1(C(=O)CO)CCC2C3CCC4=CC(=O)CCC4(C)C3CCC21C,0,0.0,None,0,None,CLASCOTERONE
83,CHEMBL36,CCc1nc(N)nc(N)c1-c1ccc(Cl)cc1,0,0.0,None,0,"P01BD01, P01BD51",PYRIMETHAMINE
84,CHEMBL360328,CC1CNCCc2ccc(Cl)cc21,0,0.0,None,0,A08AA11,LORCASERIN
85,CHEMBL361497,CC1CCC2C(C)C(OC(=O)CCC(=O)O)OC3OC4(C)CCC1C32OO4,0,0.0,None,0,P01BE03,ARTESUNATE
86,CHEMBL3622821,CCC1CN(C(=O)NCC(F)(F)F)CC1c1cnc2cnc3[nH]ccc3n12,0,0.0,None,0,L04AA44,UPADACITINIB
87,CHEMBL367149,CCC=CCC=CCC=CCC=CCC=CCC=CCCC(=O)O,0,None,None,0,None,DOCONEXENT
88,CHEMBL3545184,CC(=O)NC(CSSCC(N)C(=O)O)C(=O)NC(C)C(=O)NC(CCCNC(=N)N)C(=O)NC(CCCNC(=N)N)C(=O)NC(CCCNC(=N)N)C(=O)NC(C)C(=O)NC(CCCNC(=N)N)C(N)=O,0,0.0,None,0,H05BX04,VELCALCETIDE
89,CHEMBL3545062,COCC1CC(c2ncc(-c3ccc4c(c3)COc3cc5c(ccc6nc(C7CCC(C)N7C(=O)C(NC(=O)OC)C(C)C)[nH]c65)cc3-4)[nH]2)N(C(=O)C(NC(=O)OC)c2ccccc2)C1,0,0.0,None,0,None,VELPATASVIR
90,CHEMBL3989517,COC(=O)C1C(c2ccc([123I])cc2)CC2CCC1N2CCCF,0,0.0,None,0,V09AB03,IOFLUPANE I 123
91,CHEMBL346331,CCC(=O)C(CCN(C)C)(c1ccccc1)c1ccccc1,0,None,None,0,R05DA06,NORMETHADONE
92,CHEMBL3400972,NC(Cc1cc(O)c(O)cc1[18F])C(=O)O,0,0.0,None,0,V09IX05,FLUORODOPA F 18
93,CHEMBL3414621,CCN(c1cc(-c2ccc(CN3CCOCC3)cc2)cc(C(=O)NCc2c(C)cc(C)[nH]c2=O)c1C)C1CCOCC1,0,0.0,None,0,None,TAZEMETOSTAT
94,CHEMBL34259,CN(Cc1cnc2nc(N)nc(N)c2n1)c1ccc(C(=O)NC(CCC(=O)O)C(=O)O)cc1,0,0.0,None,0,"L01BA01, L04AX03",METHOTREXATE
95,CHEMBL343448,CC=C1NC(=O)C2CSSCCC=CC(CC(=O)NC(C(C)C)C(=O)N2)OC(=O)C(C(C)C)NC1=O,0,0.0,None,0,L01XH02,ROMIDEPSIN
96,CHEMBL344159,Cc1ccccc1C(=O)Nc1ccc(C(=O)N2CCCC(O)c3cc(Cl)ccc32)c(C)c1,0,0.0,None,0,C03XA01,TOLVAPTAN
97,CHEMBL345714,Cc1cnc(C(=O)O)c[n+]1[O-],0,0.0,None,0,C10AD06,ACIPIMOX
98,CHEMBL346977,CC(CN1c2ccccc2Sc2ccc(S(=O)(=O)N(C)C)cc21)N(C)C,0,0.0,None,0,N02CX05,FONAZINE
99,CHEMBL3545057,CC(=O)OC1CC(OC2C(O)CC(OC3C(O)CC(OC4CCC5(C)C(CCC6C5CCC5(C)C(C7=CC(=O)OC7)CCC65O)C4)OC3C)OC2C)OC(C)C1O,0,0.0,None,0,C01AA01,ACETYLDIGITOXIN
100,CHEMBL349803,NS(=O)(=O)c1cc(C(=O)O)cc(N2CCCC2)c1Oc1ccccc1,0,0.0,None,0,C03CA03,PIRETANIDE
101,CHEMBL35,NS(=O)(=O)c1cc(C(=O)O)c(NCc2ccco2)cc1Cl,0,0.0,None,0,C03CA01,FUROSEMIDE
102,CHEMBL350221,NC(Cc1c[nH]c2ccc(O)cc12)C(=O)O,0,0.0,None,0,N06AX01,OXITRIPTAN
103,CHEMBL352531,O=[N+]([O-])c1ccc(-c2ccccc2)cc1,0,None,None,0,None,CHEMBL352531
104,CHEMBL354077,Nc1ccncc1N,0,0.0,None,0,N07XX05,AMIFAMPRIDINE
105,CHEMBL3544914,CC(C)(CO)c1cc2cc(NC(=O)C3(c4ccc5c(c4)OC(F)(F)O5)CC3)c(F)cc2n1CC(O)CO,0,0.0,None,0,None,TEZACAFTOR
106,CHEMBL370143,NCC1OC(OC2C(CO)OC(OC3C(O)C(N)CC(N)C3OC3OC(CO)C(O)C(O)C3N)C2O)C(N)C(O)C1O,0,0.0,None,0,A07AA06,PAROMOMYCIN
107,CHEMBL3707206,O=P(O)(O)OC(CO)CO,0,None,None,0,A12AA08,CALCIUM GLYCERYLPHOSPHATE
108,CHEMBL3707247,CC(C)Oc1ccc(-c2nc(-c3cccc4c3CCC4NCCO)no2)cc1C#N,0,0.0,None,0,L04AA38,OZANIMOD
109,CHEMBL3961037,CC(c1ccccc1)c1ccc(O)cc1O,0,None,None,0,None,CHEMBL3961037
110,CHEMBL38827,CCCCN(CCCC)CC(O)c1cc(Cl)cc2c1-c1ccc(Cl)cc1C2=Cc1ccc(Cl)cc1,0,0.0,None,0,None,LUMEFANTRINE
111,CHEMBL3889654,O=C(Nc1cnn2ccc(N3CCCC3c3cc(F)ccc3F)nc12)N1CCC(O)C1,0,0.0,None,0,L01EX12,LAROTRECTINIB
112,CHEMBL389621,CC12CCC(=O)C=C1CCC1C2C(O)CC2(C)C1CCC2(O)C(=O)CO,0,0.0,None,0,"A01AC03, A07EA02, C05AA01, D07AA02, D07XA01, H02AB09, S01BA02, S01CB03, S02BA01, R01AD60",HYDROCORTISONE
113,CHEMBL3936761,C=CC(=O)N1CCC(C2CCNc3c(C(N)=O)c(-c4ccc(Oc5ccccc5)cc4)nn32)CC1,0,0.0,None,0,L01EL03,ZANUBRUTINIB
114,CHEMBL395091,CNC1(c2ccccc2Cl)CCCCC1=O,0,0.0,None,0,"N01AX14, N06AX27",ESKETAMINE
115,CHEMBL395280,CC=C1C2C=C(C)CC1(N)c1ccc(=O)[nH]c1C2,0,None,None,0,None,CHEMBL395280
116,CHEMBL396416,NC(CSCC(=O)O)C(=O)O,0,0.0,None,0,R05CB03,CARBOCYSTEINE
117,CHEMBL3707313,CC(C)(C)c1cc(-c2cc(-c3ccc(C(=O)O)cc3)ccc2OCCO)ccc1N1CCCC1,0,0.0,None,0,D10AD06,TRIFAROTENE
118,CHEMBL396778,CC(NCc1ccc(OCc2cccc(F)c2)cc1)C(N)=O,0,0.0,None,0,N04BD03,SAFINAMIDE
119,CHEMBL397420,CC(=O)CC(c1ccc([N+](=O)[O-])cc1)c1c(O)c2ccccc2oc1=O,0,0.0,None,0,B01AA07,ACENOCOUMAROL
120,CHEMBL397976,O=C1CCC(C(=O)O)N1,0,None,None,0,None,PIDOLIC ACID
121,CHEMBL398435,CCCSc1nc(NC2CC2c2ccc(F)c(F)c2)c2nnn(C3CC(OCCO)C(O)C3O)c2n1,0,0.0,None,0,B01AC24,TICAGRELOR
122,CHEMBL398440,Cc1cc(O)cc(C)c1Cl,0,0.0,None,0,D08AE05,CHLOROXYLENOL
123,CHEMBL398880,CN(C)S(=O)(=O)c1ccc2c(c1)N(CCCN1CCC(CCO)CC1)c1ccccc1S2,0,None,None,0,N05AC04,PIPOTIAZINE
124,CHEMBL387675,CCCCCCCCCC(=O)NC(Cc1c[nH]c2ccccc12)C(=O)NC(CC(N)=O)C(=O)NC(CC(=O)O)C(=O)NC1C(=O)NCC(=O)NC(CCCN)C(=O)NC(CC(=O)O)C(=O)NC(C)C(=O)NC(CC(=O)O)C(=O)NCC(=O)NC(CO)C(=O)NC(C(C)CC(=O)O)C(=O)NC(CC(=O)c2ccccc2N)C(=O)OC1C,0,None,None,0,J01XX09,DAPTOMYCIN
125,CHEMBL386630,CC12CCC(=O)C=C1CCC1C2CCC2(C)C(O)CCC12,0,0.0,None,0,G03BA03,TESTOSTERONE
126,CHEMBL385517,N#CC1CC2CC2N1C(=O)C(N)C12CC3CC(CC(O)(C3)C1)C2,0,0.0,None,0,A10BH03,SAXAGLIPTIN
127,CHEMBL383634,COc1ccc2c(c1)C(=O)N(CCc1ccc(S(=O)(=O)NC(=O)NC3CCCCC3)cc1)C(=O)C2(C)C,0,0.0,None,0,A10BB08,GLIQUIDONE
128,CHEMBL3833319,CN(CCN1CCC(OC(=O)Nc2ccccc2-c2ccccc2)CC1)C(=O)c1ccc(CN2CCC(C(N)=O)CC2)cc1,0,0.0,None,0,R03BB08,REVEFENACIN
129,CHEMBL3813873,FC(F)(F)c1ccc(CNc2ccc(Cc3c[nH]c4ncc(Cl)cc34)cn2)cn1,0,0.0,None,0,L01EX15,PEXIDARTINIB
130,CHEMBL379845,COC(=O)c1cccnc1,0,0.0,None,0,"C04AC01, C10AD02",METHYL NICOTINATE
131,CHEMBL376488,COc1nc2ccc(Br)cc2cc1C(c1ccccc1)C(O)(CCN(C)C)c1cccc2ccccc12,0,0.0,None,0,J04AK05,BEDAQUILINE
132,CHEMBL376359,Cn1c(=O)cc(N2CCCC(N)C2)n(Cc2ccccc2C#N)c1=O,0,0.0,None,0,A10BH04,ALOGLIPTIN
133,CHEMBL374975,CC(=O)OC1CC2(C)C(CC(O)C3C4(C)CCC(O)C(C)C4CCC32C)C1=C(CCC=C(C)C)C(=O)O,0,0.0,None,0,"D06AX01, D09AA02, J01XC01, S01AA13",FUSIDIC ACID
134,CHEMBL374731,Cc1cn(C2CC(O)C(CO)O2)c(=O)[nH]c1=O,0,0.0,None,0,J05AF11,TELBIVUDINE
135,CHEMBL374478,COC1C=COC2(C)Oc3c(C)c(O)c4c(O)c(c(C=NN5CCN(C)CC5)c(O)c4c3C2=O)NC(=O)C(C)=CC=CC(C)C(O)C(C)C(O)C(C)C(OC(C)=O)C1C,0,0.0,None,0,J04AB02,RIFAMPIN
136,CHEMBL373742,N=C(N)NCCCC(NC(=O)C1CCCN1C(=O)C1CSSCC(N)C(=O)NC(Cc2ccc(O)cc2)C(=O)NC(Cc2ccccc2)C(=O)NC(CCC(N)=O)C(=O)NC(CC(N)=O)C(=O)N1)C(=O)NCC(N)=O,0,None,None,0,None,VASOPRESSIN
137,CHEMBL373081,CNCC1CCC(N)C(OC2C(N)CC(N)C(OC3OCC(C)(O)C(NC)C3O)C2O)O1,0,None,None,0,S01AA22,MICRONOMICIN
138,CHEMBL372795,CNC1C(OC2C(OC3C(O)C(O)C(NC(=N)N)C(O)C3NC(=N)N)OC(C)C2(O)C=O)OC(CO)C(O)C1O,0,0.0,None,0,"A07AA04, J01GA01, A07AA54",STREPTOMYCIN
139,CHEMBL370805,COC(=O)C1C(OC(=O)c2ccccc2)CC2CCC1N2C,0,0.0,None,0,"N01BC01, S02DA02, S01HA01, R02AD03",COCAINE
140,CHEMBL3707348,CC#CC(=O)N1CCCC1c1nc(-c2ccc(C(=O)Nc3ccccn3)cc2)c2c(N)nccn12,0,0.0,None,0,L01EL02,ACALABRUTINIB
141,CHEMBL438,Cc1ccnc(NS(=O)(=O)c2ccc(N)cc2)n1,0,0.0,None,0,"D06BA06, J01ED07",SULFAMERAZINE
142,CHEMBL439849,N#Cc1ccc2[nH]cc(CCCCN3CCN(c4ccc5oc(C(N)=O)cc5c4)CC3)c2c1,0,0.0,None,0,N06AX24,VILAZODONE
143,CHEMBL3353410,C=CC(=O)Nc1cc(Nc2nccc(-c3cn(C)c4ccccc34)n2)c(OC)cc1N(C)CCN(C)C,0,0.0,None,0,L01EB04,OSIMERTINIB
144,CHEMBL507674,CCN1CCN(C(=O)NC(C(=O)NC2C(=O)N3C(C(=O)O)=C(CSc4nnnn4C)CSC23)c2ccc(O)cc2)C(=O)C1=O,0,0.0,None,0,J01DD12,CEFOPERAZONE
145,CHEMBL503,CCC(C)C(=O)OC1CC(C)C=C2C=CC(C)C(CCC3CC(O)CC(=O)O3)C21,0,0.0,None,0,C10AA02,LOVASTATIN
146,CHEMBL504,C[S+](C)[O-],0,0.0,None,0,"G04BX13, M02AX03",DIMETHYL SULFOXIDE
147,CHEMBL504760,CC12CCC(CC1=O)C2(C)C,0,0.0,None,0,C01EB02,CAMPHOR
148,CHEMBL505,CN(C)CCC(c1ccc(Cl)cc1)c1ccccn1,0,0.0,None,0,"R06AB04, R06AB54",CHLORPHENIRAMINE
149,CHEMBL506,COc1cc(NC(C)CCCN)c2ncccc2c1,0,0.0,None,0,P01BA03,PRIMAQUINE
150,CHEMBL506110,CC1(C)SC2C(NC(=O)C(N)c3ccccc3)C(=O)N2C1C(=O)OCOC(=O)C1N2C(=O)CC2S(=O)(=O)C1(C)C,0,0.0,None,0,J01CR04,SULTAMICILLIN
151,CHEMBL507870,CCCCCCCCCCNCCNC1(C)CC(OC2C(Oc3c4cc5cc3Oc3ccc(cc3Cl)C(O)C3NC(=O)C(NC(=O)C5NC(=O)C(CC(N)=O)NC(=O)C(NC(=O)C(CC(C)C)NC)C(O)c5ccc(c(Cl)c5)O4)c4ccc(O)c(c4)-c4c(cc(O)c(CNCP(=O)(O)O)c4O)C(C(=O)O)NC3=O)OC(CO)C(O)C2O)OC(C)C1O,0,0.0,None,0,J01XA03,TELAVANCIN
152,CHEMBL502,COc1cc2c(cc1OC)C(=O)C(CC1CCN(Cc3ccccc3)CC1)C2,0,0.0,None,0,N06DA02,DONEPEZIL
153,CHEMBL508112,c1ccc2sc(SSc3nc4ccccc4s3)nc2c1,0,None,None,0,None,BENZOTHIAZYL DISULFIDE
154,CHEMBL508338,C(=O)(c1c(S[Hg]CC)cccc1)[O-],0,0.0,None,0,D08AK06,THIMEROSAL
155,CHEMBL509,Cc1ccc(Cl)c(Nc2ccccc2C(=O)O)c1Cl,0,0.0,None,0,"M01AG04, M02AA18",MECLOFENAMIC ACID
156,CHEMBL509282,C=CCC(C(=O)NC(N)=O)C(C)C,0,None,None,0,N05CM12,APRONAL
157,CHEMBL511,COc1ccc(CN(CCN(C)C)c2ccccn2)cc1,0,0.0,None,0,"D04AA02, R06AC01",PYRILAMINE
158,CHEMBL512351,COc1ccc(NC(=O)c2ccc(C(=N)N(C)C)cc2)c(C(=O)Nc2ccc(Cl)cn2)c1,0,0.0,None,0,B01AF04,BETRIXABAN
159,CHEMBL502835,COC(=O)c1ccc2c(c1)NC(=O)C2=C(Nc1ccc(N(C)C(=O)CN2CCN(C)CC2)cc1)c1ccccc1,0,0.0,None,0,L01EX09,NINTEDANIB
160,CHEMBL501849,COc1ccc2c(OC3CC4C(=O)NC5(C(=O)NS(=O)(=O)C6CC6)CC5C=CCCCCN(C)C(=O)C4C3)cc(-c3nc(C(C)C)cs3)nc2c1C,0,0.0,None,0,J05AP05,SIMEPREVIR
161,CHEMBL514,O=NN(CCCl)C(=O)NC1CCCCC1,0,0.0,None,0,L01AD02,LOMUSTINE
162,CHEMBL493982,CCOC(=O)NC1CCC2C(C1)CC1C(=O)OC(C)C1C2C=Cc1ccc(-c2cccc(F)c2)cn1,0,0.0,None,0,B01AC26,VORAPAXAR
163,CHEMBL49,O=C1CC2(CCCC2)CC(=O)N1CCCCN1CCN(c2ncccn2)CC1,0,0.0,None,0,N05BE01,BUSPIRONE
164,CHEMBL490,Fc1ccc(C2CCNCC2COc2ccc3c(c2)OCO3)cc1,0,0.0,None,0,N06AB05,PAROXETINE
165,CHEMBL49080,CC(C)(C)NCC(O)c1cc(Cl)c(N)c(Cl)c1,0,0.0,None,0,"R03AC14, R03CC13",CLENBUTEROL
166,CHEMBL491571,CC(O)C1C(=O)N2C(C(=O)O)=C(SC3CNC(CNS(N)(=O)=O)C3)C(C)C12,0,0.0,None,0,J01DH04,DORIPENEM
167,CHEMBL492,CCCN(CC)C(CC)C(=O)Nc1c(C)cccc1C,0,0.0,None,0,"N01BB07, N01BB57",ETIDOCAINE
168,CHEMBL493287,NC1C(O)OC(CO)C(O)C1O,0,0.0,None,0,M01AX05,GLUCOSAMINE
169,CHEMBL494753,CC12CCC3c4ccc(OS(=O)(=O)O)cc4CCC3C1CCC2=O,0,0.0,None,0,None,ESTRONE SULFURIC ACID
170,CHEMBL501174,CC(C)=CCCC(C)=CC=CC(C)=CC=CC(C)=CC=CC=C(C)C=CC=C(C)C=CC=C(C)CCC=C(C)C,0,None,None,0,None,LYCOPENE
171,CHEMBL495,CCCCCC(O)C=CC1C(O)CC(=O)C1CCCCCCC(=O)O,0,0.0,None,0,"C01EA01, G04BE01",ALPROSTADIL
172,CHEMBL497001,O=C1c2c(O)cccc2C(C2OC(CO)C(O)C(O)C2O)c2cc(CO)cc(O)c21,0,None,None,0,None,ALOIN
173,CHEMBL499808,CCC(C)CC(C)CCCCCCCCC(=O)NC1CC(O)C(NCCN)NC(=O)C2C(O)CCN2C(=O)C(C(O)CCN)NC(=O)C(C(O)C(O)c2ccc(O)cc2)NC(=O)C2CC(O)CN2C(=O)C(C(C)O)NC1=O,0,0.0,None,0,J02AX04,CASPOFUNGIN
174,CHEMBL500,CC(C)NCC(O)COc1cccc2[nH]ccc12,0,0.0,None,0,C07AA03,PINDOLOL
175,CHEMBL500576,Oc1cccc(-c2c3nc(c(-c4cccc(O)c4)c4ccc([nH]4)c(-c4cccc(O)c4)c4nc(c(-c5cccc(O)c5)c5ccc2[nH]5)CC4)C=C3)c1,0,None,None,0,None,CHEMBL500576
176,CHEMBL501122,CCON=C(C(=O)NC1C(=O)N2C(C(=O)[O-])=C(Sc3nc(-c4cc[n+](C)cc4)cs3)CSC12)c1nsc(NP(=O)(O)O)n1,0,0.0,None,0,J01DI02,CEFTAROLINE FOSAMIL
177,CHEMBL513,O=NN(CCCl)C(=O)NCCCl,0,0.0,None,0,L01AD01,CARMUSTINE
178,CHEMBL514446,CC(CCC(=O)O)C1CCC2C3C(=O)CC4CC(=O)CCC4(C)C3CC(=O)C12C,0,0.0,None,0,None,DEHYDROCHOLIC ACID
179,CHEMBL440,C=CCC1(C(C)CCC)C(=O)NC(=S)NC1=O,0,0.0,None,0,None,THIAMYLAL
180,CHEMBL542,Nc1ccc(C(=O)O)cc1,0,0.0,None,0,D02BA01,AMINOBENZOIC ACID
181,CHEMBL539,C(=O)(O)C,0,0.0,None,0,"G01AD02, S02AA10",ACETIC ACID
182,CHEMBL53904,OCCN1CCN(CCC=C2c3ccccc3Sc3ccc(Cl)cc32)CC1,0,None,None,0,"N05AF02, N05AF05",ZUCLOPENTHIXOL
183,CHEMBL539697,CCCCCCOC(=O)N=C(N)c1ccc(NCc2nc3cc(C(=O)N(CCC(=O)OCC)c4ccccn4)ccc3n2C)cc1,0,0.0,None,0,B01AE07,DABIGATRAN ETEXILATE
184,CHEMBL54,O=C(CCCN1CCC(O)(c2ccc(Cl)cc2)CC1)c1ccc(F)cc1,0,0.0,None,0,N05AD01,HALOPERIDOL
185,CHEMBL540445,C=C1C(=O)OC2C1CCC(C)=CCCC1(C)OC21,0,None,None,0,None,PARTHENOLIDE
186,CHEMBL541,C(=O)(c1ccccc1)O,0,0.0,None,0,None,BENZOIC ACID
187,CHEMBL549473,[O-][n+]1ccccc1SSc1cccc[n+]1[O-],0,None,None,0,None,DIPYRITHIONE
188,CHEMBL535,CCN(CC)CCNC(=O)c1c(C)[nH]c(C=C2C(=O)Nc3ccc(F)cc32)c1C,0,0.0,None,0,L01EX01,SUNITINIB
189,CHEMBL55,N=C(N)c1ccc(OCCCCCOc2ccc(C(=N)N)cc2)cc1,0,0.0,None,0,None,PENTAMIDINE
190,CHEMBL550348,O=C(O)c1ccc(-n2nc(-c3ccccc3O)nc2-c2ccccc2O)cc1,0,0.0,None,0,V03AC03,DEFERASIROX
191,CHEMBL551978,CCOc1ccc(C=C2NCCc3cc(OCC)c(OCC)cc32)cc1OCC,0,None,None,0,A03AD02,DROTAVERINE
192,CHEMBL552128,C=C1CCC2C(C=C(C)C(=O)C3(OC(C)=O)CC(C)C(OC(=O)c4ccccc4)C3C1OC(C)=O)C2(C)C,0,None,None,0,None,CHEMBL552128
193,CHEMBL553,C#Cc1cccc(Nc2ncnc3cc(OCCOC)c(OCCOC)cc23)c1,0,0.0,None,0,L01EB02,ERLOTINIB
194,CHEMBL553025,CCC1=CC2CN(C1)Cc1c([nH]c3ccccc13)C(C(=O)OC)(c1cc3c(cc1OC)N(C)C1C(O)(C(=O)OC)C(OC(C)=O)C4(CC)C=CCN5CCC31C54)C2,0,0.0,None,0,L01CA04,VINORELBINE
195,CHEMBL537,Oc1ccc(O)cc1,0,0.0,None,0,D11AX11,HYDROQUINONE
196,CHEMBL534,CN1CCC(=C2c3ccccc3CC(=O)c3sccc32)CC1,0,0.0,None,0,"R06AX17, S01GX08",KETOTIFEN
197,CHEMBL514800,CCOc1cc(C(CS(C)(=O)=O)N2C(=O)c3cccc(NC(C)=O)c3C2=O)ccc1OC,0,0.0,None,0,L04AA32,APREMILAST
198,CHEMBL521686,O=C(c1cc(Cc2n[nH]c(=O)c3ccccc23)ccc1F)N1CCN(C(=O)C2CC2)CC1,0,0.0,None,0,L01XK01,OLAPARIB
199,CHEMBL515,O=C(O)CCCc1ccc(N(CCCl)CCCl)cc1,0,0.0,None,0,L01AA02,CHLORAMBUCIL
200,CHEMBL515606,CCOC(=O)C(CCc1ccccc1)NC1CCCN2CCCC(C(=O)O)N2C1=O,0,0.0,None,0,C09AA08,CILAZAPRIL
201,CHEMBL516,CN1CCC(=C2c3ccccc3C=Cc3ccccc32)CC1,0,0.0,None,0,R06AX02,CYPROHEPTADINE
202,CHEMBL517,CC(C)N(CCC(C(N)=O)(c1ccccc1)c1ccccn1)C(C)C,0,0.0,None,0,C01BA03,DISOPYRAMIDE
203,CHEMBL517427,COC(=O)C1=C(C#N)NC(C)=C(C(=O)OC(C)C)C1c1cccc([N+](=O)[O-])c1,0,None,None,0,C08CA10,NILVADIPINE
204,CHEMBL520642,Nc1nc(C(=NO)C(=O)NC2C(=O)N3C(C(=O)O)=C(C=C4CCN(C5CCNC5)C4=O)CSC23)ns1,0,None,None,0,None,CEFTOBIPROLE
205,CHEMBL524,COc1ccc(OC)c(C(O)C(C)N)c1,0,0.0,None,0,C01CA10,METHOXAMINE
206,CHEMBL533,CCCCCCCN(CC)CCCC(O)c1ccc(NS(C)(=O)=O)cc1,0,0.0,None,0,C01BD05,IBUTILIDE
207,CHEMBL524004,C[N+]1(C)CCCC(OC(=O)C(O)(c2ccccc2)c2ccccc2)C1,0,0.0,None,0,A03AB12,MEPENZOLATE
208,CHEMBL52440,COc1ccc2c(c1)C13CCCCC1C(C2)N(C)CC3,0,0.0,None,0,"R05DA09, N07XX59",DEXTROMETHORPHAN
209,CHEMBL527,CN1C(C(=O)Nc2ccccn2)C(=O)c2ccccc2S1(=O)=O,0,0.0,None,0,"M01AC01, M02AA07, S01BC06",PIROXICAM
210,CHEMBL529,CCC1OC(=O)C(C)C(OC2CC(C)(OC)C(O)C(C)O2)C(C)C(OC2OC(C)CC(N(C)C)C2O)C(C)(O)CC(C)CN(C)C(C)C(O)C1(C)O,0,0.0,None,0,"J01FA10, S01AA26",AZITHROMYCIN
211,CHEMBL53,CN1CCc2cccc3c2C1Cc1ccc(O)c(O)c1-3,0,0.0,None,0,"G04BE07, N04BC07",APOMORPHINE
212,CHEMBL532,CCC1OC(=O)C(C)C(OC2CC(C)(OC)C(O)C(C)O2)C(C)C(OC2OC(C)CC(N(C)C)C2O)C(C)(O)CC(C)C(=O)C(C)C(O)C1(C)O,0,0.0,None,0,"D10AF02, J01FA01, S01AA17, D10AF52",ERYTHROMYCIN
213,CHEMBL489411,CCC(C)(C)c1ccc(CC(C)CN2CC(C)OC(C)C2)cc1,0,0.0,None,0,D01AE16,AMOROLFINE
214,CHEMBL487253,Cn1c(CCCC(=O)O)nc2cc(N(CCCl)CCCl)ccc21,0,0.0,None,0,L01AA09,BENDAMUSTINE
215,CHEMBL485,COc1ccc2c3c1OC1C(O)C=CC4C(C2)N(C)CCC341,0,0.0,None,0,"N02AA59, N02AA79, R05DA04",CODEINE
216,CHEMBL453,Cc1noc(NS(=O)(=O)c2ccc(N)cc2)c1C,0,0.0,None,0,"J01EB05, S01AB02",SULFISOXAZOLE
217,CHEMBL45029,CCC1(c2ccccc2)C(=O)NC(=O)N(C)C1=O,0,0.0,None,0,N03AA01,MEPHOBARBITAL
218,CHEMBL450449,COc1cc2c(cc1O)CCNC21CSC2c3c(OC(C)=O)c(C)c4c(c3C(COC1=O)N1C(O)C3Cc5cc(C)c(OC)c(O)c5C(C21)N3C)OCO4,0,0.0,None,0,L01CX01,TRABECTEDIN
219,CHEMBL450895,CC1C=CC=CCCC=CC=CC=CC=CC(OC2OC(C)C(O)C(N)C2O)CC2OC(O)(CC(O)C(O)CCC(O)CC(O)CC(O)CC(=O)OC(C)C(C)C1O)CC(O)C2C(=O)O,0,0.0,None,0,"A07AA02, D01AA01, G01AA01, G01AA51",NYSTATIN
220,CHEMBL451,CNC1=Nc2ccc(Cl)cc2C(c2ccccc2)=[N+]([O-])C1,0,0.0,None,0,N05BA02,CHLORDIAZEPOXIDE
221,CHEMBL452,O=C1CN=C(c2ccccc2Cl)c2cc([N+](=O)[O-])ccc2N1,0,0.0,None,0,N03AE01,CLONAZEPAM
222,CHEMBL452231,COc1cc(C2c3cc4c(cc3C(OC3OC5COC(c6cccs6)OC5C(O)C3O)C3COC(=O)C23)OCO4)cc(OC)c1O,0,0.0,None,0,L01CB02,TENIPOSIDE
223,CHEMBL453514,COC1C(O)CC(=O)OC(C)CC=CC=CC(OC2CCC(N(C)C)C(C)O2)C(C)CC(CC=O)C1OC1OC(C)C(OC2CC(C)(O)C(O)C(C)O2)C(N(C)C)C1O,0,0.0,None,0,J01FA02,SPIRAMYCIN
224,CHEMBL449,CCC(C)C1(CC)C(=O)NC(=O)NC1=O,0,0.0,None,0,None,BUTABARBITAL
225,CHEMBL454,C=CCC1(CC(C)C)C(=O)NC(=O)NC1=O,0,0.0,None,0,None,BUTALBITAL
226,CHEMBL454801,COC1=C(OC)C(=O)C(CC=C(C)CCC=C(C)CCC=C(C)CCC=C(C)CCC=C(C)CCC=C(C)CCC=C(C)CCC=C(C)CCC=C(C)CCC=C(C)C)=C(C)C1=O,0,None,None,0,C01EB09,UBIDECARENONE
227,CHEMBL455,CC(=O)NS(=O)(=O)c1ccc(N)cc1,0,0.0,None,0,"D10AF06, S01AB04",SULFACETAMIDE
228,CHEMBL4559134,COc1ccc(CN2C3CC2CN(c2ccc(-c4cc(OCC(C)(C)O)cn5ncc(C#N)c45)cn2)C3)cn1,0,0.0,None,0,None,SELPERCATINIB
229,CHEMBL455917,OC(O)C(Cl)(Cl)Cl,0,0.0,None,0,N05CC01,CHLORAL HYDRATE
230,CHEMBL456,C=C(CC)C(=O)c1ccc(OCC(=O)O)c(Cl)c1Cl,0,0.0,None,0,C03CC01,ETHACRYNIC ACID
231,CHEMBL449317,COc1ccc(C2CC(=O)c3c(O)cc(OC4OC(COC5OC(C)C(O)C(O)C5O)C(O)C(O)C4O)cc3O2)cc1O,0,None,None,0,None,HESPERIDIN
232,CHEMBL44884,CCC(CO)NCCNC(CC)CO,0,0.0,None,0,J04AK02,ETHAMBUTOL
233,CHEMBL484785,C(#N)c1ccc(Oc2cc3c(B(OC3)O)cc2)cc1,0,0.0,None,0,D11AH06,CRISABOROLE
234,CHEMBL44354,CC(C)(ON=C(C(=O)NC1C(=O)N2C(C(=O)[O-])=C(C[n+]3ccccc3)CSC12)c1csc(N)n1)C(=O)O,0,0.0,None,0,J01DD02,CEFTAZIDIME
235,CHEMBL441,CCCC(C)C1(CC)C(=O)NC(=S)NC1=O,0,0.0,None,0,"N01AF03, N05CA19",THIOPENTAL
236,CHEMBL441687,CC1(C(=O)O)CCC2(C)CCC3(C)C(=CC(=O)C4C5(C)CCC(OC6OC(C(=O)O)C(O)C(O)C6OC6OC(C(=O)O)C(O)C(O)C6O)C(C)(C)C5CCC43C)C2C1,0,None,None,0,A05BA08,GLYCYRRHIZIN
237,CHEMBL441920,CC(O)C(NC(=O)C1CSSCC(NC(=O)C(Cc2ccccc2)NC(=O)CN2CCN(CC(=O)O)CCN(CC(=O)O)CCN(CC(=O)O)CC2)C(=O)NC(Cc2ccc(O)cc2)C(=O)NC(Cc2c[nH]c3ccccc23)C(=O)NC(CCCCN)C(=O)NC(C(C)O)C(=O)N1)C(=O)O,0,None,None,0,None,CHEMBL441920
238,CHEMBL442,CN1CC(C(=O)NC2(C)OC3(O)C4CCCN4C(=O)C(Cc4ccccc4)N3C2=O)C=C2c3cccc4[nH]cc(c34)CC21,0,0.0,None,0,"G02AB02, N02CA02, N02CA72, N02CA52",ERGOTAMINE
239,CHEMBL443,Cc1cc(NS(=O)(=O)c2ccc(N)cc2)no1,0,0.0,None,0,J01EC01,SULFAMETHOXAZOLE
240,CHEMBL443052,Fc1cc2c(B(OC2)O)cc1,0,0.0,None,0,D01AE24,TAVABOROLE
241,CHEMBL443605,CCCCCCc1ccc(O)cc1O,0,0.0,None,0,R02AA12,HEXYLRESORCINOL
242,CHEMBL446143,NCCCC(N)C(=O)O,0,None,None,0,None,ORNITHINE
243,CHEMBL444176,FC(F)CC(F)(F)F,0,None,None,0,None,CHEMBL444176
244,CHEMBL444633,COC1C=COC2(C)Oc3c(C)c(O)c4c(c3C2=O)C2=NC3(CCN(CC(C)C)CC3)NC2=C(NC(=O)C(C)=CC=CC(C)C(O)C(C)C(O)C(C)C(OC(C)=O)C1C)C4=O,0,0.0,None,0,J04AB04,RIFABUTIN
245,CHEMBL445,CNCCC=C1c2ccccc2CCc2ccccc21,0,0.0,None,0,N06AA10,NORTRIPTYLINE
246,CHEMBL445001,CC(C(O)c1ccccc1)N(C)C,0,None,None,0,None,CHEMBL445001
247,CHEMBL446,Cc1cc(C)nc(NS(=O)(=O)c2ccc(N)cc2)n1,0,0.0,None,0,J01EB03,SULFAMETHAZINE
248,CHEMBL446061,N(CCO)(CCO)CCO,0,0.0,None,0,D03AX12,TROLAMINE
249,CHEMBL457547,CCCCCOc1ccc(-c2cc(-c3ccc(C(=O)NC4CC(O)C(O)NC(=O)C5C(O)C(C)CN5C(=O)C(C(O)CC(N)=O)NC(=O)C(C(O)C(O)c5ccc(O)c(OS(=O)(=O)O)c5)NC(=O)C5CC(O)CN5C(=O)C(C(C)O)NC4=O)cc3)no2)cc1,0,0.0,None,0,J02AX05,MICAFUNGIN
250,CHEMBL459,CC(N)(Cc1ccc(O)c(O)c1)C(=O)O,0,0.0,None,0,C02AB01,METHYLDOPA
251,CHEMBL459008,CCCCOC(=O)c1ccc(O)cc1,0,None,None,0,None,BUTYLPARABEN
252,CHEMBL473417,CS(=O)(=O)c1ccc(C(=O)Nc2ccc(Cl)c(-c3ccccn3)c2)c(Cl)c1,0,0.0,None,0,L01XJ01,VISMODEGIB
253,CHEMBL466659,O=[N+]([O-])OCC(CO[N+](=O)[O-])(CO[N+](=O)[O-])CO[N+](=O)[O-],0,0.0,None,0,"A06AD14, C01DA05, C01DA55",PENTAERYTHRITOL TETRANITRATE
254,CHEMBL467,NC(=O)NO,0,0.0,None,0,L01XX05,HYDROXYUREA
255,CHEMBL46740,Cc1c(-c2ccc(O)cc2)n(Cc2ccc(OCCN3CCCCCC3)cc2)c2ccc(O)cc12,0,0.0,None,0,G03XC02,BAZEDOXIFENE
256,CHEMBL471,CC(C)NCC(O)c1ccc(NS(C)(=O)=O)cc1,0,0.0,None,0,C07AA07,SOTALOL
257,CHEMBL471737,COc1cc2c(cc1OC)CC(=O)N(CCCN(C)CC1Cc3cc(OC)c(OC)cc31)CC2,0,0.0,None,0,C01EB17,IVABRADINE
258,CHEMBL472,COc1ccc(Cl)cc1C(=O)NCCc1ccc(S(=O)(=O)NC(=O)NC2CCCCC2)cc1,0,0.0,None,0,A10BB01,GLYBURIDE
259,CHEMBL474579,COC1(NC(=O)C2SC(=C(C(N)=O)C(=O)O)S2)C(=O)N2C(C(=O)O)=C(CSc3nnnn3C)CSC21,0,0.0,None,0,J01DC05,CEFOTETAN
260,CHEMBL459265,CN(C)c1ccc(C(=C2C=CC(=[N+](C)C)C=C2)c2ccc(N(C)C)cc2)cc1,0,0.0,None,0,None,HEXAMETHYL PARAROSANILINE
261,CHEMBL475534,CCOC(=O)C1=C(C)NC(C)=C(C(=O)OC)C1c1cccc([N+](=O)[O-])c1,0,0.0,None,0,C08CA08,NITRENDIPINE
262,CHEMBL477772,Cc1ccc(Nc2nccc(N(C)c3ccc4c(C)n(C)nc4c3)n2)cc1S(N)(=O)=O,0,0.0,None,0,L01EX03,PAZOPANIB
263,CHEMBL480,Cc1c(OCC(F)(F)F)ccnc1C[S+]([O-])c1nc2ccccc2[nH]1,0,0.0,None,0,"A02BC03, A02BC53",LANSOPRAZOLE
264,CHEMBL481,CCc1c2c(nc3ccc(OC(=O)N4CCC(N5CCCCC5)CC4)cc13)-c1cc3c(c(=O)n1C2)COC(=O)C3(O)CC,0,0.0,None,0,L01CE02,IRINOTECAN
265,CHEMBL482581,O=c1ccc2cc(OC3OC(CO)C(O)C(O)C3O)c(O)cc2o1,0,None,None,0,None,ESCULIN
266,CHEMBL48449,CC12C(=O)OC(=O)C1(C)C1CCC2O1,0,0.0,None,0,None,CANTHARIDIN
267,CHEMBL46516,O=C1NCN(c2ccccc2)C12CCN(CCCC(c1ccc(F)cc1)c1ccc(F)cc1)CC2,0,0.0,None,0,N05AG01,FLUSPIRILENE
268,CHEMBL465026,CN1CCOC(c2ccccc2)c2ccccc2C1,0,0.0,None,0,N02BG06,NEFOPAM
269,CHEMBL465,CCCCCc1cc(O)c2c(c1)OC(C)(C)C1CCC(C)=CC21,0,0.0,None,0,A04AD10,DRONABINOL
270,CHEMBL464982,CCCCCC=CCC=CCC=CCCCCC(=O)O,0,0.0,None,0,"D11AX02, D11AX52",GAMOLENIC ACID
271,CHEMBL46469,O=C1c2c(O)cccc2Cc2cccc(O)c21,0,0.0,None,0,"D05AC01, D05AC51",ANTHRALIN
272,CHEMBL464345,C(=O)(C(C(C(C(O)CO)O)O)O)O,0,None,None,0,None,GLUCONIC ACID
273,CHEMBL46403,C(=O)(O)CCCCCCCCCCCCCCCCC,0,None,None,0,None,STEARIC ACID
274,CHEMBL463,Nc1ccc(C(=O)NCC(=O)O)cc1,0,0.0,None,0,V04CH30,AMINOHIPPURIC ACID
275,CHEMBL462605,Clc1ccc(CCCOCCCN2CCCCC2)cc1,0,0.0,None,0,N07XX11,PITOLISANT
276,CHEMBL461101,CC1=NN(c2ccc(C)c(C)c2)C(=O)C1=NNc1cccc(-c2cccc(C(=O)O)c2)c1O,0,0.0,None,0,B02BX05,ELTROMBOPAG
277,CHEMBL46058,CCCl,0,0.0,None,0,N01BX01,ETHYL CHLORIDE
278,CHEMBL460291,CCOC(=O)C1=C(C)NC(C)=C(C(=O)OCC)C1c1ccccc1C=CC(=O)OC(C)(C)C,0,0.0,None,0,C08CA09,LACIDIPINE
279,CHEMBL460282,CS(=O)(=O)OCC(O)C(O)C(O)C(O)COS(C)(=O)=O,0,None,None,0,L01AB03,MANNOSULFAN
280,CHEMBL460026,CCC=CCC=CCC=CCC=CCC=CCCCC(=O)O,0,None,None,0,None,ICOSAPENT
281,CHEMBL460,CCc1c(C)[nH]c2c1C(=O)C(CN1CCOCC1)CC2,0,0.0,None,0,N05AE02,MOLINDONE
282,CHEMBL46,Cc1nccn1CC1CCc2c(c3ccccc3n2C)C1=O,0,0.0,None,0,A04AA01,ONDANSETRON
283,CHEMBL4594250,Cc1ccc(C(=O)OCc2ccc(C(CN)C(=O)Nc3ccc4cnccc4c3)cc2)c(C)c1,0,0.0,None,0,S01EX05,NETARSUDIL
284,CHEMBL339427,COc1cc2c3cc1Oc1cc(ccc1O)CC1c4c(cc(OC)c(O)c4Oc4ccc(cc4)CC3N(C)CC2)CC[N+]1(C)C,0,0.0,None,0,M03AA02,TUBOCURARINE
285,CHEMBL334966,CSCCNc1nc(SCCC(F)(F)F)nc2c1ncn2C1OC(COP(=O)(O)OP(=O)(O)C(Cl)(Cl)P(=O)(O)O)C(O)C1O,0,0.0,None,0,B01AC25,CANGRELOR
286,CHEMBL55400,Nc1ccc2cc3ccc(N)cc3nc2c1,0,0.0,None,0,None,PROFLAVINE
287,CHEMBL2205807,Cc1ccc(-c2ccc(C)cn2)nc1,0,0.0,None,0,None,ABAMETAPIR
288,CHEMBL2146883,O=C(c1ccc(F)c(F)c1Nc1ccc(I)cc1F)N1CC(O)(C2CCCCN2)C1,0,0.0,None,0,L01EE02,COBIMETINIB
289,CHEMBL2159122,COc1ccc(CN(C(=O)C(N)Cc2c(C)cc(C(N)=O)cc2C)C(C)c2nc(-c3ccccc3)c[nH]2)cc1C(=O)O,0,0.0,None,0,A07DA06,ELUXADOLINE
290,CHEMBL2178422,NC1c2cccnc2C(OC(=O)N2CCC(n3c(=O)[nH]c4ncccc43)CC2)CCC1c1cccc(F)c1F,0,0.0,None,0,None,RIMEGEPANT
291,CHEMBL218490,CCNC1CC(C)S(=O)(=O)c2sc(S(N)(=O)=O)cc21,0,0.0,None,0,S01EC03,DORZOLAMIDE
292,CHEMBL218650,CC1(COc2ccc(N3CCC(Oc4ccc(OC(F)(F)F)cc4)CC3)cc2)Cn2cc([N+](=O)[O-])nc2O1,0,0.0,None,0,J04AK06,DELAMANID
293,CHEMBL22,COc1cc(Cc2cnc(N)nc2N)cc(OC)c1OC,0,0.0,None,0,J01EA01,TRIMETHOPRIM
294,CHEMBL22097,CN1C(=O)C(O)N=C(c2ccccc2Cl)c2cc(Cl)ccc21,0,0.0,None,0,N05CD06,LORMETAZEPAM
295,CHEMBL2135887,CC=Cc1ccc(O)c(OC)c1,0,None,None,0,None,CIS/TRANS-ISOEUGENOL
296,CHEMBL22108,CC(C1=C(CCN(C)C)Cc2ccccc21)c1ccccn1,0,0.0,None,0,"D04AA13, R06AB03",DIMETHINDENE
297,CHEMBL22150,CN1CCN(C(c2ccccc2)c2ccc(Cl)cc2)CC1,0,None,None,0,R06AE04,CHLORCYCLIZINE
298,CHEMBL221572,NCC1OC(OC2C(N)CC(N)C(O)C2OC2OC(CO)C(O)C2O)C(N)C(O)C1O,0,None,None,0,J01GB10,RIBOSTAMYCIN
299,CHEMBL2216870,CCC(Nc1ncnc2[nH]cnc12)c1nc2cccc(F)c2c(=O)n1-c1ccccc1,0,0.0,None,0,L01EM01,IDELALISIB
300,CHEMBL221722,NC(=O)c1nc(F)c[nH]c1=O,0,None,None,0,J05AX27,FAVIPIRAVIR
301,CHEMBL2218885,C=Cc1c(C)c2cc3nc(cc4[nH]c(cc5nc(cc1[nH]2)C(C)=C5CCC(=O)O)c(CCC(=O)OC)c4C)C1(C)C3=CC=C(C(=O)OC)C1C(=O)OC,0,None,None,0,S01LA01,VERTEPORFIN
302,CHEMBL2141296,B(C(NC(=O)CNC(=O)c1c(Cl)ccc(Cl)c1)CC(C)C)(O)O,0,0.0,None,0,L01XG03,IXAZOMIB
303,CHEMBL2111112,COc1ccc(CCOC2CCCCC2N2CCC(O)C2)cc1OC,0,0.0,None,0,C01BG11,VERNAKALANT
304,CHEMBL2218904,FC(F)(F)c1cccc(N2CCN(CCc3nnc4n3CC3CCCC43)CC2)c1,0,None,None,0,None,LORPIPRAZOLE
305,CHEMBL2107834,COC(=O)N(C)c1c(N)nc(-c2nn(Cc3ccccc3F)c3ncccc23)nc1N,0,0.0,None,0,C02KX05,RIOCIGUAT
306,CHEMBL2107553,O=C1NOCC1N=Cc1ccc(C=NC2CONC2=O)cc1,0,None,None,0,J04AK03,TERIZIDONE
307,CHEMBL2107583,O=[N+]([O-])OCC(O[N+](=O)[O-])C(CO[N+](=O)[O-])O[N+](=O)[O-],0,None,None,0,"C01DA13, C01DA63",ERYTHRITYL TETRANITRATE
308,CHEMBL2107781,C(=O)([O-])C(C(C(=O)[O-])O)O,0,None,None,0,A06AD21,SODIUM TARTRATE
309,CHEMBL2107825,CC(C)OC(=O)C(C)NP(=O)(COC(C)Cn1cnc2c(N)ncnc21)Oc1ccccc1,0,0.0,None,0,J05AF13,TENOFOVIR ALAFENAMIDE
310,CHEMBL2107830,OCC1OC(c2ccc(Cl)c(Cc3ccc(OC4CCOC4)cc3)c2)C(O)C(O)C1O,0,0.0,None,0,A10BK03,EMPAGLIFLOZIN
311,CHEMBL2107831,CCCCCCOC(C)c1cccc(-c2csc(NC(=O)c3cc(Cl)c(C=C(C)C(=O)O)c(Cl)c3)n2)c1OC,0,0.0,None,0,B02BX07,LUSUTROMBOPAG
312,CHEMBL2109076,CC(O)COCC1OC(OC2C(COCC(C)O)OC(OCC(C)O)C(OCC(C)O)C2OCC(C)O)C(OCC(C)O)C(OCC(C)O)C1OCC(C)O,0,None,None,0,None,HYDROXYETHYL CELLULOSE
313,CHEMBL2111107,O=C(O)CCSCC1OC2OC3C(CSCCC(=O)O)OC(OC4C(CSCCC(=O)O)OC(OC5C(CSCCC(=O)O)OC(OC6C(CSCCC(=O)O)OC(OC7C(CSCCC(=O)O)OC(OC8C(CSCCC(=O)O)OC(OC9C(CSCCC(=O)O)OC(OC1C(O)C2O)C(O)C9O)C(O)C8O)C(O)C7O)C(O)C6O)C(O)C5O)C(O)C4O)C(O)C3O,0,None,None,0,V03AB35,SUGAMMADEX
314,CHEMBL2110563,C(#N)[Co+]N1C2=C(C3C(C(C(N=3)=CC4C(C(C(=C(C5C(C(C(C1(C(C2CCC(=O)N)(CC(=O)N)C)C)N=5)CC(=O)N)(CCC(=O)NCC(OP(=O)(OC6C(O)C(n7c8c(nc7)cc(c(c8)C)C)OC6CO)[O-])C)C)C)N=4)CCC(=O)N)(C)C)CCC(=O)N)(CC(=O)N)C)C,0,0.0,None,0,"B03BA51, B03BA01",CYANOCOBALAMIN
315,CHEMBL2110588,CCCCCCCC(=O)NC(CN1CCCC1)C(O)c1ccc2c(c1)OCCO2,0,0.0,None,0,A16AX10,ELIGLUSTAT
316,CHEMBL2110732,COc1cc2ncnc(Nc3ccc(F)c(Cl)c3)c2cc1NC(=O)C=CCN1CCCCC1,0,0.0,None,0,L01EB07,DACOMITINIB
317,CHEMBL2110926,CCN(C)C(C)C(O)c1ccccc1,0,0.0,None,0,None,ETAFEDRINE
318,CHEMBL1177,NC1=NC(=O)C(c2ccccc2)O1,1,1.0,1.0,1,N06BA05,PEMOLINE
319,CHEMBL2111101,CC(C)COc1ccc(CNC(=O)N(Cc2ccc(F)cc2)C2CCN(C)CC2)cc1,0,0.0,None,0,N05AX17,PIMAVANSERIN
320,CHEMBL2218896,CCCCCCC(C)(C)c1cc(O)c2c(c1)OC(C)(C)C1CCC(=O)CC21,0,0.0,None,0,A04AD11,NABILONE
321,CHEMBL2219418,C=CCN1CCC23c4c5ccc(O)c4OC2C(OCCOCCOCCOCCOCCOCCOCCOC)CCC3(O)C1C5,0,0.0,None,0,A06AH03,NALOXEGOL
322,CHEMBL2373108,CCCCN(CCCC)C(=S)S,0,None,None,0,None,CHEMBL2373108
323,CHEMBL235668,N=C1CCCN1Cc1[nH]c(=O)[nH]c(=O)c1Cl,0,0.0,None,0,None,TIPIRACIL
324,CHEMBL231884,COc1ccc(-c2cc(=O)c3c(O)cc(OC4OC(COC5OC(C)C(O)C(O)C5O)C(O)C(O)C4O)cc3o2)cc1O,0,0.0,None,0,"C05CA03, C05CA53",DIOSMIN
325,CHEMBL232202,OCC1OC(Oc2ccc(O)cc2)C(O)C(O)C1O,0,None,None,0,None,ARBUTIN
326,CHEMBL2336071,CCc1cc(C(C)=NOCc2ccc(C3CCCCC3)c(C(F)(F)F)c2)ccc1CN1CC(C(=O)O)C1,0,0.0,None,0,L04AA42,SIPONIMOD
327,CHEMBL23393,CCCCCCCCCCCCOC(=O)CS(=O)(=O)O,0,None,None,0,None,SODIUM LAURYL SULFATE
328,CHEMBL2355051,CCN(CC)CCOc1ccc(C(=C(Cl)c2ccccc2)c2ccccc2)cc1,0,0.0,None,0,G03GB02,CLOMIPHENE
329,CHEMBL2356023,CC1CCC(O)CC1=CC=C1CCCC2(C)C1CCC2C(C)C=CC(C)C(C)C,0,0.0,None,0,A11CC02,DIHYDROTACHYSTEROL
330,CHEMBL2357792,CCC1C2CC3C4N(C)c5ccccc5C45CC(C2C5O)N3C1O,0,None,None,0,C01BA05,CHEMBL2357792
331,CHEMBL231068,O=c1[nH]c2ccccc2n1CCN1CCN(c2cccc(C(F)(F)F)c2)CC1,0,0.0,None,0,G02CX02,FLIBANSERIN
332,CHEMBL23588,O=C(O)c1ccccc1Nc1cccc(C(F)(F)F)c1,0,0.0,None,0,M01AG03,FLUFENAMIC ACID
333,CHEMBL2359248,CC(C=CC=C(C)C=CC1=C(C)CC(O)CC1(C)C)=CC=CC=C(C)C=CC=C(C)C=CC1=C(C)CC(O)CC1(C)C,0,None,None,0,None,ZEAXANTHIN
334,CHEMBL2364608,Cn1c(Cn2ccc(C(F)(F)F)c(Oc3cc(Cl)cc(C#N)c3)c2=O)n[nH]c1=O,0,0.0,None,0,J05AG06,DORAVIRINE
335,CHEMBL2364612,O=C(CCCC=CCC1C(O)CC(O)C1CCC(O)CCc1ccccc1)OCCCCO[N+](=O)[O-],0,0.0,None,0,S01EE06,LATANOPROSTENE BUNOD
336,CHEMBL2364632,CON(C)Cc1ccc(O)c2c1CC1CC3C(N(C)C)C(=O)C(C(N)=O)C(=O)C3(O)C(=O)C1C2=O,0,0.0,None,0,J01AA14,SARECYCLINE
337,CHEMBL2364639,COc1cc2c(cc1OC)C1CC(OC(=O)C(N)C(C)C)C(CC(C)C)CN1CC2,0,0.0,None,0,N07XX13,VALBENAZINE
338,CHEMBL231779,COc1ccc(-n2nc(C(N)=O)c3c2C(=O)N(c2ccc(N4CCCCC4=O)cc2)CC3)cc1,0,0.0,None,0,B01AF02,APIXABAN
339,CHEMBL2308885,CC1CC2C3CCC4=CC(=O)C=CC4(C)C3(F)C(=O)CC2(C)C1(O)C(=O)CCl,0,0.0,None,0,"S01BA09, D07AB01",CLOBETASONE BUTYRATE
340,CHEMBL2219425,CCCCCCCCCCCC(=O)OCN1C(=O)CCc2ccc(OCCCCN3CCN(c4cccc(Cl)c4Cl)CC3)cc21,0,0.0,None,0,N05AX12,ARIPIPRAZOLE LAUROXIL
341,CHEMBL224867,CC(CCC(=O)NCCS(=O)(=O)O)C1CCC2C3C(O)CC4CC(O)CCC4(C)C3CC(O)C12C,0,None,None,0,None,TAUROCHOLIC ACID
342,CHEMBL2220442,CC(C)n1c(C=CC(O)CC(O)CC(=O)O)c(-c2ccc(F)cc2)c2ccccc21,0,0.0,None,0,C10AA04,FLUVASTATIN
343,CHEMBL222645,Cc1onc(-c2c(F)cccc2Cl)c1C(=O)NC1C(=O)N2C1SC(C)(C)C2C(=O)O,0,0.0,None,0,J01CF05,FLOXACILLIN
344,CHEMBL222813,CC(=O)NC1C(N=C(N)N)C=C(C(=O)O)OC1C(O)C(O)CO,0,0.0,None,0,J05AH01,ZANAMIVIR
345,CHEMBL222863,CC1OC(OC2CC(O)C3(CO)C4C(O)CC5(C)C(C6=CC(=O)OC6)CCC5(O)C4CCC3(O)C2)C(O)C(O)C1O,0,0.0,None,0,C01AC01,OUABAIN
346,CHEMBL223228,O=C1Nc2ccc(Cl)cc2C(C#CC2CC2)(C(F)(F)F)O1,0,0.0,None,0,J05AG03,EFAVIRENZ
347,CHEMBL224325,Cc1ccc2c(Cl)cc(Cl)c(O)c2n1,0,0.0,None,0,"D08AH02, G01AC03, P01AA04, R02AA11",CHLORQUINALDOL
348,CHEMBL225071,Cc1nc2ccc(CN(C)c3ccc(C(=O)NC(CCC(=O)O)C(=O)O)s3)cc2c(=O)[nH]1,0,0.0,None,0,L01BA03,RALTITREXED
349,CHEMBL2304327,CCC(C)CCCCC(=O)NC(CCNCS(=O)(=O)O)C(=O)NC(C(=O)NC(CCNCS(=O)(=O)O)C(=O)NC1CCNC(=O)C(C(C)O)NC(=O)C(CCNCS(=O)(=O)O)NC(=O)C(CCNCS(=O)(=O)O)NC(=O)C(CC(C)C)NC(=O)C(CC(C)C)NC(=O)C(CCNCS(=O)(=O)O)NC1=O)C(C)O,0,None,None,0,None,COLISTIMETHATE
350,CHEMBL226267,COc1ccc(-c2sc3cc(O)ccc3c2Oc2ccc(OCCN3CCCCC3)cc2)cc1,0,None,None,0,None,ARZOXIFENE
351,CHEMBL226345,Nc1ncnc2nc[nH]c12,0,None,None,0,None,ADENINE
352,CHEMBL227875,O=[N+]([O-])c1cn2c(n1)OCC(OCc1ccc(OC(F)(F)F)cc1)C2,0,0.0,None,0,J04AK08,PRETOMANID
353,CHEMBL228792,c1coc(CNc2ncnc3nc[nH]c23)c1,0,None,None,0,None,KINETIN
354,CHEMBL229128,Cc1ccccc1OCC(O)CO,0,0.0,None,0,M03BX06,MEPHENESIN
355,CHEMBL2303634,CC1NC(=O)C(N)CNC(=O)C(C2CCN=C(N)N2)NC(=O)C(=CNC(N)=O)NC(=O)C(CNC(=O)CC(N)CCCN)NC1=O,0,None,None,0,None,CHEMBL2303634
356,CHEMBL2107485,CN(C)CCN(Cc1ccsc1)c1ccccn1,0,None,None,0,None,THENYLDIAMINE
357,CHEMBL2107389,CCCCCC(=O)OC1(C(C)=O)CCC2C3CCC4=CC(=O)CCC4C3CCC21C,0,0.0,None,0,"G03DA01, L02AB03",GESTONORONE CAPROATE
358,CHEMBL2107381,CC(=O)OCC1OC(n2ccc(=O)[nH]c2=O)C(OC(C)=O)C1OC(C)=O,0,0.0,None,0,A16AX13,URIDINE TRIACETATE
359,CHEMBL2103822,CCC(=O)NCC1CC1c1cccc2c1CCO2,0,0.0,None,0,N05CH03,TASIMELTEON
360,CHEMBL20835,CC(=O)OC1CN2CCC1CC2,0,None,None,0,"S01EB08, S01EB58",ACECLIDINE
361,CHEMBL20883,O=c1[nH]c(=O)n(C2CCCO2)cc1F,0,0.0,None,0,"L01BC03, L01BC53",TEGAFUR
362,CHEMBL2095208,CC(C)c1nc(CN(C)C(=O)NC(CCN2CCOCC2)C(=O)NC(CCC(Cc2ccccc2)NC(=O)OCc2cncs2)Cc2ccccc2)cs1,0,0.0,None,0,V03AX03,COBICISTAT
363,CHEMBL2095209,CCC=CCC=CCC=CCC=CCC=CCCCC(=O)OCC,0,0.0,None,0,None,ICOSAPENT ETHYL
364,CHEMBL21,Nc1ccc(S(N)(=O)=O)cc1,0,0.0,None,0,"D06BA05, J01EB06",SULFANILAMIDE
365,CHEMBL2103774,C#CC1(O)CCC2C3C(C)CC4=C(CCC(=O)C4)C3CCC21C,0,0.0,None,0,G03CX01,TIBOLONE
366,CHEMBL2103827,NC(C(=O)O)C(O)c1ccc(O)c(O)c1,0,0.0,None,0,C01CA27,DROXIDOPA
367,CHEMBL207538,CC(=O)C1CCC2C3CCC4CC(O)CCC4(C)C3CCC12C,0,0.0,None,0,None,BREXANOLONE
368,CHEMBL2103830,COc1cc(Nc2ncc(F)c(Nc3ccc4c(n3)N(COP(=O)(O)O)C(=O)C(C)(C)O4)n2)cc(OC)c1OC,0,0.0,None,0,B02BX09,FOSTAMATINIB
369,CHEMBL2103849,CCCOc1ccc(S(=O)(=O)NCCC2CCCN2C)cc1-c1nc2c(CCC)nn(C)c2c(=O)[nH]1,0,None,None,0,G04BE11,UDENAFIL
370,CHEMBL2103870,Cc1ccc(NC(=O)C2(c3ccc4c(c3)OC(F)(F)O4)CC2)nc1-c1cccc(C(=O)O)c1,0,0.0,None,0,None,LUMACAFTOR
371,CHEMBL2103872,Cn1c(N)c(NC(=O)NCCN)c[n+]1CC1=C(C(=O)[O-])N2C(=O)C(NC(=O)C(=NOC(C)(C)C(=O)O)c3nsc(N)n3)C2SC1,0,0.0,None,0,None,CEFTOLOZANE
372,CHEMBL2103877,C=C1CCN(C(C)C(O)(Cn2cncn2)c2ccc(F)cc2F)CC1,0,0.0,None,0,D01AC19,EFINACONAZOLE
373,CHEMBL2103883,O=C(Nc1nc(-c2cc(Cl)cs2)c(N2CCN(C3CCCCC3)CC2)s1)c1cnc(N2CCC(C(=O)O)CC2)c(Cl)c1,0,0.0,None,0,B02BX08,AVATROMBOPAG
374,CHEMBL2079587,CC12Cc3c[nH]nc3CC1CCC1C2CCC2(C)C1CCC2(C)O,0,0.0,None,0,A14AA02,STANOZOLOL
375,CHEMBL2070241,CCCCC(NC(C)=O)C(=O)NC1CC(=O)NCCCCC(C(=O)O)NC(=O)C(Cc2c[nH]c3ccccc23)NC(=O)C(CCCNC(=N)N)NC(=O)C(Cc2ccccc2)NC(=O)C(Cc2cnc[nH]2)NC1=O,0,0.0,None,0,G02CX05,BREMELANOTIDE
376,CHEMBL2107333,COC(=O)C=CC(=O)OC,0,0.0,None,0,L04AX07,DIMETHYL FUMARATE
377,CHEMBL203266,COc1ccc(CN2CCNCC2)c(OC)c1OC,0,0.0,None,0,C01EB15,TRIMETAZIDINE
378,CHEMBL2023898,COC(=O)NC(C(=O)N1CCCC1c1ncc(-c2ccc(-c3ccc(-c4cnc(C5CCCN5C(=O)C(NC(=O)OC)C(C)C)[nH]4)cc3)cc2)[nH]1)C(C)C,0,0.0,None,0,J05AP07,DACLATASVIR
379,CHEMBL2028019,CN(C)C(=O)NC1CCC(CCN2CCN(c3cccc(Cl)c3Cl)CC2)CC1,0,0.0,None,0,N05AX15,CARIPRAZINE
380,CHEMBL2028661,CCOc1nc2cccc(C(=O)OCc3oc(=O)oc3C)c2n1Cc1ccc(-c2ccccc2-c2noc(=O)[nH]2)cc1,0,0.0,None,0,C09CA09,AZILSARTAN MEDOXOMIL
381,CHEMBL2028663,CC(C)(C)c1nc(-c2cccc(NS(=O)(=O)c3c(F)cccc3F)c2F)c(-c2ccnc(N)n2)s1,0,0.0,None,0,L01EC02,DABRAFENIB
382,CHEMBL2028850,N=C(N)NCCCC(N)C(=O)NC(CCCNC(=N)N)C(=O)N1CCCC1C(=O)N1CC(O)CC1C(=O)NCC(=O)NC(Cc1cccs1)C(=O)NC(CO)C(=O)N1Cc2ccccc2CC1C(=O)N1C(C(=O)NC(CCCNC(=N)N)C(=O)O)CC2CCCCC21,0,0.0,None,0,B06AC02,ICATIBANT
383,CHEMBL2029132,O=S(=O)(O[Al](O)O)OC1C(OC2OC(C(OS(=O)(=O)O[Al](O)O)C(OS(=O)(=O)O[Al](O)O)C2OS(=O)(=O)O[Al](O)O)COS(=O)(=O)O[Al](O)O)(OC(C1OS(=O)(=O)O[Al](O)O)COS(=O)(=O)O[Al](O)O)COS(=O)(=O)O[Al](O)O,0,None,None,0,None,CHEMBL2029132
384,CHEMBL2040682,CC(C)C(=O)OCC(=O)C12OC(C3CCCCC3)OC1CC1C3CCC4=CC(=O)C=CC4(C)C3C(O)CC12C,0,0.0,None,0,"R01AD13, R03BA08",CICLESONIDE
385,CHEMBL2063090,C=CC1CC1(NC(=O)C1CC2CN1C(=O)C(C(C)(C)C)NC(=O)OC1CC1CCCCCc1nc3ccc(OC)cc3nc1O2)C(=O)NS(=O)(=O)C1CC1,0,0.0,None,0,J05AP11,GRAZOPREVIR
386,CHEMBL2043437,CN1CCC(NC(=O)Nc2ccc(C#N)cc2)CC1c1nc2ccccc2[nH]1,0,0.0,None,0,L01XJ03,GLASDEGIB
387,CHEMBL204656,COc1cc2c(cc1Cc1cccc(Cl)c1F)c(=O)c(C(=O)O)cn2C(CO)C(C)C,0,0.0,None,0,J05AJ02,ELVITEGRAVIR
388,CHEMBL2048484,Cc1ccc(C2OC(CO)C(O)C(O)C2O)cc1Cc1ccc(-c2ccc(F)cc2)s1,0,0.0,None,0,None,CANAGLIFLOZIN
389,CHEMBL2051955,CC1CC(=O)NN=C1c1ccc(NN=C(C#N)C#N)cc1,0,None,None,0,C01CX08,LEVOSIMENDAN
390,CHEMBL205596,CC(CCC(=O)O)C1CCC2C3C(O)CC4CC(O)CCC4(C)C3CC(O)C12C,0,0.0,None,0,A05AA03,CHOLIC ACID
391,CHEMBL206253,Cc1ccccc1-c1cc(N2CCN(C)CC2)ncc1N(C)C(=O)C(C)(C)c1cc(C(F)(F)F)cc(C(F)(F)F)c1,0,0.0,None,0,None,NETUPITANT
392,CHEMBL2103929,CN(C)C1C(=O)C(C(=O)NCNCCCCC(N)C(=O)O)C(=O)C2(O)C(=O)C3C(=O)c4c(O)cccc4C(C)(O)C3CC12,0,0.0,None,0,J01AA04,LYMECYCLINE
393,CHEMBL2104045,CCOCCOC(=O)C=Cc1ccc(OC)cc1,0,0.0,None,0,None,CINOXATE
394,CHEMBL2104095,[N+](CCO)(C)(C)C,0,None,None,0,N02BA03,CHOLINE SALICYLATE
395,CHEMBL2106011,CC1CC2C3CC(F)C4=CC(=O)C=CC4(C)C3(Cl)C(O)CC2(C)C1C(=O)CO,0,None,None,0,D07AB21,CLOCORTOLONE ACETATE
396,CHEMBL2105722,CC(=O)C1(O)CCC2C3C=C(C)C4=CC(=O)CCC4C3CCC21C,0,0.0,None,0,G03DB04,NOMEGESTROL
397,CHEMBL2105737,Cc1c(C(=O)Nc2ccc(N3CC(C)OC(C)C3)nc2)cccc1-c1ccc(OC(F)(F)F)cc1,0,0.0,None,0,L01XJ02,SONIDEGIB
398,CHEMBL2105745,O=C(CCCc1ccccc1)OCC(COC(=O)CCCc1ccccc1)OC(=O)CCCc1ccccc1,0,0.0,None,0,A16AX09,GLYCEROL PHENYLBUTYRATE
399,CHEMBL2105755,CC(C)(NC(=O)C1CC2(O)C3Cc4ccc(O)c5c4C2(CCN3CC2CC2)C(O5)C1=O)c1nc(-c2ccccc2)no1,0,0.0,None,0,A06AH05,NALDEMEDINE
400,CHEMBL2105760,O=c1ccc2ccc(OCCCCN3CCN(c4cccc5sccc45)CC3)cc2[nH]1,0,0.0,None,0,N05AX16,BREXPIPRAZOLE
401,CHEMBL2106004,O=C1Nc2ccccc2OC1(c1ccc(O)cc1)c1ccc(O)cc1,0,None,None,0,A06AB09,BISOXATIN ACETATE
402,CHEMBL2106119,C(=O)([O-])C(C(C(C(O)CO)O)O)O,0,0.0,None,0,"A12AA03, D11AX03",CALCIUM GLUCONATE
403,CHEMBL2104130,C(=O)([O-])CCCCCCCCC=C,0,None,None,0,D01AE04,CALCIUM UNDECYLENATE
404,CHEMBL2106411,CCC(C)C1C(=O)N2CCCC2C2(O)OC(NC(=O)C3CC4c5cccc6[nH]cc(c56)CC4N(C)C3)(C(C)C)C(=O)N12,0,None,None,0,None,EPICRIPTINE
405,CHEMBL2106794,NC(=O)NN=C1C=Cc2ccccc2C1=O,0,0.0,None,0,C05CX02,NAFTAZONE
406,CHEMBL2107067,CCCCCCCCCCC(=O)OC1CCC2C3CCC4=CC(=O)CCC4(C)C3CCC12C,0,0.0,None,0,G03BA03,TESTOSTERONE UNDECANOATE
407,CHEMBL2107212,CN(CC(O)CO)C(=O)c1c(I)c(NC(=O)C(CO)CO)c(I)c(C(=O)N(C)CC(O)CO)c1I,0,None,None,0,V08AB11,IOBITRIDOL
408,CHEMBL2107214,CN(C(=O)CO)c1c(I)c(C(=O)NCC(O)CO)c(I)c(C(=O)NCC(O)CO)c1I,0,None,None,0,V08AB10,IOMEPROL
409,CHEMBL2107239,CC(=O)Nc1c(I)c(C(=O)O)c(I)c(C(=O)NCCO)c1I,0,None,None,0,V08AA05,IOXITALAMIC ACID
410,CHEMBL2105720,O=C(O)CSc1nnc(Br)n1-c1ccc(C2CC2)c2ccccc12,0,0.0,None,0,M04AB05,LESINURAD
411,CHEMBL2105717,COc1cc2nccc(Oc3ccc(NC(=O)C4(C(=O)Nc5ccc(F)cc5)CC4)cc3)c2cc1OC,0,0.0,None,0,L01EX07,CABOZANTINIB
412,CHEMBL2105695,CCOC(=O)C(N)Cc1ccc(-c2cc(OC(c3ccc(Cl)cc3-n3ccc(C)n3)C(F)(F)F)nc(N)n2)cc1,0,0.0,None,0,A16AX15,TELOTRISTAT ETHYL
413,CHEMBL2105689,N#CC(=C1SCC(c2ccc(Cl)cc2Cl)S1)n1ccnc1,0,0.0,None,0,D01AC18,LULICONAZOLE
414,CHEMBL2105456,CCCCC(C(=O)O)C(=O)N(Nc1ccccc1)c1ccccc1,0,None,None,0,M01AB07,BUMADIZONE
415,CHEMBL2105275,CNC(C)CC1CCCCC1,0,None,None,0,None,PROPYLHEXEDRINE
416,CHEMBL2105224,CN1CCC23c4c5ccc(OCCN6CCOCC6)c4OC2C(O)C=CC3C1C5,0,0.0,None,0,R05DA08,PHOLCODINE
417,CHEMBL2105161,CCCCOCCOC(=O)c1cccnc1,0,None,None,0,None,NICOBOXIL
418,CHEMBL2104993,Cc1ccc(Sc2ccccc2N2CCNCC2)c(C)c1,0,0.0,None,0,N06AX26,VORTIOXETINE
419,CHEMBL2104979,FC(F)(F)C(F)(F)C(F)(F)C(F)(F)F,0,None,None,0,None,PERFLUBUTANE
420,CHEMBL2104957,CC(C)(C)CC(C)(C)c1cc(Cc2cc(C(C)(C)CC(C)(C)C)cc(-n3nc4ccccc4n3)c2O)c(O)c(-n2nc3ccccc3n2)c1,0,None,None,0,None,BISOCTRIZOLE
421,CHEMBL2104786,CC(C)(CO)C(O)C(=O)NCCC(=O)NCCSSCCNC(=O)CCNC(=O)C(O)C(C)(C)CO,0,None,None,0,A11HA32,PANTETHINE
422,CHEMBL2104445,CCOc1c(N)c2c(c(OCC)c1OCC)C(C1c3c(cc4c(c3OC)OCO4)CCN1C)OC2=O,0,0.0,None,0,R06AX21,TRITOQUALINE
423,CHEMBL2104432,FCC(F)(F)F,0,None,None,0,None,NORFLURANE
424,CHEMBL2104415,CON=C1CC2(CC3CC(CC=C(C)CC(C)C=CC=C4COC5C(O)C(C)=CC(C(=O)O3)C45O)O2)OC(C(C)=CC(C)C)C1C,0,0.0,None,0,P02CX03,MOXIDECTIN
425,CHEMBL2104356,CC1=CC(=O)N2CC(=O)N(C)c3ccc(Cl)cc3C2(c2ccccc2)O1,0,0.0,None,0,N05BA10,KETAZOLAM
426,CHEMBL2104217,C(=O)([O-])C(C(C(C(C(=O)[O-])O)O)O)O,0,None,None,0,None,CALCIUM SACCHARATE
427,CHEMBL2364968,CC(C)C1(NC(=O)C2CC3c4cccc5[nH]cc(c45)CC3N(C)C2)OC2(O)C3CCCN3C(=O)C(Cc3ccccc3)N2C1=O,0,0.0,None,0,None,ERGOLOID
428,CHEMBL2374220,COC(=O)NC(C(=O)N1CC2(CC2)CC1c1nc(-c2ccc3c(c2)C(F)(F)c2cc(-c4ccc5[nH]c(C6C7CCC(C7)N6C(=O)C(NC(=O)OC)C(C)C)nc5c4)ccc2-3)c[nH]1)C(C)C,0,0.0,None,0,None,LEDIPASVIR
429,CHEMBL3349607,NCCCCC1NC(=O)C(Cc2c[nH]c3ccccc23)NC(=O)C(c2ccccc2)NC(=O)C2CC(OC(=O)NCCN)CN2C(=O)C(Cc2ccccc2)NC(=O)C(Cc2ccc(OCc3ccccc3)cc2)NC1=O,0,None,None,0,None,CHEMBL3349607
430,CHEMBL3112741,O=C(NC1CCNCC1)C1CCC2CN1C(=O)N2OS(=O)(=O)O,0,0.0,None,0,None,RELEBACTAM
431,CHEMBL3040581,O=P(OCC(O)CO)([O-])[O-],0,0.0,None,0,None,SODIUM GLYCEROPHOSPHATE
432,CHEMBL304902,CN1CCN(C2=Nc3ccccc3Sc3ccc(Cl)cc32)CC1,0,0.0,None,0,N05AH06,CLOTHIAPINE
433,CHEMBL305906,CCCCCCCCCCCCCCCC[n+]1ccccc1,0,0.0,None,0,"B05CA01, D08AJ03, D09AA07, R02AA06",CETYLPYRIDINIUM
434,CHEMBL306043,C(=O)([O-])C(S[Au])CC(=O)[O-],0,0.0,None,0,M01CB01,GOLD SODIUM THIOMALATE
435,CHEMBL308954,Cc1cc(C#N)cc(C)c1Oc1nc(Nc2ccc(C#N)cc2)nc(N)c1Br,0,0.0,None,0,J05AG04,ETRAVIRINE
436,CHEMBL310555,Oc1cccc2cccnc12,0,None,None,0,"A01AB07, D08AH03, G01AC30, R02AA14",OXYQUINOLINE
437,CHEMBL312448,Cc1cc(C(C)(C)C)cc(C)c1CC1=NCCN1,0,0.0,None,0,"R01AA07, R01AB06, S01GA03, S01GA53",XYLOMETAZOLINE
438,CHEMBL3039597,CNC(C)C1CCC(N)C(OC2C(N)CC(N)C(OC3OCC(C)(O)C(NC)C3O)C2O)O1,0,None,None,0,"S01AA11, S02AA14, J01GB03, S03AA06, D06AX07",GENTAMICIN
439,CHEMBL3127326,COC(=O)NC(C(=O)N1CCCC1C(=O)Nc1ccc(C2CCC(c3ccc(NC(=O)C4CCCN4C(=O)C(NC(=O)OC)C(C)C)cc3)N2c2ccc(C(C)(C)C)cc2)cc1)C(C)C,0,0.0,None,0,None,OMBITASVIR
440,CHEMBL3137301,CCOC(=O)C(C)CC(Cc1ccc(-c2ccccc2)cc1)NC(=O)CCC(=O)O,0,0.0,None,0,None,SACUBITRIL
441,CHEMBL3137309,CC1(C)CCC(CN2CCN(c3ccc(C(=O)NS(=O)(=O)c4ccc(NCC5CCOCC5)c([N+](=O)[O-])c4)c(Oc4cnc5[nH]ccc5c4)c3)CC2)=C(c2ccc(Cl)cc2)C1,0,0.0,None,0,L01XX52,VENETOCLAX
442,CHEMBL3137312,COc1c(-c2ccc3cc(NS(C)(=O)=O)ccc3c2)cc(-n2ccc(=O)[nH]c2=O)cc1C(C)(C)C,0,0.0,None,0,J05AP09,DASABUVIR
443,CHEMBL3137320,Cn1ncnc1C1c2n[nH]c(=O)c3cc(F)cc(c23)NC1c1ccc(F)cc1,0,0.0,None,0,L01XK04,TALAZOPARIB
444,CHEMBL3137321,COc1ccc2c3c1OC1C(OC(=O)c4ccccc4)=CCC4C(C2)N(C)CCC314,0,0.0,None,0,None,BENZHYDROCODONE
445,CHEMBL3039598,CCC(=O)OC(OP(=O)(CCCCc1ccccc1)CC(=O)N1CC(C2CCCCC2)CC1C(=O)O)C(C)C,0,0.0,None,0,C09AA09,FOSINOPRIL
446,CHEMBL3039520,CN1CCC(C(=O)c2cccc(NC(=O)c3c(F)cc(F)cc3F)n2)CC1,0,0.0,None,0,None,LASMIDITAN
447,CHEMBL315985,NC(=O)N1c2ccccc2CC(O)c2ccccc21,0,0.0,None,0,N03AF04,ESLICARBAZEPINE
448,CHEMBL30008,Fc1ccc(C(c2ccc(F)cc2)N2CCN(CC=Cc3ccccc3)CC2)cc1,0,0.0,None,0,N07CA03,FLUNARIZINE
449,CHEMBL295124,COc1ccc2cc3[n+](cc2c1OC)CCc1cc2c(cc1-3)OCO2,0,None,None,0,None,BERBERINE
450,CHEMBL296306,OCC1OC(OC2C(CO)OC(O)(CO)C2O)C(O)C(O)C1O,0,0.0,None,0,"A06AD11, A06AD61",LACTULOSE
451,CHEMBL297302,O=C(CCCN1CCC(n2c(=O)[nH]c3ccccc32)CC1)c1ccc(F)cc1,0,0.0,None,0,N05AD07,BENPERIDOL
452,CHEMBL298470,COc1cc(C)c2c(Oc3cccc(C(F)(F)F)c3)c(OC)cc(NC(C)CCCN)c2n1,0,0.0,None,0,P01BA07,TAFENOQUINE
453,CHEMBL298734,NC(=O)N1CCC(CC(=O)N2CCC(C3c4ncc(Br)cc4CCc4cc(Cl)cc(Br)c43)CC2)CC1,0,None,None,0,None,LONAFARNIB
454,CHEMBL30,CNC(=NC#N)NCCSCc1nc[nH]c1C,0,0.0,None,0,"A02BA01, A02BA51",CIMETIDINE
455,CHEMBL301265,CCCNC1CCc2nc(N)sc2C1,0,0.0,None,0,N04BC05,PRAMIPEXOLE
456,CHEMBL3039514,COC(=O)NC(C(=O)N1CCCC1c1ncc(-c2ccc3c(c2)OC(c2ccccc2)n2c-3cc3cc(-c4cnc(C5CCCN5C(=O)C(NC(=O)OC)C(C)C)[nH]4)ccc32)[nH]1)C(C)C,0,0.0,None,0,J05AP10,ELBASVIR
457,CHEMBL301267,CCOC1OC2OC3(C)CCC4C(C)CCC(C1C)C24OO3,0,0.0,None,0,P01BE04,ARTEMOTIL
458,CHEMBL301523,NC(Cc1ccccc1)C(=O)O,0,None,None,0,None,PHENYLALANINE
459,CHEMBL302795,CN1C(C(=O)Nc2ccccn2)C(=O)c2sccc2S1(=O)=O,0,0.0,None,0,M01AC02,TENOXICAM
460,CHEMBL3039111,CC1CCC(C(C)C)C(OC(=O)c2ccccc2O)C1,0,None,None,0,None,MENTHYL BENZOATE
461,CHEMBL3039502,CC(Nc1ncnc2[nH]cnc12)c1cc2cccc(Cl)c2c(=O)n1-c1ccccc1,0,0.0,None,0,L01EM04,DUVELISIB
462,CHEMBL3039507,CCOc1ccc(Cc2cc(C3OC(SC)C(O)C(O)C3O)ccc2Cl)cc1,0,0.0,None,0,A10BK06,SOTAGLIFLOZIN
463,CHEMBL313972,CC(Cc1ccc(O)c(O)c1)C(C)Cc1ccc(O)c(O)c1,0,0.0,None,0,L01XX10,MASOPROCOL
464,CHEMBL316160,Cn1c(=O)c2[nH]c(Br)nc2n(C)c1=O,0,None,None,0,None,PAMABROM
465,CHEMBL237500,CC#CCn1c(N2CCCC(N)C2)nc2c1c(=O)n(Cc1nc(C)c3ccccc3n1)c(=O)n2C,0,0.0,None,0,A10BH05,LINAGLIPTIN
466,CHEMBL3301668,CCC(C)C1NC(=O)C(Cc2ccc(OC)cc2)NC(=O)CCCSCC(C(=O)N2CCCC2C(=O)NC(CC(C)C)C(=O)NCC(N)=O)NC(=O)C(CC(N)=O)NC(=O)C(CCC(N)=O)NC1=O,0,0.0,None,0,H01BB03,CARBETOCIN
467,CHEMBL324794,OCC=Cc1ccccc1,0,None,None,0,None,CINNAMIC ALCOHOL
468,CHEMBL325041,B(C(NC(=O)C(NC(=O)c1nccnc1)Cc2ccccc2)CC(C)C)(O)O,0,0.0,None,0,L01XG01,BORTEZOMIB
469,CHEMBL3291398,C=CC1(C)CC(OC(=O)CSC2CCC(N)CC2O)C2(C)C(C)CCC3(CCC(=O)C32)C(C)C1O,0,0.0,None,0,J01XX12,LEFAMULIN
470,CHEMBL3301607,O=C(Nc1nc2cccc(-c3ccc(CN4CCS(=O)(=O)CC4)cc3)n2n1)C1CC1,0,None,None,0,L04AA45,FILGOTINIB
471,CHEMBL3301610,CCN1CCN(Cc2ccc(Nc3ncc(F)c(-c4cc(F)c5nc(C)n(C(C)C)c5c4)n3)nc2)CC1,0,0.0,None,0,L01EF03,ABEMACICLIB
472,CHEMBL3301622,CCc1nc(C(N)=O)c(Nc2ccc(N3CCC(N4CCN(C)CC4)CC3)c(OC)c2)nc1NC1CCOCC1,0,0.0,None,0,L01EX13,GILTERITINIB
473,CHEMBL3301675,CC1NC(=O)C2CCCN2C(=O)C(CC(N)=O)NC(=O)C2CSSCC(N)C(=O)NC3CSSCC(NC1=O)C(=O)NC(C(C)O)C(=O)NCC(=O)NC(C(=O)NC(Cc1ccc(O)cc1)C(=O)O)CSSCC(NC(=O)C(Cc1ccc(O)cc1)NC(=O)C(CCC(=O)O)NC3=O)C(=O)N2,0,0.0,None,0,A06AX04,LINACLOTIDE
474,CHEMBL323404,CC1CC2C(C(=O)CC3(C)C2CCC3(O)C(=O)CO)C2(C)C=CC(=O)C=C12,0,None,None,0,None,CHEMBL323404
475,CHEMBL3301800,CC=CC1=C(C(=O)O)N2C(=O)C(NC(=O)C(N)c3ccc(O)cc3)C2SC1,0,0.0,None,0,None,CEFPROZIL
476,CHEMBL3305965,CC1CC2C3CCC4=CC(=O)C=CC4(C)C3(F)C(O)CC2(C)C1(O)C(=O)COC(=O)c1cccc(S(=O)(=O)O)c1,0,None,None,0,None,CHEMBL3305965
477,CHEMBL3306803,CN1CCN2c3c(cccc31)C1CN(CCCC(=O)c3ccc(F)cc3)CCC12,0,0.0,None,0,None,LUMATEPERONE
478,CHEMBL331378,CC(CSC(=O)c1ccccc1)C(=O)N1CC(Sc2ccccc2)CC1C(=O)O,0,None,None,0,C09AA15,ZOFENOPRIL
479,CHEMBL3317857,C(=O)(NC1B(OC(CC(=O)O)CC1)O)Cc2sccc2,0,0.0,None,0,None,VABORBACTAM
480,CHEMBL333826,Cc1cc(N)c2ccccc2[n+]1CCCCCCCCCC[n+]1c(C)cc(N)c2ccccc21,0,0.0,None,0,"G01AC05, D08AH01, R02AA02",DEQUALINIUM
481,CHEMBL3237547,O=C1NC(O)CCN1C1OC(CO)C(O)C1(F)F,0,0.0,None,0,None,CEDAZURIDINE
482,CHEMBL3218576,COc1c(OCCCN2CCOCC2)ccc2c1N=C(NC(=O)c1cnc(N)nc1)N1CCN=C21,0,0.0,None,0,L01EM02,COPANLISIB
483,CHEMBL316257,CCCCCCCCCCCCCC(=O)OCC(COP(=O)([O-])OCC[N+](C)(C)C)OC(=O)CCCCCCCCCCCCC,0,None,None,0,None,CHEMBL316257
484,CHEMBL3183549,CC(=C(CCOP(=O)(O)O)SC(=O)c1ccccc1)N(C=O)Cc1cnc(C)nc1N,0,None,None,0,A11DA03,BENFOTIAMINE
485,CHEMBL31634,O=c1[nH]c(=O)n(C2CC(O)C(CO)O2)cc1C=CBr,0,None,None,0,J05AB15,BRIVUDINE
486,CHEMBL317052,CNC(=O)c1cnn(-c2nc(N)c3ncn(C4OC(CO)C(O)C4O)c3n2)c1,0,0.0,None,0,None,REGADENOSON
487,CHEMBL3182343,CC(C)(C)C(=O)OCOC(=O)C1N2C(=O)C(NC(=O)C(N)c3ccccc3)C2SC1(C)C,0,0.0,None,0,J01CA02,PIVAMPICILLIN
488,CHEMBL3182813,CCN(CC)C(=S)S,0,None,None,0,None,CHEMBL3182813
489,CHEMBL3183075,CNC(=C[N+](=O)[O-])NCCSCc1csc(CN(C)C)n1,0,0.0,None,0,A02BA04,NIZATIDINE
490,CHEMBL3183409,CNC(=O)c1ccc(N2C(=S)N(c3cnc(C#N)c(C(F)(F)F)c3)C(=O)C23CCC3)cc1F,0,0.0,None,0,L02BB05,APALUTAMIDE
491,CHEMBL3186027,CC(CC=O)CCCC(C)(C)O,0,None,None,0,None,CHEMBL3186027
492,CHEMBL32,COc1c(N2CC3CCCNC3C2)c(F)cc2c(=O)c(C(=O)O)cn(C3CC3)c12,0,0.0,None,0,"J01MA14, S01AE07",MOXIFLOXACIN
493,CHEMBL3186475,CC(O)CCO,0,None,None,0,None,CHEMBL3186475
494,CHEMBL3187032,O=C1C(N(CO)C(=O)NCO)N(CO)C(=O)N1CO,0,None,None,0,None,CHEMBL3187032
495,CHEMBL3187365,CN1CC2c3ccccc3Oc3ccc(Cl)cc3C2C1,0,0.0,None,0,N05AH05,ASENAPINE
496,CHEMBL3187723,Cn1cnc2c(F)c(Nc3ccc(Br)cc3F)c(C(=O)NOCCO)cc21,0,0.0,None,0,L01EE03,BINIMETINIB
497,CHEMBL3188084,N#CCCC(Br)(C#N)CBr,0,None,None,0,None,CHEMBL3188084
498,CHEMBL3188202,CCCCCON=O,0,None,None,0,None,CHEMBL3188202
499,CHEMBL294199,COc1cc(CNC(=O)CCCCC=CC(C)C)ccc1O,0,0.0,None,0,"M02AB01, N01BX04",CAPSAICIN
500,CHEMBL29411,Cc1ccc(C(C)C)c(O)c1,0,0.0,None,0,None,THYMOL
501,CHEMBL293492,O=CC=Cc1ccccc1,0,None,None,0,None,CINNAMALDEHYDE
502,CHEMBL256147,CNC(=N)NCCCC(N)C(=O)O,0,None,None,0,None,TILARGININE
503,CHEMBL252557,O=C(O)CO,0,None,None,0,None,GLYCOLIC ACID
504,CHEMBL253363,CC(=O)C1CCC2C3CC=C4CC(O)CCC4(C)C3CCC12C,0,None,None,0,None,PREGNENOLONE
505,CHEMBL253371,CCN(CCCc1ccccc1)CCCc1ccccc1,0,0.0,None,0,"A03AX08, A03AX58",ALVERINE
506,CHEMBL253376,CN(Cc1cc(Br)cc(Br)c1N)C1CCCCC1,0,0.0,None,0,R05CB02,BROMHEXINE
507,CHEMBL253582,OCC1OC(OC2(CO)OC(CO)C(O)C2O)C(O)C(O)C1O,0,0.0,None,0,None,SUCROSE
508,CHEMBL256087,CC1CCC(C(C)C)C(O)C1,0,0.0,None,0,None,MENTHOL
509,CHEMBL256997,O=C(O)c1cccc(-c2noc(-c3ccccc3F)n2)c1,0,0.0,None,0,M09AX03,ATALUREN
510,CHEMBL25105,N=C(N)c1ccc(OCCCCCCOc2ccc(C(=N)N)cc2)cc1,0,0.0,None,0,"D08AC04, R01AX07, R02AA18, S01AX08, S03AA05",HEXAMIDINE
511,CHEMBL25719,CC(C)=CCCC(C)=CCO,0,None,None,0,None,GERANIOL
512,CHEMBL258558,CC(C)(c1ccc(OCC2CO2)cc1)c1ccc(OCC2CO2)cc1,0,None,None,0,None,CHEMBL258558
513,CHEMBL259209,CCN(CC)C(=O)C1(c2ccccc2)CC1CN,0,0.0,None,0,N06AX17,MILNACIPRAN
514,CHEMBL26,CCN1CCCC1CNC(=O)c1cc(S(N)(=O)=O)ccc1OC,0,0.0,None,0,N05AL01,SULPIRIDE
515,CHEMBL262777,CNC(CC(C)C)C(=O)NC1C(=O)NC(CC(N)=O)C(=O)NC2C(=O)NC3C(=O)NC(C(=O)NC(C(=O)O)c4cc(O)cc(O)c4-c4cc3ccc4O)C(O)c3ccc(c(Cl)c3)Oc3cc2cc(c3OC2OC(CO)C(O)C(O)C2OC2CC(C)(N)C(O)C(C)O2)Oc2ccc(cc2Cl)C1O,0,0.0,None,0,"A07AA09, J01XA01, S01AA28",VANCOMYCIN
516,CHEMBL264241,CCCCCOc1ccc(-c2ccc(-c3ccc(C(=O)NC4CC(O)C(O)NC(=O)C5C(O)C(C)CN5C(=O)C(C(C)O)NC(=O)C(C(O)C(O)c5ccc(O)cc5)NC(=O)C5CC(O)CN5C(=O)C(C(C)O)NC4=O)cc3)cc2)cc1,0,0.0,None,0,J02AX06,ANIDULAFUNGIN
517,CHEMBL251940,N#Cc1ccc2c(c1)N(CCCN1CCC(O)CC1)c1ccccc1S2,0,0.0,None,0,N05AC01,PERICIAZINE
518,CHEMBL250270,COC(=O)C1=C(C)NC(C)=C(C(=O)OC(C)(C)CN(C)CCC(c2ccccc2)c2ccccc2)C1c1cccc([N+](=O)[O-])c1,0,0.0,None,0,C08CA13,LERCANIDIPINE
519,CHEMBL291747,CC(O)C(N)C(=O)O,0,None,None,0,None,THREONINE
520,CHEMBL243712,CCN1CCCC1CNC(=O)c1cc(S(=O)(=O)CC)c(N)cc1OC,0,0.0,None,0,N05AL05,AMISULPRIDE
521,CHEMBL238804,CC(C)N(CCCCOCC(=O)NS(C)(=O)=O)c1cnc(-c2ccccc2)c(-c2ccccc2)n1,0,0.0,None,0,B01AC27,SELEXIPAG
522,CHEMBL239243,NCCS(=O)(=O)O,0,0.0,None,0,None,TAURINE
523,CHEMBL2396661,Cc1nc(NC(=O)N2CCCC2C(N)=O)sc1-c1ccnc(C(C)(C)C(F)(F)F)c1,0,0.0,None,0,L01EM03,ALPELISIB
524,CHEMBL24,CC(C)NCC(O)COc1ccc(CC(N)=O)cc1,0,0.0,None,0,C07AB03,ATENOLOL
525,CHEMBL2403108,Cc1cc(Nc2ncc(Cl)c(Nc3ccccc3S(=O)(=O)C(C)C)n2)c(OC(C)C)cc1C1CCNCC1,0,0.0,None,0,L01ED02,CERITINIB
526,CHEMBL240597,CC(CCC(=O)O)C1CCC2C3C(O)CC4CC(O)CCC4(C)C3CCC12C,0,0.0,None,0,A05AA01,CHENODIOL
527,CHEMBL2443262,COc1ccsc1CNCCC1(c2ccccn2)CCOC2(CCCC2)C1,0,0.0,None,0,None,OLICERIDINE
528,CHEMBL25,CC(=O)Oc1ccccc1C(=O)O,0,0.0,None,0,"A01AD05, B01AC06, N02BA01, N02BA51, N02BA71",ASPIRIN
529,CHEMBL24441,CNCCc1ccccn1,0,0.0,None,0,N07CA01,BETAHISTINE
530,CHEMBL24778,CC(Cc1cc2c(c(C(N)=O)c1)N(CCCO)CC2)NCCOc1ccccc1OCC(F)(F)F,0,0.0,None,0,G04CA04,SILODOSIN
531,CHEMBL24828,COc1cc2c(Nc3ccc(Br)cc3F)ncnc2cc1OCC1CCN(C)CC1,0,0.0,None,0,L01EX04,VANDETANIB
532,CHEMBL24924,O=C1c2ccccc2C(=O)C1c1ccc(F)cc1,0,0.0,None,0,B01AA12,FLUINDIONE
533,CHEMBL249837,C=C1c2cccc(O)c2C(=O)C2C(=O)C3(O)C(=O)C(C(N)=O)C(=O)C(N(C)C)C3C(O)C12,0,0.0,None,0,J01AA05,METHACYCLINE
534,CHEMBL249856,CSc1ccc(C(=O)c2[nH]c(=O)[nH]c2C)cc1,0,0.0,None,0,C01CE03,ENOXIMONE
535,CHEMBL264374,CC(C)(Oc1ccc(CCNC(=O)c2ccc(Cl)cc2)cc1)C(=O)O,0,0.0,None,0,C10AB02,BEZAFIBRATE
536,CHEMBL267476,CCCCCC=CCC=CCCCCCCCC(=O)O,0,None,None,0,None,LINOLEIC ACID
537,CHEMBL267648,CCn1cc(C(=O)O)c(=O)c2cc(F)c(N3CCN(C)CC3)cc21,0,0.0,None,0,J01MA03,PEFLOXACIN
538,CHEMBL285674,Clc1ccc2c(c1)C(c1ccccc1)=NCc1nncn1-2,0,0.0,None,0,N05CD04,ESTAZOLAM
539,CHEMBL28218,O=C(CCCN1CCC(O)(c2ccc(Br)cc2)CC1)c1ccc(F)cc1,0,0.0,None,0,N05AD06,BROMPERIDOL
540,CHEMBL282575,CC12CCC3c4ccc(OC(=O)c5ccccc5)cc4CCC3C1CCC2O,0,0.0,None,0,G03CA03,ESTRADIOL BENZOATE
541,CHEMBL283800,CN(CC(=O)O)C(=N)N,0,None,None,0,None,CREATINE
542,CHEMBL284348,Nc1ccncc1,0,0.0,None,0,N07XX07,DALFAMPRIDINE
543,CHEMBL284906,O=C(NCCO[N+](=O)[O-])c1cccnc1,0,0.0,None,0,C01DX16,NICORANDIL
544,CHEMBL285123,NC(CO)C(=O)O,0,None,None,0,None,(D)-SERINE
545,CHEMBL286398,C(O)(CO)C,0,None,None,0,None,PROPYLENE GLYCOL
546,CHEMBL267936,CNC1(C)C2CCC(C2)C1(C)C,0,0.0,None,0,C02BB01,MECAMYLAMINE
547,CHEMBL288441,COc1cc(Nc2c(C#N)cnc3cc(OCCCN4CCN(C)CC4)c(OC)cc23)c(Cl)cc1Cl,0,0.0,None,0,L01EA04,BOSUTINIB
548,CHEMBL289469,CN1C2CCCC1CC(NC(=O)c1nn(C)c3ccccc13)C2,0,None,None,0,A04AA02,GRANISETRON
549,CHEMBL289480,C1COC(NC(C2CC2)C2CC2)=N1,0,None,None,0,C02AC06,RILMENIDINE
550,CHEMBL290916,CC1=NN(c2ccccc2)C(=O)C1,0,0.0,None,0,N07XX14,EDARAVONE
551,CHEMBL290960,CC1CS(=O)(=O)CCN1N=Cc1ccc([N+](=O)[O-])o1,0,0.0,None,0,P01CC01,NIFURTIMOX
552,CHEMBL291157,CCn1cc(C(=O)O)c(=O)c2ccc(-c3ccncc3)cc21,0,0.0,None,0,J01MB01,ROSOXACIN
553,CHEMBL282121,CCN(CCCCOC(=O)c1ccc(OC)c(OC)c1)C(C)Cc1ccc(OC)cc1,0,0.0,None,0,A03AA04,MEBEVERINE
554,CHEMBL279898,CCCn1c(=O)[nH]c(=O)c2[nH]cnc21,0,None,None,0,None,ENPROFYLLINE
555,CHEMBL279816,ClC=C(Cl)Cl,0,0.0,None,0,N01AB05,TRICHLOROETHYLENE
556,CHEMBL278398,CN1CCC2=C(C1)C(c1ccccc1)c1ccccc12,0,0.0,None,0,R06AX04,PHENINDAMINE
557,CHEMBL278172,CCOC(=O)c1ccc(N)cc1,0,0.0,None,0,"C05AD03, D02BA01, D04AB04, N01BA05, R02AD01",BENZOCAINE
558,CHEMBL27810,CCN(CC)C(=O)Nc1ccc(OCC(O)CNC(C)(C)C)c(C(C)=O)c1,0,0.0,None,0,C07AB08,CELIPROLOL
559,CHEMBL278020,CN(C)C(=O)Oc1cccc([N+](C)(C)C)c1,0,0.0,None,0,"N07AA01, S01EB06, N07AA51",NEOSTIGMINE
560,CHEMBL277945,CCN1CCCC1CNC(=O)c1cc(S(=O)(=O)CC)ccc1OC,0,None,None,0,N05AL02,SULTOPRIDE
561,CHEMBL277535,c1ccc(-c2ccc(C(c3ccccc3)n3ccnc3)cc2)cc1,0,0.0,None,0,"D01AC10, D01AC60",BIFONAZOLE
562,CHEMBL277474,Cc1cc(=O)n(-c2ccccc2)n1C,0,0.0,None,0,"N02BB01, S02DA03, N02BB71, N02BB51",ANTIPYRINE
563,CHEMBL277062,O=C1CN=C(c2ccccn2)c2cc(Br)ccc2N1,0,0.0,None,0,N05BA08,BROMAZEPAM
564,CHEMBL27577,NC(=O)c1ccccc1O,0,None,None,0,"N02BA05, N02BA55, N02BA75",SALICYLAMIDE
565,CHEMBL275638,O=c1cc(-c2ccccc2)oc2ccccc12,0,None,None,0,None,FLAVONE
566,CHEMBL274323,C(=O)(C(CC(=O)O)N)O,0,None,None,0,None,ASPARTIC ACID
567,CHEMBL270190,CC1CN(CC(Cc2ccccc2)C(=O)NCC(=O)O)CCC1(C)c1cccc(O)c1,0,0.0,None,0,A06AH02,ALVIMOPAN
568,CHEMBL27,CC(C)NCC(O)COc1cccc2ccccc12,0,0.0,None,0,C07AA05,PROPRANOLOL
569,CHEMBL269732,C=CCC1C=C(C)CC(C)CC(OC)C2OC(O)(C(=O)C(=O)N3CCCCC3C(=O)OC(C(C)=CC3CCC(O)C(OC)C3)C(C)C(O)CC1=O)C(C)CC2OC,0,0.0,None,0,"D11AH01, L04AD02",TACROLIMUS
570,CHEMBL554,CS(=O)(=O)CCNCc1ccc(-c2ccc3ncnc(Nc4ccc(OCc5cccc(F)c5)c(Cl)c4)c3c2)o1,0,0.0,None,0,L01EH01,LAPATINIB
571,CHEMBL556,CC(=O)N(O)CCCCCNC(=O)CCC(=O)N(O)CCCCCNC(=O)CCC(=O)N(O)CCCCCN,0,0.0,None,0,V03AC01,DEFEROXAMINE
572,CHEMBL2010507,CNC(C)Cc1ccccc1OC,0,0.0,None,0,R03CB02,METHOXYPHENAMINE
573,CHEMBL2110771,CC[N+](C)(C)CCC(C(N)=O)(c1ccccc1)c1ccccc1,0,0.0,None,None,None,AMBUTONIUM
574,CHEMBL2106439,CCCCCCCCCCCCCCCC(=O)OCCC1CCN(CCCN2c3ccccc3Sc3ccc(S(=O)(=O)N(C)C)cc32)CC1,0,0.0,None,None,N05AC04,PIPOTIAZINE PALMITATE
575,CHEMBL2107011,COc1cc2[nH]c(C)c(CCN3CCN(c4ccccc4)CC3)c2cc1OC,0,0.0,None,None,N05AE01,OXYPERTINE
576,CHEMBL2107062,CCC(C(=O)NC(N)=O)c1ccccc1,0,0.0,None,None,N03AX13,PHENETURIDE
577,CHEMBL2107175,N#Cc1c(N(CC(=O)O)CC(=O)O)sc(C(=O)O)c1CC(=O)O,0,0.0,None,None,None,RANELIC ACID
578,CHEMBL2107430,Fc1ccc(C(c2ccccc2)(c2ccccc2F)n2ccnc2)cc1,0,0.0,None,None,"D01AC16, G01AF18",FLUTRIMAZOLE
579,CHEMBL2110674,CC(=O)NC1CC(O)C(CO)OC1OC1C(C(=O)O)OC(O)C(O)C1O,0,0.0,None,None,S01KA51,HYALURONATE
580,CHEMBL2110805,CC[N+](C)(C)C(C)CC(c1ccccc1)c1ccccc1,0,0.0,None,None,"N05CX05, G04BD01",EMEPRONIUM
581,CHEMBL2105618,C=CCC1(O)CCC2C3CCC4=CCCCC4C3CCC21C,0,0.0,None,None,G03DC01,ALLYLESTRENOL
582,CHEMBL2110816,CC(CC1c2ccccc2CCc2ccccc21)CN(C)C,0,0.0,None,None,N06AA15,BUTRIPTYLINE
583,CHEMBL2110848,CC[N+](C)(C)CCOC(=O)C(O)(c1ccccc1)c1ccccc1,0,0.0,None,None,None,LACHESINE
584,CHEMBL2110900,CN(C)C(CCOc1cccc2ccccc12)c1ccccc1,0,0.0,None,None,G04BX14,DAPOXETINE
585,CHEMBL2110948,C[N+]1(C)CCCC1COC(=O)C(O)(c1ccccc1)c1ccccc1,0,0.0,None,None,A03AB11,POLDINE
586,CHEMBL2111030,CN(C)CCCN1c2ccccc2Sc2cccnc21,0,0.0,None,None,N05AX07,PROTHIPENDYL
587,CHEMBL2111157,CCC(=O)C(CC(C)N1CCCCC1)(c1ccccc1)c1ccccc1,0,0.0,None,None,None,DIPIPANONE
588,CHEMBL2105774,CCCCCCCCCCCCCCCCCC(=O)OCC(=O)OCC(=O)C1(O)CCC2C3CCC4=CC(=O)C=CC4(C)C3C(O)CC21C,0,0.0,None,None,"A07EA01, C05AA04, D07AA03, D07XA02, H02AB06, R01AD02, S01BA04, S01CB02, S02BA03, S03BA02",PREDNISOLONE STEAGLATE
589,CHEMBL2105612,CCC(Oc1ccccc1)C(=O)NC1C(=O)N2C1SC(C)(C)C2C(=O)O,0,0.0,None,None,J01CE03,PROPICILLIN
590,CHEMBL24171,COc1c2ccoc2cc2oc(=O)ccc12,0,0.0,None,None,D05BA03,BERGAPTEN
591,CHEMBL191083,CN(C)c1ccc2nc3ccc(=[N+](C)C)cc-3sc2c1,0,0.0,None,None,None,METHYLENE BLUE
592,CHEMBL1697844,O=C(OCC1OC(O)(COC(=O)c2cccnc2)C(OC(=O)c2cccnc2)C1OC(=O)c1cccnc1)c1cccnc1,0,0.0,None,None,C10AD03,NICOFURANOSE
593,CHEMBL1898387,COc1ccc(C(=O)c2ccc(C)cc2)c(O)c1,0,0.0,None,None,None,MEXENONE
594,CHEMBL190279,CC(=O)C1CCC2C3CCC4CC(O)CCC4(C)C3C(=O)CC12C,0,None,None,vet_approved,N01AX05,ALFAXALONE
595,CHEMBL1908373,CN(C)c1ccc(C2CC3(C)C(CCC3(O)CCCO)C3CCC4=CC(=O)CCC4=C23)cc1,0,0.0,None,None,None,ONAPRISTONE
596,CHEMBL1908906,CNc1ccc(C=Cc2ccc(OCCOCCOCCF)cc2)cc1,0,0.0,None,None,None,FLORBETABEN
597,CHEMBL1908919,CNc1ccc(C=Cc2ccc(OCCOCCOCCF)nc2)cc1,0,0.0,None,None,None,FLORBETAPIR
598,CHEMBL1945778,COC(=O)C1C(c2ccc(I)cc2)CC2CCC1N2CCCF,0,0.0,None,None,None,IOFLUPANE
599,CHEMBL2105611,C=C1C(=CC=C2CCCC3(C)C2CCC3C(C)CCC(O)C(C)C)CC(O)CC1O,0,0.0,None,None,D05AX04,TACALCITOL
600,CHEMBL1987462,CCCCNCC(O)c1ccc(O)cc1,0,0.0,None,None,C04AA31,BAMETHAN
601,CHEMBL2096637,C=CC=CCC1=C(C)C(OC(=O)C2C(C=C(C)C(=O)OC)C2(C)C)CC1=O,0,0.0,None,None,None,PYRETHRINS
602,CHEMBL2103772,CC(=O)SCC(Cc1ccccc1)C(=O)NCC(=O)OCc1ccccc1,0,0.0,None,None,A07XA04,RACECADOTRIL
603,CHEMBL2103855,Cc1ccn(-c2cc(Cl)ccc2C(Oc2cc(-c3ccc(CC(N)C(=O)O)cc3)nc(N)n2)C(F)(F)F)n1,0,0.0,None,None,A16AX15,TELOTRISTAT
604,CHEMBL2104251,C=C(C#N)C(=O)OCCCC,0,0.0,None,None,None,ENBUCRILATE
605,CHEMBL2105131,CN(CC1(C)CCCO1)S(=O)(=O)c1ccc(Cl)c(S(N)(=O)=O)c1,0,0.0,None,None,C03BA05,MEFRUSIDE
606,CHEMBL2142890,CC(=O)NC(CCC(=O)O)C(=O)O,0,0.0,None,None,None,ACEGLUMATE
607,CHEMBL244888,O=C(NN=Cc1ccc([N+](=O)[O-])o1)c1ccc(O)cc1,0,0.0,None,None,A07AX03,NIFUROXAZIDE
608,CHEMBL447629,OC(CBr)C(O)C(O)C(O)CBr,0,0.0,None,None,L01AX01,MITOBRONITOL
609,CHEMBL3833405,O=c1[nH]cnc2c1ncn2C1OC(CO)C(O)C1O,0,0.0,None,experimental,None,INOSINE PRANOBEX
610,CHEMBL3707268,CC1(F)CC(N)(C(=O)O)C1,0,0.0,None,None,None,FLUCICLOVINE
611,CHEMBL3707290,C=C(CCCCCCCCCCCCCCCc1nnn[nH]1)NS(=O)(=O)CCCC(=O)NCCOCCOCC(=O)NC(CCC(=O)NC(CCC(=O)NCCOCCOCC(=O)NC(CCCCNC(=O)CSCC(N)C(=O)O)C(N)=O)C(=O)O)C(=O)O,0,0.0,None,None,H01AC07,SOMAPACITAN
612,CHEMBL37390,CC(O)Cn1cnc2c1c(=O)n(C)c(=O)n2C,0,0.0,None,None,R03DA03,PROXYPHYLLINE
613,CHEMBL3833339,CC(C)CCON=O,0,0.0,None,None,V03AB22,AMYL NITRITE
614,CHEMBL3833382,CCC[N+]12C(O)C(CC)C3CC1C1N(C)c4ccccc4C14CC2C3C4O,0,0.0,None,None,C01BA08,PRAJMALIUM
615,CHEMBL3833389,CC(CC(C(=O)N1CCCC1)(c1ccccc1)c1ccccc1)N1CCOCC1,0,0.0,None,None,N02AC01,DEXTROMORAMIDE
616,CHEMBL383675,Oc1cccc(-c2c3nc(c(-c4cccc(O)c4)c4ccc([nH]4)c(-c4cccc(O)c4)c4ccc([nH]4)c(-c4cccc(O)c4)c4nc2CC4)C=C3)c1,0,0.0,None,None,L01XD05,TEMOPORFIN
617,CHEMBL3545432,C(=O)(c1c(Cl)ccc(Cl)c1)NCC(=O)NC(B2OC(=O)C(O2)(CC(=O)O)CC(=O)O)CC(C)C,0,0.0,None,None,L01XG03,IXAZOMIB CITRATE
618,CHEMBL413965,O=C(O)Cc1ccc(-c2ccccc2)cc1,0,0.0,None,None,M02AA08,FELBINAC
619,CHEMBL416898,Clc1ccc(C(c2ccc(Cl)cc2)C(Cl)(Cl)Cl)cc1,0,0.0,None,None,"P03AB01, P03AB51",CHLOROPHENOTHANE
620,CHEMBL4297067,O=C1C=CC2C(=C1)Oc1cc(O)ccc1C21OC(=O)c2ccccc21,0,0.0,None,None,"S01JA01, S01JA51",FLUORESCEIN
621,CHEMBL4297364,CC[N+]1(C)C2CC(OC(=O)C(CO)c3ccccc3)CC1C1OC12,0,0.0,None,None,None,OXITROPIUM
622,CHEMBL4301898,CCOc1ccc(Nc2ccc(C(=C3C=CC(=[N+](CC)Cc4cccc(S(=O)(=O)[O-])c4)C=C3C)c3ccc(N(CC)Cc4cccc(S(=O)(=O)O)c4)cc3C)cc2)cc1,0,0.0,None,None,None,E133
623,CHEMBL434200,CC(C)(C)NCC(O)COc1cccc2c1SCCC2,0,0.0,None,None,C07AA16,TERTATOLOL
624,CHEMBL3546271,Fc1ccc(-c2ccc3c(c2)[nH]c2ccncc23)cn1,0,0.0,None,None,None,FLORTAUCIPIR
625,CHEMBL338802,NC(N)=NS(=O)(=O)c1ccc(N)cc1,0,0.0,None,None,A07AB03,SULFAGUANIDINE
626,CHEMBL252518,CC1CCC2C(C)C(O)OC3OC4(C)CCC1C32OO4,0,0.0,None,None,P01BE05,ARTENIMOL
627,CHEMBL30116,CCn1cc(C(=O)O)c(=O)c2cnc(N3CCNCC3)nc21,0,0.0,None,None,J01MB04,PIPEMIDIC ACID
628,CHEMBL255044,CCOC(=O)Nc1ccc(NCc2ccc(F)cc2)nc1N,0,None,None,None,N02BG07,FLUPIRTINE
629,CHEMBL258918,CC1CC(=O)CC2CCC3C4CCC(O)C4(C)CCC3C12C,0,0.0,None,None,G03BB01,MESTEROLONE
630,CHEMBL260538,CC(=O)OC1(C(C)=O)CCC2C3CCC4=CC(=O)CCC4=C3C(c3ccc(N(C)C)cc3)CC21C,0,0.0,None,None,"G03AD02, G03XB02",ULIPRISTAL ACETATE
631,CHEMBL261772,C=C1c2c(Cl)ccc(O)c2C(=O)C2C(=O)C3(O)C(=O)C(C(N)=O)C(=O)C(N(C)C)C3C(O)C12,0,0.0,None,investigational,None,MECLOCYCLINE SULFOSALICYLATE
632,CHEMBL271227,CC(=O)OC1CCC2(C)C(=CCC3C2CCC2(C)C(c4cccnc4)=CCC32)C1,0,0.0,None,None,L02BX03,ABIRATERONE ACETATE
633,CHEMBL28333,CN1CCN=C(c2ccccc2)c2cc(Cl)ccc21,0,0.0,None,None,N05BA03,MEDAZEPAM
634,CHEMBL307145,Oc1cccc(O)c1O,0,0.0,None,None,None,PYROGALLOL
635,CHEMBL3351077,NC(=O)c1cc[n+](CC2=C(C(=O)O)N3C(=O)C(NC(=O)C(c4ccccc4)S(=O)(=O)[O-])C3SC2)cc1,0,0.0,None,None,J01DD03,CEFSULODIN
636,CHEMBL314437,CCC1(c2cccc(O)c2)CCCCN(C)C1,0,0.0,None,None,N02AX05,MEPTAZINOL
637,CHEMBL317094,CCOC(=O)C(CCc1ccccc1)NC(C)C(=O)N1C(=O)N(C)CC1C(=O)O,0,0.0,None,None,C09AA16,IMIDAPRIL
638,CHEMBL3184512,CCCC1CC(C(=O)NC(C(C)Cl)C2OC(SC)C(OP(=O)(O)O)C(O)C2O)N(C)C1,0,0.0,None,None,"D10AF01, G01AA10, J01FF01, D10AF51",CLINDAMYCIN PHOSPHATE
639,CHEMBL325109,COc1cc(N)c(Cl)cc1C(=O)NC1CCN(Cc2ccccc2)CC1,0,0.0,None,None,A03FA06,CLEBOPRIDE
640,CHEMBL3304484,CCCCCCCC(=O)OCC(O)CO,0,0.0,None,experimental,None,MONOCTANOIN
641,CHEMBL3305985,C=CC[N+]12CCC34c5ccccc5N5C=C6C7CC8C9(CC[N+]8(CC=C)CC7=CCO)c7ccccc7N(C=C(C(CC31)C(=CCO)C2)C54)C69,0,0.0,None,None,M03AA01,ALCURONIUM
642,CHEMBL1697843,COC1C(O)CC(OC2C(O)CC(OC3C(O)CC(OC4CCC5(C)C(CCC6C5CC(O)C5(C)C(C7=CC(=O)OC7)CCC65O)C4)OC3C)OC2C)OC1C,0,0.0,None,None,C01AA08,METILDIGOXIN
643,CHEMBL1681,O=C(O)CNC(=O)c1ccccc1I,0,0.0,None,None,None,IODOHIPPURATE
644,CHEMBL1675,CCCCCCCCCCCCCCCC(=O)OCC=C(C)C=CC=C(C)C=CC1=C(C)CCCC1(C)C,0,0.0,None,None,"A11CA01, D10AD02, R01AX02, S01XA02",VITAMIN A PALMITATE
645,CHEMBL1200951,CCCCCCC(=O)OCCN1CCN(CCCN2c3ccccc3Sc3ccc(C(F)(F)F)cc32)CC1,0,0.0,None,None,N05AB02,FLUPHENAZINE ENANTHATE
646,CHEMBL1200711,CCC=CCC=CCC=CCC=CCC=CCC=CCCC(=O)OCC,0,0.0,None,None,C10AX06,OMEGA-3-ACID ETHYL ESTERS
647,CHEMBL1200854,CCCCCCCCCC(=O)OCCN1CCN(CCCN2c3ccccc3Sc3ccc(C(F)(F)F)cc32)CC1,0,0.0,None,None,N05AB02,FLUPHENAZINE DECANOATE
648,CHEMBL1200861,C(=O)(C(C(C(=O)O)O)O)O,0,0.0,None,None,None,TARTARIC ACID
649,CHEMBL1200866,FC(F)(F)C(F)(F)C(F)(F)C(F)(F)C(F)(F)C(F)(F)C(F)(F)C(F)(F)Br,0,0.0,None,None,V08CX01,PERFLUBRON
650,CHEMBL1200877,CC1CC2C3CC(F)C4=CC(=O)C=CC4(C)C3(F)C(O)CC2(C)C1(O)C(=O)COC(=O)C(C)(C)C,0,0.0,None,None,"D07AB03, D07XB01",FLUMETHASONE PIVALATE
651,CHEMBL1200908,CCC(=O)OC1(C(=O)CCl)C(C)CC2C3CC(F)C4=CC(=O)C=CC4(C)C3(F)C(O)CC21C,0,0.0,None,None,D07AC21,HALOBETASOL PROPIONATE
652,CHEMBL1200975,CC1CC2C3CC(F)C4=CC(=O)C=CC4(C)C3(Cl)C(O)CC2(C)C1C(=O)COC(=O)C(C)(C)C,0,0.0,None,None,D07AB21,CLOCORTOLONE PIVALATE
653,CHEMBL1200661,CCCCCCCC(=O)CCC1C(O)CC(O)C1CC=CCCCC(=O)OC(C)C,0,0.0,None,None,S01EE02,UNOPROSTONE ISOPROPYL
654,CHEMBL1200989,CCC(=O)OCC(=O)C1(OC(=O)CC)C(C)CC2C3C(Cl)CC4=CC(=O)C=CC4(C)C3C(O)CC21C,0,0.0,None,None,"D07AB10, S01BA10",ALCLOMETASONE DIPROPIONATE
655,CHEMBL1201010,CC(=O)OCC(=O)C1(O)CCC2C3CCC4=CC(=O)CCC4(C)C3(F)C(O)CC21C,0,0.0,None,None,H02AA02,FLUDROCORTISONE ACETATE
656,CHEMBL1201016,COCC1=C(C(=O)OC(C)OC(=O)OC(C)C)N2C(=O)C(NC(=O)C(=NOC)c3csc(N)n3)C2SC1,0,0.0,None,None,None,CEFPODOXIME PROXETIL
657,CHEMBL1201038,Nc1c2ccccc2nc2ccccc12,0,0.0,None,experimental,None,ACRISORCIN
658,CHEMBL1201064,CC(=O)OC1(C(C)=O)CCC2C3CC(C)C4=CC(=O)C=CC4(C)C3(F)C(O)CC21C,0,0.0,None,None,"C05AA06, D07AB06, D07XB04, D10AA01, S01BA07, S01CB05",FLUOROMETHOLONE ACETATE
659,CHEMBL1201146,C#CC1(OC(C)=O)CCC2C3CCC4=CC(=O)CCC4C3CCC21C,0,0.0,None,None,"G03AC01, G03DC02",NORETHINDRONE ACETATE
660,CHEMBL1200688,CCOC(=O)CCC(=O)OC1C(OC2C(C)C(OC3CC(C)(OC)C(O)C(C)O3)C(C)C(=O)OC(CC)C(C)(O)C(O)C(C)C(=O)C(C)CC2(C)O)OC(C)CC1N(C)C,0,0.0,None,None,"D10AF02, J01FA01, S01AA17",ERYTHROMYCIN ETHYLSUCCINATE
661,CHEMBL1200645,COc1cc(C2c3cc4c(cc3C(OC3OC5COC(C)OC5C(O)C3O)C3COC(=O)C23)OCO4)cc(OC)c1OP(=O)(O)O,0,0.0,None,None,L01CB01,ETOPOSIDE PHOSPHATE
662,CHEMBL1673148,C[N+](C)(CCOc1ccccc1)Cc1ccccc1,0,0.0,None,experimental,None,BEPHENIUM HYDROXYNAPHTHOATE
663,CHEMBL1199307,CN(CCCCCCN(C)C(=O)Oc1ccc[n+](C)c1)C(=O)Oc1ccc[n+](C)c1,0,0.0,None,None,N07AA03,DISTIGMINE
664,CHEMBL1159717,CC(C)(C)NCC(O)c1ccccc1Cl,0,0.0,None,None,"R03AC11, R03CC11",TULOBUTEROL
665,CHEMBL1180003,CCCCCCCCCCCCCC[N+](C)(C)C,0,0.0,None,None,None,CETRIMIDE
666,CHEMBL1183349,CNCC(=O)OCc1cccnc1N(C)C(=O)OC(C)[n+]1cnn(CC(O)(c2cc(F)ccc2F)C(C)c2nc(-c3ccc(C#N)cc3)cs2)c1,0,0.0,None,None,None,ISAVUCONAZONIUM
667,CHEMBL1187417,CCCCCCCCCCCCC[N+](C)(C)Cc1ccccc1,0,0.0,None,None,"D08AJ01, R02AA16, D09AA11",BENZALKONIUM
668,CHEMBL1187724,C[N+]1(C)C2CCC1CC(OC(=O)C(CO)c1ccccc1)C2,0,0.0,None,None,A03BB02,METHYLATROPINE
669,CHEMBL119423,Sc1ncnc2[nH]ncc12,0,0.0,None,None,M04AA02,TISOPURINE
670,CHEMBL1200375,C(=O)([O-])CN(CC(=O)[O-])CCN(CC(=O)[O-])CC(=O)[O-],0,0.0,None,None,V03AB03,EDETATE CALCIUM DISODIUM
671,CHEMBL1200598,CCC(=C(CC)c1ccc(OP(=O)(O)O)cc1)c1ccc(OP(=O)(O)O)cc1,0,0.0,None,None,"G03CB02, G03CC05, L02AA01, L02AA04",DIETHYLSTILBESTROL DIPHOSPHATE
672,CHEMBL1200376,CC1CC2C3CCC4=CC(=O)C=CC4(C)C3(F)C(O)CC2(C)C1(OC(=O)c1ccccc1)C(=O)CO,0,0.0,None,None,"A07EA04, C05AA05, D07AC01, D07XC01, H02AB01, R01AD06, R03BA04, S01BA06, S01CB04, S02BA07, S03BA03",BETAMETHASONE BENZOATE
673,CHEMBL1200384,CCC(=O)OCC(=O)C1(OC(=O)CC)C(C)CC2C3CCC4=CC(=O)C=CC4(C)C3(F)C(O)CC21C,0,0.0,None,None,"A07EA04, C05AA05, D07AC01, D07XC01, H02AB01, R01AD06, R03BA04, S01BA06, S01CB04, S02BA07, S03BA03",BETAMETHASONE DIPROPIONATE
674,CHEMBL1200406,Cn1c(=O)c2[nH]c(Cl)nc2n(C)c1=O,0,0.0,None,experimental,None,DIMENHYDRINATE
675,CHEMBL1200449,CC(=O)OCC(=O)C1(O)C(OC(C)=O)CC2C3CCC4=CC(=O)C=CC4(C)C3(F)C(O)CC21C,0,0.0,None,None,"A01AC01, C05AA12, D07AB09, D07XB02, H02AB08, R01AD11, R03BA06, S01BA05",TRIAMCINOLONE DIACETATE
676,CHEMBL1200545,CC(=O)OCC(=O)C1(OC(C)=O)C(C)CC2C3CC(F)C4=CC(=O)C=CC4(C)C3(F)C(O)CC21C,0,0.0,None,None,D07AC10,DIFLORASONE DIACETATE
677,CHEMBL1200592,CC(C)(C)C(=O)OCC(=O)C1CCC2C3CCC4=CC(=O)CCC4(C)C3CCC12C,0,0.0,None,None,H02AA03,DESOXYCORTICOSTERONE PIVALATE
678,CHEMBL1201147,CCCCC(CC)COC(=O)C(C#N)=C(c1ccccc1)c1ccccc1,0,0.0,None,None,None,OCTOCRYLENE
679,CHEMBL1201198,Cc1cccn2c(=O)c(-c3nnn[nH]3)cnc12,0,0.0,None,None,None,PEMIROLAST
680,CHEMBL1201233,CCOC(=O)C(C)(N)Cc1ccc(O)c(O)c1,0,0.0,None,None,None,METHYLDOPATE
681,CHEMBL1615487,O=C(CCOCCOCCOCCOCCC(=O)Nc1c(I)cc(I)c(C(=O)O)c1I)Nc1c(I)cc(I)c(C(=O)O)c1I,0,0.0,None,None,V08AC01,IODOXAMIC ACID
682,CHEMBL1491306,O=c1cc(Cc2ccccc2)nc(S)[nH]1,0,0.0,None,None,H03BA03,BENZYLTHIOURACIL
683,CHEMBL15023,O=C(CCCN1CCC(O)(c2cccc(C(F)(F)F)c2)CC1)c1ccc(F)cc1,0,0.0,None,None,N05AD02,TRIFLUPERIDOL
684,CHEMBL1504,CC1(C)OC2CC3C4CCC5=CC(=O)C=CC5(C)C4(F)C(O)CC3(C)C2(C(=O)CO)O1,0,0.0,None,None,"A01AC01, C05AA12, D07AB09, D07XB02, H02AB08, R01AD11, R03BA06, S01BA05",TRIAMCINOLONE ACETONIDE
685,CHEMBL1547,Cc1ncc(C[n+]2csc(CCO)c2C)c(N)n1,0,0.0,None,None,None,THIAMINE
686,CHEMBL1565476,CCCC1C(=O)N2C(N(C)C)=Nc3ccc(C)cc3N2C1=O,0,0.0,None,None,M01AX04,APAZONE
687,CHEMBL1584,CC(=O)c1ccc2c(c1)N(CCCN1CCC(CCO)CC1)c1ccccc1S2,0,0.0,None,None,None,PIPERACETAZINE
688,CHEMBL1619528,CC[N+]1(C)CCCC(OC(=O)C(O)(c2ccccc2)c2ccccc2)C1,0,0.0,None,None,A03AB14,PIPENZOLATE
689,CHEMBL1201275,CCN(CC)c1ccc(C(=C2C=CC(=[N+](CC)CC)C=C2)c2cc(S(=O)(=O)[O-])ccc2S(=O)(=O)O)cc1,0,0.0,None,None,None,ISOSULFAN BLUE
690,CHEMBL1619785,CC1(C)SC2C(NC(=O)C(N)c3ccccc3)C(=O)N2C1C(=O)OC1OC(=O)c2ccccc21,0,0.0,None,None,J01CA15,TALAMPICILLIN
691,CHEMBL1623992,CCN1CCCC(OC(=O)C(c2ccccc2)c2ccccc2)C1,0,0.0,None,None,A03AA30,PIPERIDOLATE
692,CHEMBL1627367,CC12CCC3c4ccc(O)cc4CCC3C1CC(F)C2O,0,0.0,None,None,None,FLUOROESTRADIOL
693,CHEMBL1650619,On1ccccc1=S,0,0.0,None,None,None,PYRITHIONE
694,CHEMBL1651990,Clc1ccc(C(Cn2ccnc2)OCc2ccc(Sc3ccccc3)cc2)c(Cl)c1,0,0.0,None,None,"D01AC12, G01AF12",FENTICONAZOLE
695,CHEMBL167150,COP(=O)(OC)C(O)C(Cl)(Cl)Cl,0,0.0,None,None,P02BB01,TRICHLORFON
696,CHEMBL1485,N=C(N)NCCCC(N)C(=O)O,0,0.0,None,None,None,ARGININE
697,CHEMBL1455497,C(=O)(C(O)CC(=O)O)O,0,0.0,None,None,None,MALIC ACID
698,CHEMBL145347,CCC(C(=O)C(C)C(O)C(C)CCc1ccc(C)c(O)c1C(=O)O)C1OC(CC)(C2CCC(O)(CC)C(C)O2)CC1C,0,None,None,None,None,LASALOCID
699,CHEMBL1449676,Cc1ncc([N+](=O)[O-])n1CC(O)CCl,0,0.0,None,None,"G01AF06, J01XD03, P01AB03",ORNIDAZOLE
700,CHEMBL14053,O=C(O)C(Cl)(Cl)Cl,0,0.0,None,None,None,TRICHLOROACETIC ACID
701,CHEMBL1371770,c1cnc(N2CCN(Cc3ccc4c(c3)OCO4)CC2)nc1,0,0.0,None,None,N04BC08,PIRIBEDIL
702,CHEMBL1364144,CC(=O)OCC(=O)C1(O)CCC2C3CC(C)C4=CC(=O)C=CC4(C)C3C(O)CC21C,0,0.0,None,None,"D07AA01, D10AA02, H02AB04",METHYLPREDNISOLONE ACETATE
703,CHEMBL1322884,CC(C)=CC1C(C(=O)OCc2cccc(Oc3ccccc3)c2)C1(C)C,0,0.0,None,None,"P03AC03, P03AC53",PHENOTHRIN
704,CHEMBL1292,CC(C)N=c1cc2n(-c3ccc(Cl)cc3)c3ccccc3nc-2cc1Nc1ccc(Cl)cc1,0,0.0,None,None,J04BA01,CLOFAZIMINE
705,CHEMBL126224,CN(C)CCCn1c2c(c3ccccc31)CCCCCC2,0,0.0,None,None,N06AA13,IPRINDOLE
706,CHEMBL1257015,COc1ccc(C(=O)NCc2cccnc2)cc1C(=O)NCc1cccnc1,0,0.0,None,None,B01AC03,PICOTAMIDE
707,CHEMBL1237072,CCC1OC(=O)C(C)C(OC2CC(C)(OC)C(O)C(C)O2)C(C)C(OC2OC(C)CC(N(C)C)C2O)C(C)(O)CC(C)C2NC(COCCOC)OC(C2C)C1(C)O,0,0.0,None,None,J01FA13,DIRITHROMYCIN
708,CHEMBL1232131,O=S(=O)(O)c1cc(O)ccc1O,0,0.0,None,None,None,DOBESILIC ACID
709,CHEMBL1222250,OCC1OC(O)C(O)C(O)C1O,0,0.0,None,None,"B05CX01, V04CA02, V06DC01, C05BB56",DEXTROSE
710,CHEMBL1201308,CC(C)NC(C)Cc1ccc(I)cc1,0,0.0,None,None,None,IOFETAMINE
711,CHEMBL1201304,CC1(C)C(=CC=CC=CC=CC2=[N+](CCCCS(=O)(=O)[O-])c3ccc4ccccc4c3C2(C)C)N(CCCCS(=O)(=O)O)c2ccc3ccccc3c21,0,0.0,None,None,V04CX01,INDOCYANINE GREEN
712,CHEMBL1201289,CCCCCCCCCCCCCCCC(=O)OC1C(SC)OC(C(NC(=O)C2CC(CCC)CN2C)C(C)Cl)C(O)C1O,0,0.0,None,None,None,CLINDAMYCIN PALMITATE
713,CHEMBL435966,O=[N+]([O-])c1cncn1CCN1CCOCC1,0,0.0,None,None,P01AB06,NIMORAZOLE
714,CHEMBL454446,CON=C(C(=O)NC1C(=O)N2C(C(=O)OCOC(=O)C(C)(C)C)=C(C=Cc3scnc3C)CSC12)c1csc(N)n1,0,0.0,None,None,None,CEFDITOREN PIVOXIL
715,CHEMBL1096882,Nc1nc(F)nc2c1ncn2C1OC(COP(=O)(O)O)C(O)C1O,0,0.0,None,None,L01BB05,FLUDARABINE PHOSPHATE
716,CHEMBL2107112,CC12CCC(=O)C=C1CCC1C2C(O)CC2(C)C1CCC2(O)C(=O)CS,0,None,None,1,"A07EA05, R01AD07, R01AD57",TIXOCORTOL PIVALATE
717,CHEMBL2104528,CCCCCCC(C)NN,0,None,None,1,None,OCTAMOXIN
718,CHEMBL2105566,CC(Cc1ccccc1)NCCC#N,0,None,None,1,None,FENPROPOREX
719,CHEMBL2106261,CCOC(=O)C(c1c(O)c2ccccc2oc1=O)c1c(O)c2ccccc2oc1=O,0,None,None,1,B01AA08,ETHYL BISCOUMACETATE
720,CHEMBL2106319,CC12CCC(=O)CC1CCC1C2CCC2(C)C(C(=O)CO)CCC12,0,None,None,1,None,HYDROXYDIONE SODIUM SUCCINATE
721,CHEMBL2106357,O=C(O)CCC(=O)c1ccc2c(c1)-c1cccc3cccc-2c13,0,None,None,1,None,FLORANTYRONE
722,CHEMBL2106825,CC(=O)C1(C)CCC2C3C=C(C)C4=CC(=O)CCC4(C)C3CCC21C,0,0.0,None,1,G03DB03,MEDROGESTONE
723,CHEMBL2109188,CC(C)C1OC(=O)C(C(C)C)N(C)C(=O)C(C(C)C)OC(=O)C(C(C)C)N(C)C(=O)C(C(C)C)OC(=O)C(C(C)C)N(C)C1=O,0,None,None,1,R02AB03,FUSAFUNGINE
724,CHEMBL2104164,NC(=O)CN1Cc2ccccc2OC1=O,0,None,None,1,None,CAROXAZONE
725,CHEMBL2110562,C(=O)(NCC(OC)C[Hg]Cl)N,0,0.0,None,1,None,CHLORMERODRIN
726,CHEMBL2110774,CN(C)CCOC(C)(c1ccccc1)c1ccc(Cl)cc1,0,0.0,None,1,"D04AA34, R06AA06, R06AA56",CHLORPHENOXAMINE
727,CHEMBL218394,CC(C)(C)NC(=O)NC(C(=O)N1CC2C(C1C(=O)NC(CC1CCC1)C(=O)C(N)=O)C2(C)C)C(C)(C)C,0,0.0,None,1,J05AP03,BOCEPREVIR
728,CHEMBL22498,CC(Cc1ccccc1)NN,0,None,None,1,None,PHENIPRAZINE
729,CHEMBL2354773,S([Au])C1OC(C(O)C(O)C1O)CO,0,0.0,None,1,M01CB04,AUROTHIOGLUCOSE
730,CHEMBL251634,CC1CC2C3CC(F)C4=CC(=O)C=CC4(C)C3C(O)CC2(C)C1C(=O)CO,0,0.0,None,1,"C05AA08, D07AC05, D07XC05, H02AB03",FLUOCORTOLONE
731,CHEMBL2104306,OCCN(CCO)c1nc(-c2ccccc2)c(-c2ccccc2)o1,0,None,None,1,B01AC01,DITAZOLE
732,CHEMBL2051960,CN1CC(O)C2=CC(=NNC(N)=O)C(=O)C=C21,0,None,None,1,B02BX02,CARBAZOCHROME
733,CHEMBL266195,C=CCc1ccccc1OCC(O)CNC(C)C,0,None,None,1,C07AA01,ALPRENOLOL
734,CHEMBL1763,NS(=O)(=O)c1cc2c(cc1C(F)(F)F)NCNS2(=O)=O,0,0.0,None,1,"C03AA02, C03AH02",HYDROFLUMETHIAZIDE
735,CHEMBL163672,CCOC(=O)COc1ccc2c(C)c(CCN(CC)CC)c(=O)oc2c1,0,None,None,1,C01DX05,CHROMONAR
736,CHEMBL1651905,O=C(COCCOCCOCC(=O)Nc1c(I)cc(I)c(C(=O)O)c1I)Nc1c(I)cc(I)c(C(=O)O)c1I,0,None,None,1,V08AC02,IOTROXIC ACID
737,CHEMBL170797,CCOC(=O)C1(c2ccccc2)CCCN(C)CC1,0,None,None,1,None,ETHOHEPTAZINE
738,CHEMBL1738,CC(CN1CC(=O)NC(=O)C1)N1CC(=O)NC(=O)C1,0,0.0,None,1,V03AF02,DEXRAZOXANE
739,CHEMBL1740065,CCC(C)(CN(C)C)OC(=O)c1ccccc1,0,None,None,1,None,AMYLOCAINE
740,CHEMBL1743259,CCc1nn(CCCN2CCN(c3cccc(Cl)c3)CC2)c(=O)n1CC,0,None,None,1,N06AB09,ETOPERIDONE
741,CHEMBL1790041,CNC(=C[N+](=O)[O-])NCCSCc1ccc(CN(C)C)o1,0,0.0,None,1,A02BA02,RANITIDINE
742,CHEMBL1908364,O=C1CCC(c2ccccc2)(C2CCN(Cc3ccccc3)CC2)C(=O)N1,0,None,None,1,N04AA08,DEXETIMIDE
743,CHEMBL18,CCOc1ccc2nc(S(N)(=O)=O)sc2c1,0,0.0,None,1,None,ETHOXZOLAMIDE
744,CHEMBL1877495,CC(NNC(=O)c1ccccc1)c1ccccc1,0,None,None,1,None,BENMOXIN
745,CHEMBL1885437,CCOC(CN1CCN(CC(C)C(=O)c2ccccc2)CC1)c1ccccc1,0,None,None,1,R05CB04,EPRAZINONE
746,CHEMBL1899801,FC(F)(F)C(F)(F)C(F)(F)C(F)(F)C(F)(F)F,0,None,None,1,V08DA03,PERFLENAPENT
747,CHEMBL1908315,CCCCC(C)(C)C(O)C=CC1C(O)CC(=O)C1CCCCC=CC(=O)OC,0,0.0,None,1,G02AD03,GEMEPROST
748,CHEMBL1908335,CC(C)C1NC(=O)C(CCCCN)NC(=O)C(Cc2c[nH]c3ccccc23)NC(=O)C(Cc2ccc(O)cc2)NC(=O)C(Cc2ccccc2)N(C)C(=O)C(CCSCC(=O)NCC(N)C(=O)NC(CCCCN)C(=O)NC(CS)C(=O)NC(CCCCN)C(N)=O)NC1=O,0,None,None,1,None,DEPREOTIDE
749,CHEMBL263881,CCN(CC)C(=O)C1C=C2c3cccc4[nH]cc(c34)CC2N(C)C1,0,None,None,1,None,LYSERGIDE
750,CHEMBL285802,CN(C)CCOC1=Cc2ccccc2Sc2ccc(Cl)cc21,0,0.0,None,1,N05AX11,ZOTEPINE
751,CHEMBL457299,OCCO,0,0.0,None,None,"A06AD15, A06AD65",MACROGOL
752,CHEMBL908,CN(C)CCC=C1c2ccccc2Sc2ccc(Cl)cc21,0,0.0,None,1,N05AF03,CHLORPROTHIXENE
753,CHEMBL7010,CCNC1C2CCC(C2)C1c1ccccc1,0,None,None,1,N06BA06,FENCAMFAMIN
754,CHEMBL70352,CCN(CC)CCOC(=O)C(O)(c1ccccc1)c1ccccc1,0,None,None,1,None,BENACTYZINE
755,CHEMBL830,NCCCC(N)(C(=O)O)C(F)F,0,0.0,None,1,"D11AX16, P01CX03",EFLORNITHINE
756,CHEMBL861,CCC1(c2ccccc2)NC(=O)N(C)C1=O,0,0.0,None,1,"N03AB04, N03AB54",MEPHENYTOIN
757,CHEMBL867,CCC(Cc1c(I)cc(I)c(N)c1I)C(=O)O,0,0.0,None,1,V08AC06,IOPANOIC ACID
758,CHEMBL86882,CCNCC(O)c1cccc(O)c1,0,0.0,None,1,"C01CA01, C01CA51",ETILEFRINE
759,CHEMBL91238,CC(C)NNC(=O)COc1ccc(Cl)cc1,0,None,None,1,N06AF06,IPROCLOZIDE
760,CHEMBL591,C#CC(O)(C=CCl)CC,0,0.0,None,1,N05CM08,ETHCHLORVYNOL
761,CHEMBL92401,CC(C)NNC(=O)c1ccncc1,0,0.0,None,1,N06AF05,IPRONIAZID
762,CHEMBL93,CC(c1cc2ccccc2s1)N(O)C(N)=O,0,0.0,None,1,None,ZILEUTON
763,CHEMBL93077,O=C(C[S+]([O-])C(c1ccccc1)c1ccccc1)NO,0,None,None,1,N06BX17,ADRAFINIL
764,CHEMBL936,OC(CCCN1CCCCC1)(c1ccccc1)c1ccccc1,0,0.0,None,1,None,DIPHENIDOL
765,CHEMBL95,Nc1c2c(nc3ccccc13)CCCC2,0,0.0,None,1,N06DA01,TACRINE
766,CHEMBL970,O=C1CN=C(c2ccccc2)c2cc(Cl)ccc2N1CC(F)(F)F,0,0.0,None,1,N05BA13,HALAZEPAM
767,CHEMBL607710,NC(=O)OCC(O)COc1ccc(Cl)cc1,0,0.0,None,1,D01AE07,CHLORPHENESIN CARBAMATE
768,CHEMBL56367,CS(=O)(=O)Nc1ccc([N+](=O)[O-])cc1Oc1ccccc1,0,0.0,None,1,"M01AX17, M02AA26",NIMESULIDE
769,CHEMBL306700,CCOc1ccccc1OCC1CNCCO1,0,0.0,None,1,N06AX09,VILOXAZINE
770,CHEMBL37858,O=C(O)c1cn(-c2ccc(F)cc2)c2cc(N3CCNCC3)c(F)cc2c1=O,0,None,None,1,None,SARAFLOXACIN
771,CHEMBL318153,CCc1cn(C2CC(O)C(CO)O2)c(=O)[nH]c1=O,0,None,None,1,D06BB09,EDOXUDINE
772,CHEMBL3186538,COC1=C(C(=O)O)N2C(=O)C(NC(=O)C(N)C3=CCC=CC3)C2SC1,0,None,None,1,J01DB11,CEFROXADINE
773,CHEMBL329203,CNC(C)CC1CCCC1,0,None,None,1,R01AA02,CYCLOPENTAMINE
774,CHEMBL3545157,O=c1sn(-c2cccc3ccccc23)c(=O)n1Cc1ccccc1,0,None,None,1,None,TIDEGLUSIB
775,CHEMBL3707306,N#Cc1c(N(CC(=O)O)CC(=O)O)sc(C(=O)O)c1CC(=O)O,0,0.0,None,1,M05BX03,STRONTIUM RANELATE
776,CHEMBL376180,Nc1nc(N)c2nc(CNc3ccc(C(=O)NC(CCC(=O)O)C(=O)O)cc3)cnc2n1,0,None,None,1,None,AMINOPTERIN
777,CHEMBL3989849,C[N+]1(CC(=O)c2ccc(-c3ccccc3)cc2)C2CCC1CC(OC(=O)C(CO)c1ccccc1)C2,0,None,None,1,A03BB04,FENTONIUM
778,CHEMBL54661,OCCN1CCN(CCC=C2c3ccccc3Sc3ccc(C(F)(F)F)cc32)CC1,0,None,None,1,N05AF01,FLUPENTIXOL
779,CHEMBL426559,CS(=O)(=O)c1cc(F)cc2c3c(n(Cc4ccc(Cl)cc4)c12)C(CC(=O)O)CC3,0,None,None,1,None,LAROPIPRANT
780,CHEMBL450,CCC1(CC)C(=O)NC(=O)N(C)C1=O,0,0.0,None,1,N03AA30,METHARBITAL
781,CHEMBL461332,CC1(C)OC2CC3C4CC(F)C5=CC(=O)C=CC5(C)C4(Cl)C(Cl)CC3(C)C2(C(=O)CO)O1,0,0.0,None,1,D07AC02,FLUCLORONIDE
782,CHEMBL509924,CC1CC2C3CC(F)C4=CC(=O)C=CC4(C)C3(F)C(O)CC2(C)C1C(=O)CO,0,0.0,None,1,"D07AC06, D07XC04",DIFLUCORTOLONE
783,CHEMBL528,CON=C(C(=O)NC1C(=O)N2C(C(=O)O)=CCSC12)c1csc(N)n1,0,0.0,None,1,J01DD07,CEFTIZOXIME
784,CHEMBL529888,Cc1ccc(S(=O)(=O)NC(=O)NC2C3CCC(C)(C2O)C3(C)C)cc1,0,0.0,None,1,A10BB04,GLIBORNURIDE
785,CHEMBL1624126,CN(CCO)CC(O)Cn1cnc2c1c(=O)n(C)c(=O)n2C,0,0.0,None,1,None,XANTHINOL
786,CHEMBL1619758,CCC(N)Cc1c[nH]c2ccccc12,0,None,None,1,None,ETRYPTAMINE
787,CHEMBL1616951,CC12CCC(=O)C=C1C=CC1C2CCC2(C)C1CCC2(O)CCC(=O)O,0,0.0,None,1,None,CANRENOATE
788,CHEMBL1025,CC(C)OP(=O)(F)OC(C)C,0,0.0,None,1,S01EB07,ISOFLUROPHATE
789,CHEMBL859,O=c1[nH]c(=O)c2c[nH]nc2[nH]1,0,0.0,None,None,None,OXYPURINOL
790,CHEMBL87708,CN(CCCN1c2ccccc2CCc2ccccc21)CC(=O)c1ccc(Cl)cc1,0,0.0,None,None,N06AA07,LOFEPRAMINE
791,CHEMBL88055,Oc1ccc(C(O)C2CCCCN2)cc1O,0,0.0,None,None,R03AC05,RIMITEROL
792,CHEMBL95889,C[N+](C)(C)CC(=O)O,0,0.0,None,None,A16AA06,BETAINE
793,CHEMBL1008,CC(C)COCC(CN(Cc1ccccc1)c1ccccc1)N1CCCC1,0,0.0,None,1,C08EA02,BEPRIDIL
794,CHEMBL1013,NC(C(=O)NC1C(=O)N2C(C(=O)O)=C(Cl)CCC12)c1ccccc1,0,0.0,None,1,J01DC08,LORACARBEF
795,CHEMBL1094982,O=C(OC1C(OC(=O)c2cccnc2)C(OC(=O)c2cccnc2)C(OC(=O)c2cccnc2)C(OC(=O)c2cccnc2)C1OC(=O)c1cccnc1)c1cccnc1,0,None,None,1,C04AC03,INOSITOL NIACINATE
796,CHEMBL71752,CCOC(=O)C1=CC2(CC)CCCN3CCc4c(n1c1ccccc41)C32,0,0.0,None,None,N06BX18,VINPOCETINE
797,CHEMBL1096,CC(C)c1ccc2oc3nc(N)c(C(=O)O)cc3c(=O)c2c1,0,0.0,None,1,"A01AD07, R03DX01",AMLEXANOX
798,CHEMBL1170,CCC(=O)OC1CCC2C3CCC4=CC(=O)CCC4(C)C3CCC12C,0,0.0,None,1,G03BA03,TESTOSTERONE PROPIONATE
799,CHEMBL1197051,CC(COc1ccccc1)NC(C)C(O)c1ccc(O)cc1,0,0.0,None,1,C04AA01,ISOXSUPRINE
800,CHEMBL1200368,O=C(O)c1ccc(NC(=O)C(Cc2ccc(O)cc2)NC(=O)c2ccccc2)cc1,0,0.0,None,1,V04CK03,BENTIROMIDE
801,CHEMBL1200623,CCC1(O)CCC2C3CCC4=CCCCC4C3CCC21C,0,0.0,None,1,A14AB02,ETHYLESTRENOL
802,CHEMBL1200627,O=C1CCO1,0,0.0,None,1,None,PROPIOLACTONE
803,CHEMBL73451,c1ccc2c(c1)Sc1ccccc1N2CC1CN2CCC1CC2,0,0.0,None,None,R06AD07,MEQUITAZINE
804,CHEMBL70246,Cn1c(=O)c2c(ncn2CC(=O)O)n(C)c1=O,0,0.0,None,None,None,ACEFYLLINE
805,CHEMBL15891,ClC1C(Cl)C(Cl)C(Cl)C(Cl)C1Cl,0,0.0,None,1,P03AB02,LINDANE
806,CHEMBL501613,C#CC(C)(O)CC,0,0.0,None,None,"N05CM15, N05CX03",MEPARFYNOL
807,CHEMBL460287,C(COCCOCC1CO1)OCCOCC1CO1,0,0.0,None,None,L01AG01,ETOGLUCID
808,CHEMBL462394,CC(=O)Nc1c(I)c(C(=O)NC2C(O)OC(CO)C(O)C2O)c(I)c(N(C)C(C)=O)c1I,0,0.0,None,None,V08AB01,METRIZAMIDE
809,CHEMBL46399,CC1C2Cc3ccc(O)cc3C1(C)CCN2CCc1ccccc1,0,0.0,None,None,N02AD02,PHENAZOCINE
810,CHEMBL46917,CNC(=O)Oc1cccc2ccccc12,0,0.0,None,None,None,CARBARIL
811,CHEMBL473159,Oc1cc(O)cc(O)c1,0,0.0,None,None,A03AX12,PHLOROGLUCINOL
812,CHEMBL499915,CC1(C(=O)O)CCC2(C)CCC3(C)C(=CC(=O)C4C5(C)CCC(OC(=O)CCC(=O)O)C(C)(C)C5CCC43C)C2C1,0,0.0,None,None,"A02BX01, A02BX51, A02BX71",CARBENOXOLONE
813,CHEMBL502135,OC1COC(O)C(O)C1O,0,0.0,None,None,None,XYLOSE
814,CHEMBL600325,CC1OC(OC2C=C3CCC4C(CCC5(C)C(c6ccc(=O)oc6)CCC45O)C3(C)CC2)C(O)C(O)C1O,0,0.0,None,None,"C01AB01, C01AB51",PROSCILLARIDIN
815,CHEMBL503160,C(=O)(C=CC(=O)O)O,0,0.0,None,None,D05AX01,FUMARIC ACID
816,CHEMBL506569,CC(=O)OC1CC(OC2C(O)CC(OC3C(O)CC(OC4CCC5(C)C(CCC6C5CC(O)C5(C)C(C7=CC(=O)OC7)CCC65O)C4)OC3C)OC2C)OC(C)C1OC1OC(CO)C(O)C(O)C1O,0,0.0,None,None,C01AA06,LANATOSIDE C
817,CHEMBL517199,Cc1cccc(C)c1NC(=O)c1cc(S(N)(=O)=O)c(Cl)cc1O,0,0.0,None,None,C03BA10,XIPAMIDE
818,CHEMBL545,OCC,0,0.0,None,None,"D08AX08, V03AB16, V03AZ01",ALCOHOL
819,CHEMBL567597,CC1CCC2C(C)C(=O)OC3OC4(C)CCC1C32OO4,0,0.0,None,None,P01BE01,ARTEMISININ
820,CHEMBL579205,CNc1ccc(-c2nc3ccc(O)cc3s2)cc1F,0,0.0,None,None,None,FLUTEMETAMOL
821,CHEMBL1200737,CCCCCCCCCCCCCCCC(=O)OCC(COP(=O)([O-])OCC[N+](C)(C)C)OC(=O)CCCCCCCCCCCCCCC,0,0.0,None,1,R07AA01,COLFOSCERIL PALMITATE
822,CHEMBL1200761,COc1ccc(C(Cl)=C(c2ccc(OC)cc2)c2ccc(OC)cc2)cc1,0,0.0,None,1,G03CA06,CHLOROTRIANISENE
823,CHEMBL1200790,CCC1(CC)C(=O)NCC(C)C1=O,0,0.0,None,1,N05CE02,METHYPRYLON
824,CHEMBL1378,CCSc1ccc2c(c1)N(CCCN1CCN(C)CC1)c1ccccc1S2,0,0.0,None,1,R06AD03,THIETHYLPERAZINE
825,CHEMBL1259,COc1ccc2cc1Oc1cc3c(cc1OC)CC[N+](C)(C)C3Cc1ccc(cc1)Oc1c(OC)c(OC)cc3c1C(C2)[N+](C)(C)CC3,0,0.0,None,1,None,METOCURINE
826,CHEMBL1289,Clc1cc(Cl)c(OCC#CI)cc1Cl,0,0.0,None,1,D01AE11,HALOPROGIN
827,CHEMBL1316,CC(C(=O)O)c1ccc2c(c1)[nH]c1ccc(Cl)cc12,0,0.0,None,1,None,CARPROFEN
828,CHEMBL132530,CC12CCC3C(CCC4C(=O)C(=O)CCC43C)C1CCC2=O,0,0.0,None,1,L02BG02,FORMESTANE
829,CHEMBL1328913,CN(C)CCCN1c2ccccc2C(C)(C)c2ccccc21,0,None,None,1,N06AA18,DIMETACRINE
830,CHEMBL1330792,C(=O)(Nc1c(O)ccc([As](=O)(O)O)c1)C,0,0.0,None,1,"A07AX02, G01AB01, P01CD02",ACETARSONE
831,CHEMBL1410,CCCCCCCCCc1ccc(OCCOCCOCCOCCOCCOCCOCCOCCOCCO)cc1,0,0.0,None,1,None,NONOXYNOL 9
832,CHEMBL1200845,CC1(C)OC2CC3C4CCC5=CC(=O)CCC5(C)C4(F)C(O)CC3(C)C2(C(=O)CCl)O1,0,0.0,None,1,D07AD02,HALCINONIDE
833,CHEMBL1483341_similar,C=CCC1C(=O)N2C(N(C)C)=Nc3ccc(C)cc3N2C1=O,0,None,None,1,None,CHEMBL1483341_similar
834,CHEMBL1525826,COc1nccnc1NS(=O)(=O)c1ccc(N)cc1,0,0.0,None,1,J01ED02,SULFALENE
835,CHEMBL153585,CC(C)NCC(O)COc1cccc2c1C=CC2,0,None,None,1,None,INDENOLOL
836,CHEMBL1576,C#CC1(OC(N)=O)CCCCC1,0,0.0,None,1,None,ETHINAMATE
837,CHEMBL1577,CN1C(CCl)Nc2cc(Cl)c(S(N)(=O)=O)cc2S1(=O)=O,0,0.0,None,1,C03AA08,METHYCLOTHIAZIDE
838,CHEMBL1589,CC(=O)c1ccc(S(=O)(=O)NC(=O)NC2CCCCC2)cc1,0,0.0,None,1,A10BB31,ACETOHEXAMIDE
839,CHEMBL1252,CC(=O)NC(Cc1ccc2ccccc2c1)C(=O)NC(Cc1ccc(Cl)cc1)C(=O)NC(Cc1cccnc1)C(=O)NC(CO)C(=O)N(C)C(Cc1ccc(O)cc1)C(=O)NC(CC(N)=O)C(=O)NC(CC(C)C)C(=O)NC(CCCCNC(C)C)C(=O)N1CCCC1C(=O)NC(C)C(N)=O,0,0.0,None,1,L02BX01,ABARELIX
840,CHEMBL1237054,COC(C(=O)C(O)C(C)O)C1Cc2cc3cc(OC4CC(OC5CC(O)C(O)C(C)O5)C(O)C(C)O4)c(C)c(O)c3c(O)c2C(=O)C1OC1CC(OC2CC(OC3CC(C)(O)C(O)C(C)O3)C(O)C(C)O2)C(O)C(C)O1,0,0.0,None,1,L01DC02,PLICAMYCIN
841,CHEMBL1229908,CCN(CC)C(=O)c1ccc(O)c(OC)c1,0,0.0,None,1,R07AB04,ETHAMIVAN
842,CHEMBL1222251,OC1C(O)C(O)C(O)C(O)C1O,0,None,None,1,A11HA07,INOSITOL
843,CHEMBL1214185,CCC1OC(=O)C(C)C(OC2CC(C)(OC)C(O)C(C)O2)C(C)C(OC2OC(C)CC(N(C)C)C2O)C(C)(O)CC(C)C(=NOCOCCOC)C(C)C(O)C1(C)O,0,0.0,None,1,J01FA06,ROXITHROMYCIN
844,CHEMBL1208,CCn1nc(C(=O)O)c(=O)c2cc3c(cc21)OCO3,0,0.0,None,1,J01MB06,CINOXACIN
845,CHEMBL1201354,CC[N+](CC)(CC)CCC(O)(c1ccccc1)C1CCCCC1,0,0.0,None,1,A03AB08,TRIDIHEXETHYL
846,CHEMBL1201340,C[N+]1(C)CCC(=C(c2ccccc2)c2ccccc2)CC1,0,0.0,None,1,A03AB15,DIPHEMANIL
847,CHEMBL1201327,CC(=O)Nc1c(I)cc(I)c(C(=O)O)c1I,0,0.0,None,1,V08AA07,ACETRIZOIC ACID
848,CHEMBL1201317,O=P(O)(O)OCC(Cl)(Cl)Cl,0,0.0,None,1,N05CM07,TRICLOFOS
849,CHEMBL1201313,CN(C)CCC(O)(c1ccccc1)c1ccccc1Cl,0,0.0,None,1,R05DB10,CHLOPHEDIANOL
850,CHEMBL1201301,Cc1nc(COP(=O)(O)O)cc(CN(CCN(CC(=O)O)Cc2cc(COP(=O)(O)O)nc(C)c2O)CC(=O)O)c1O,0,0.0,None,1,V08CA05,MANGAFODIPIR
851,CHEMBL1201295,Cc1ccc(C(=O)Oc2ccc(C(O)CNC(C)(C)C)cc2OC(=O)c2ccc(C)cc2)cc1,0,0.0,None,1,R03AC17,BITOLTEROL
852,CHEMBL1201250,CCN(CC)C(=O)C1CN2CCc3cc(OC)c(OC)cc3C2CC1OC(C)=O,0,0.0,None,1,None,BENZQUINAMIDE
853,CHEMBL1201243,CN(C)C=Nc1c(I)cc(I)c(CCC(=O)O)c1I,0,0.0,None,1,None,IPODATE
854,CHEMBL1200907,CC12CCC3C(CCC45OC4C(=O)C(C#N)CC35C)C1CCC2O,0,0.0,None,1,H02CA01,TRILOSTANE
855,CHEMBL1200853,CC(=O)C1CCC2C3C=CC4=CC(=O)CCC4(C)C3CCC12C,0,0.0,None,1,G03DB01,DYDROGESTERONE
856,CHEMBL1103,O=C1OCCN1N=Cc1ccc([N+](=O)[O-])o1,0,0.0,None,None,G01AX06,FURAZOLIDONE
857,CHEMBL1095930,CON=C(C(=O)NC1C(=O)N2C(C(=O)OC(C)OC(C)=O)=C(COC(N)=O)CSC12)c1ccco1,0,0.0,None,None,None,CEFUROXIME AXETIL
858,CHEMBL559288,N#CC(CCN1CCC(C(N)=O)(N2CCCCC2)CC1)(c1ccccc1)c1ccccc1,0,None,None,0,N02AC03,PIRITRAMIDE
859,CHEMBL666,O=C(O)P(=O)(O)O,0,0.0,None,0,J05AD01,FOSCARNET
860,CHEMBL657,CN(C)CCOC(c1ccccc1)c1ccccc1,0,0.0,None,0,"D04AA32, R06AA02, R06AA52",DIPHENHYDRAMINE
861,CHEMBL658,CCC(=O)N(c1ccccc1)C1(COC)CCN(CCc2cccs2)CC1,0,0.0,None,0,N01AH03,SUFENTANIL
862,CHEMBL659,COc1ccc2c3c1OC1CC(O)C=CC31CCN(C)C2,0,0.0,None,0,N06DA04,GALANTAMINE
863,CHEMBL660,NC12CC3CC(CC(C3)C1)C2,0,0.0,None,0,N04BB01,AMANTADINE
864,CHEMBL661,Cc1nnc2n1-c1ccc(Cl)cc1C(c1ccccc1)=NC2,0,0.0,None,0,N05BA12,ALPRAZOLAM
865,CHEMBL6622,O=[N+]([O-])OC1COC2C(O[N+](=O)[O-])COC12,0,0.0,None,0,"C01DA08, C05AE02, C01DA58",ISOSORBIDE DINITRATE
866,CHEMBL667,CC(=O)OCC[N+](C)(C)C,0,0.0,None,0,S01EB09,ACETYLCHOLINE
867,CHEMBL655,Cc1ncc2n1-c1ccc(Cl)cc1C(c1ccccc1F)=NC2,0,0.0,None,0,N05CD08,MIDAZOLAM
868,CHEMBL668,CNCCCC1c2ccccc2C=Cc2ccccc21,0,0.0,None,0,N06AA11,PROTRIPTYLINE
869,CHEMBL669,CN(C)CCC=C1c2ccccc2C=Cc2ccccc21,0,0.0,None,0,M03BX08,CYCLOBENZAPRINE
870,CHEMBL671,S=P(N1CC1)(N1CC1)N1CC1,0,0.0,None,0,L01AC01,THIOTEPA
871,CHEMBL673,C#CCN(C)Cc1ccccc1,0,0.0,None,0,C02KC01,PARGYLINE
872,CHEMBL679,CNCC(O)c1ccc(O)c(O)c1,0,0.0,None,0,"A01AD01, B02BC09, C01CA24, R01AA14, R03AA01, S01EA01, S01EA51, R03AK01",EPINEPHRINE
873,CHEMBL680,NC(C(=O)NC1C(=O)N2C(C(=O)O)=C(Cl)CSC12)c1ccccc1,0,0.0,None,0,J01DC04,CEFACLOR
874,CHEMBL65543,CC(=O)NC(Cc1ccc(O)cc1)C(=O)O,0,None,None,0,None,ACETYL TYROSINE
875,CHEMBL65433,O=C(NCNC(=O)NC1C(=O)NC(=O)N1CO)NC1C(=O)NC(=O)N1CO,0,None,None,0,None,IMIDUREA
876,CHEMBL682,CCN(CC)Cc1cc(Nc2ccnc3cc(Cl)ccc23)ccc1O,0,0.0,None,0,P01BA06,AMODIAQUINE
877,CHEMBL64391,CCC(C)n1ncn(-c2ccc(N3CCN(c4ccc(OCC5COC(Cn6cncn6)(c6ccc(Cl)cc6Cl)O5)cc4)CC3)cc2)c1=O,0,0.0,None,0,J02AC02,ITRACONAZOLE
878,CHEMBL637,COc1ccc(C(CN(C)C)C2(O)CCCCC2)cc1,0,0.0,None,0,N06AX16,VENLAFAXINE
879,CHEMBL638,CC(c1ncncc1F)C(O)(Cn1cncn1)c1ccc(F)cc1F,0,0.0,None,0,J02AC03,VORICONAZOLE
880,CHEMBL639,CN1CCCC(n2nc(Cc3ccc(Cl)cc3)c3ccccc3c2=O)CC1,0,0.0,None,0,"R01AC03, R06AX19, S01GX07",AZELASTINE
881,CHEMBL64,NNC(=O)c1ccncc1,0,0.0,None,0,"J04AC01, J04AC51",ISONIAZID
882,CHEMBL640,CCN(CC)CCNC(=O)c1ccc(N)cc1,0,0.0,None,0,C01BA02,PROCAINAMIDE
883,CHEMBL643,CC(CN1c2ccccc2Sc2ccccc21)N(C)C,0,0.0,None,0,"D04AA10, R06AD02, R06AD52",PROMETHAZINE
884,CHEMBL644,CC(CN(C)C)CN1c2ccccc2CCc2ccccc21,0,0.0,None,0,N06AA06,TRIMIPRAMINE
885,CHEMBL654,CN1CCN2c3ncccc3Cc3ccccc3C2C1,0,0.0,None,0,N06AX11,MIRTAZAPINE
886,CHEMBL645,CC(C)NCC(O)COc1ccc(COCCOC(C)C)cc1,0,0.0,None,0,C07AB07,BISOPROLOL
887,CHEMBL647,Nc1cc(Cl)c(NC2=NCCN2)c(Cl)c1,0,0.0,None,0,S01EA03,APRACLONIDINE
888,CHEMBL648,CN1CCN(C(c2ccccc2)c2ccccc2)CC1,0,0.0,None,0,"R06AE03, R06AE53",CYCLIZINE
889,CHEMBL649,CC(C)(C)NCC(O)COc1cccc2c1CC(O)C(O)C2,0,0.0,None,0,C07AA12,NADOLOL
890,CHEMBL650,CC1CC2C(C(O)CC3(C)C2CCC3(O)C(=O)CO)C2(C)C=CC(=O)C=C12,0,0.0,None,0,"D07AA01, D10AA02, H02AB04, H02BX01",METHYLPREDNISOLONE
891,CHEMBL651,CCC(=O)C(CC(C)N(C)C)(c1ccccc1)c1ccccc1,0,0.0,None,0,"N07BC02, N02AC52",METHADONE
892,CHEMBL681,CCOC(=O)c1cncn1C(C)c1ccccc1,0,0.0,None,0,N01AX07,ETOMIDATE
893,CHEMBL684,CCN(CC)C(=O)N1CCN(C)CC1,0,0.0,None,0,P02CB02,DIETHYLCARBAMAZINE
894,CHEMBL74632,COC1(NC(=O)C(C(=O)O)c2ccc(O)cc2)C(=O)N2C(C(=O)O)=C(CSc3nnnn3C)COC21,0,0.0,None,0,J01DD06,MOXALACTAM
895,CHEMBL723,COc1ccccc1OCCNCC(O)COc1cccc2[nH]c3ccccc3c12,0,0.0,None,0,C07AG02,CARVEDILOL
896,CHEMBL71,CN(C)CCCN1c2ccccc2Sc2ccc(Cl)cc21,0,0.0,None,0,N05AA01,CHLORPROMAZINE
897,CHEMBL710,CC(C)(C)NC(=O)C1CCC2C3CCC4NC(=O)C=CC4(C)C3CCC12C,0,0.0,None,0,"D11AX10, G04CB01",FINASTERIDE
898,CHEMBL713,C=C1C(CO)C(O)CC1n1cnc2c(=O)[nH]c(N)nc21,0,0.0,None,0,J05AF10,ENTECAVIR
899,CHEMBL717,CC(=O)OC1(C(C)=O)CCC2C3CC(C)C4=CC(=O)CCC4(C)C3CCC21C,0,0.0,None,0,"G03AC06, G03DA02, L02AB02",MEDROXYPROGESTERONE ACETATE
900,CHEMBL719,CC(=CC(=O)OCCCCCCCCC(=O)O)CC1OCC(CC2OC2C(C)C(C)O)C(O)C1O,0,0.0,None,0,"D06AX09, R01AX06",MUPIROCIN
901,CHEMBL72,CNCCCN1c2ccccc2CCc2ccccc21,0,0.0,None,0,N06AA01,DESIPRAMINE
902,CHEMBL726,OCCN1CCN(CCCN2c3ccccc3Sc3ccc(C(F)(F)F)cc32)CC1,0,0.0,None,0,N05AB02,FLUPHENAZINE
903,CHEMBL709,COc1cc2nc(N(C)CCCNC(=O)C3CCCO3)nc(N)c2cc1OC,0,0.0,None,0,G04CA01,ALFUZOSIN
904,CHEMBL727,Nc1nc(=S)c2[nH]cnc2[nH]1,0,0.0,None,0,L01BB03,THIOGUANINE
905,CHEMBL728,CN1CCN(CCCN2c3ccccc3Sc3ccc(Cl)cc32)CC1,0,0.0,None,0,N05AB04,PROCHLORPERAZINE
906,CHEMBL729,Cc1cccc(C)c1OCC(=O)NC(Cc1ccccc1)C(O)CC(Cc1ccccc1)NC(=O)C(C(C)C)N1CCCNC1=O,0,0.0,None,0,None,LOPINAVIR
907,CHEMBL730,O=[N+]([O-])OCC(CO[N+](=O)[O-])O[N+](=O)[O-],0,0.0,None,0,"C01DA02, C05AE01, C01DA52",NITROGLYCERIN
908,CHEMBL734,CC(=O)NO,0,0.0,None,0,G04BX03,ACETOHYDROXAMIC ACID
909,CHEMBL741,Nc1nnc(-c2cccc(Cl)c2Cl)c(N)n1,0,0.0,None,0,N03AX09,LAMOTRIGINE
910,CHEMBL70927,Cc1c(O)c(=O)ccn1C,0,0.0,None,0,V03AC02,DEFERIPRONE
911,CHEMBL707,COc1cc2nc(N3CCN(C(=O)C4COc5ccccc5O4)CC3)nc(N)c2cc1OC,0,0.0,None,0,C02CA04,DOXAZOSIN
912,CHEMBL685,COC(=O)Nc1nc2ccc(C(=O)c3ccccc3)cc2[nH]1,0,0.0,None,0,"P02CA01, P02CA51",MEBENDAZOLE
913,CHEMBL698,CCCCNc1ccc(C(=O)OCCN(C)C)cc1,0,0.0,None,0,"C05AD02, D04AB06, N01BA03, S01HA03",TETRACAINE
914,CHEMBL686,Cc1cccc(Nc2ccccc2C(=O)O)c1C,0,0.0,None,0,M01AG01,MEFENAMIC ACID
915,CHEMBL692,C(O)(CO)CO,0,0.0,None,0,"A06AG04, A06AX01",GLYCERIN
916,CHEMBL695,CN1C(=O)OC(C)(C)C1=O,0,0.0,None,0,N03AC02,TRIMETHADIONE
917,CHEMBL696,CCC1(C)CC(=O)NC1=O,0,0.0,None,0,"N03AD01, N03AD51",ETHOSUXIMIDE
918,CHEMBL6966,COc1ccc(CCN(C)CCCC(C#N)(c2ccc(OC)c(OC)c2)C(C)C)cc1OC,0,0.0,None,0,"C08DA01, C08DA51",VERAPAMIL
919,CHEMBL697,CN1C(=O)CC(C)(c2ccccc2)C1=O,0,0.0,None,0,N03AD03,METHSUXIMIDE
920,CHEMBL70,CN1CCC23c4c5ccc(O)c4OC2C(O)C=CC3C1C5,0,0.0,None,0,"N02AA01, N02AA51, A07DA52",MORPHINE
921,CHEMBL706,CCCCCCCCCCCCCCCCO,0,0.0,None,0,None,CETYL ALCOHOL
922,CHEMBL700,Nc1ccc(S(=O)(=O)Nc2ccccn2)cc1,0,0.0,None,0,J01EB04,SULFAPYRIDINE
923,CHEMBL701,NCC(CC(=O)O)c1ccc(Cl)cc1,0,0.0,None,0,M03BX01,BACLOFEN
924,CHEMBL702,CCN1CCN(C(=O)NC(C(=O)NC2C(=O)N3C2SC(C)(C)C3C(=O)O)c2ccccc2)C(=O)C1=O,0,0.0,None,0,J01CA12,PIPERACILLIN
925,CHEMBL703,C[N+](C)(C)CCOC(=O)CCC(=O)OCC[N+](C)(C)C,0,0.0,None,0,M03AB01,SUXAMETHONIUM
926,CHEMBL704,Nc1ccc(O)c(C(=O)O)c1,0,0.0,None,0,A07EC02,MESALAMINE
927,CHEMBL70418,CN1C(=O)CC(=O)N(c2ccccc2)c2cc(Cl)ccc21,0,0.0,None,0,N05BA09,CLOBAZAM
928,CHEMBL636,CCN(C)C(=O)Oc1cccc(C(C)N(C)C)c1,0,0.0,None,0,N06DA03,RIVASTIGMINE
929,CHEMBL635,CC12C=CC(=O)C=C1CCC1C2C(=O)CC2(C)C1CCC2(O)C(=O)CO,0,0.0,None,0,"A07EA03, H02AB07",PREDNISONE
930,CHEMBL634,CCC(=O)N(c1ccccc1)C1(COC)CCN(CCn2nnn(CC)c2=O)CC1,0,0.0,None,0,N01AH02,ALFENTANIL
931,CHEMBL58,O=C1c2c(O)ccc(O)c2C(=O)c2c(NCCNCCO)ccc(NCCNCCO)c21,0,0.0,None,0,L01DB07,MITOXANTRONE
932,CHEMBL571700,CN(C)C(=S)SC(=S)N(C)C,0,None,None,0,None,BIS(DIMETHYLAMINETHIOCARBONYL)MONOSULFIDE
933,CHEMBL572,O=C1CN(N=Cc2ccc([N+](=O)[O-])o2)C(=O)N1,0,0.0,None,0,"J01XE01, J01XE51",NITROFURANTOIN
934,CHEMBL573,C(=O)(c1cnccc1)O,0,0.0,None,0,"C04AC01, C10AD02, C10AD52",NIACIN
935,CHEMBL575,COc1cccc(OC)c1C(=O)NC1C(=O)N2C1SC(C)(C)C2C(=O)O,0,0.0,None,0,J01CF03,METHICILLIN
936,CHEMBL576,C(=O)(O)CCC(=O)O,0,None,None,0,None,SUCCINIC ACID
937,CHEMBL577,CC(NC(CCc1ccccc1)C(=O)O)C(=O)N1CCCC1C(=O)O,0,0.0,None,0,None,ENALAPRILAT
938,CHEMBL582,CC(C)O,0,0.0,None,0,D08AX05,ISOPROPYL ALCOHOL
939,CHEMBL571,CC(C(=O)O)c1cccc(C(=O)c2ccccc2)c1,0,0.0,None,0,"M01AE03, M02AA10, M01AE53",KETOPROFEN
940,CHEMBL58323,COCC(NC(C)=O)C(=O)NCc1ccccc1,0,0.0,None,0,N03AX18,ERLOSAMIDE
941,CHEMBL584,Cc1c(O)cccc1C(=O)NC(CSc1ccccc1)C(O)CN1CC2CCCCC2CC1C(=O)NC(C)(C)C,0,0.0,None,0,J05AE04,NELFINAVIR
942,CHEMBL585,Nc1nc(N)c2nc(-c3ccccc3)c(N)nc2n1,0,0.0,None,0,C03DB02,TRIAMTERENE
943,CHEMBL588,Oc1ccc(C2CNCCc3c2cc(O)c(O)c3Cl)cc1,0,0.0,None,0,C01CA19,FENOLDOPAM
944,CHEMBL58832,NC(=O)CC(N)C(=O)O,0,None,None,0,None,ASPARAGINE
945,CHEMBL589586,COC(=O)C=CC(=O)O,0,0.0,None,0,None,MONOMETHYL FUMARATE
946,CHEMBL571546,O=C(Cc1ccc(-c2ccc(OCCN3CCOCC3)cc2)cn1)NCc1ccccc1,0,None,None,0,D06BX03,TIRBANIBULIN
947,CHEMBL57053,Oc1ccc(Cl)cc1,0,None,None,0,None,PARACHLOROPHENOL
948,CHEMBL633,CCCCc1oc2ccccc2c1C(=O)c1cc(I)c(OCCN(CC)CC)c(I)c1,0,0.0,None,0,C01BD01,AMIODARONE
949,CHEMBL566315,CCC1C(O)C2C3CCC(C(C)CCC(=O)O)C3(C)CCC2C2(C)CCC(O)CC12,0,0.0,None,0,A05AA04,OBETICHOLIC ACID
950,CHEMBL560976,NCC1CCC(N)C(OC2C(N)CC(N)C(OC3OC(CO)C(O)C(N)C3O)C2O)O1,0,None,None,0,J01GB09,DIBEKACIN
951,CHEMBL561,CCn1cc(C(=O)O)c(=O)c2cc(F)c(N3CCNC(C)C3)c(F)c21,0,0.0,None,0,"J01MA07, S01AE04",LOMEFLOXACIN
952,CHEMBL562,COC1=CC(=O)CC(C)C12Oc1c(Cl)c(OC)cc(OC)c1C2=O,0,0.0,None,0,"D01AA08, D01BA01",GRISEOFULVIN
953,CHEMBL563,CC(C(=O)O)c1ccc(-c2ccccc2)c(F)c1,0,0.0,None,0,"M01AE09, M02AA19, R02AX01, S01BC04",FLURBIPROFEN
954,CHEMBL564,CN(C)CCCN1c2ccccc2Sc2ccccc21,0,0.0,None,0,N05AA03,PROMAZINE
955,CHEMBL56564,CN1C2CCC1CC(OC(=O)c1c[nH]c3ccccc13)C2,0,0.0,None,0,A04AA03,TROPISETRON
956,CHEMBL566534,COC1OC2OC3(C)CCC4C(C)CCC(C1C)C24OO3,0,0.0,None,0,P01BE02,ARTEMETHER
957,CHEMBL570,CN(C)CCCN1c2ccccc2Sc2ccc(C(F)(F)F)cc21,0,0.0,None,0,N05AA05,TRIFLUPROMAZINE
958,CHEMBL566752,CNc1ccc(C=Cc2ccc(OCCOCCOCC[18F])cc2)cc1,0,0.0,None,0,V09AX06,FLORBETABEN F18
959,CHEMBL567,OCCN1CCN(CCCN2c3ccccc3Sc3ccc(Cl)cc32)CC1,0,0.0,None,0,N05AB03,PERPHENAZINE
960,CHEMBL568,O=C1Nc2ccc(Cl)cc2C(c2ccccc2)=NC1O,0,0.0,None,0,N05BA04,OXAZEPAM
961,CHEMBL569,CCN(CC)CCOC(=O)c1ccc(N)cc1,0,0.0,None,0,"C05AD05, N01BA02, S01HA05, N01BA52",PROCAINE
962,CHEMBL569713,CN1C2CC(OC(=O)C(CO)c3ccccc3)CC1C1OC12,0,0.0,None,0,"S01FA02, A04AD01, A04AD51, N05CM05",SCOPOLAMINE
963,CHEMBL57,Cc1ccnc2c1NC(=O)c1cccnc1N2C1CC1,0,0.0,None,0,J05AG01,NEVIRAPINE
964,CHEMBL59,NCCc1ccc(O)c(O)c1,0,0.0,None,0,C01CA04,DOPAMINE
965,CHEMBL590,CC1=CC(=O)c2ccccc2C1=O,0,0.0,None,0,B02BA02,MENADIONE
966,CHEMBL590540,NC(CSSCC(N)C(=O)O)C(=O)O,0,0.0,None,0,None,CYSTINE
967,CHEMBL621,O=c1n(CCCN2CCN(c3cccc(Cl)c3)CC2)nc2ccccn12,0,0.0,None,0,N06AX05,TRAZODONE
968,CHEMBL614,NC(=O)c1cnccn1,0,0.0,None,0,J04AK01,PYRAZINAMIDE
969,CHEMBL61441,O=C(O)c1c(Cl)c(Cl)c(Cl)c(Cl)c1-c1c2cc(Br)c(=O)c(Br)c-2oc2c(Br)c(O)c(Br)cc12,0,None,None,0,None,CHEMBL61441
970,CHEMBL615,CC1(C)SC2C(NC(=O)COc3ccccc3)C(=O)N2C1C(=O)O,0,0.0,None,0,J01CE02,PENICILLIN V
971,CHEMBL61593,NS(=O)(=O)c1cc2c(cc1Cl)NC(C1CC3C=CC1C3)NS2(=O)=O,0,0.0,None,0,C03AA09,CYCLOTHIAZIDE
972,CHEMBL617,CC(=O)OCC1=C(C(=O)O)N2C(=O)C(NC(=O)Cc3cccs3)C2SC1,0,0.0,None,0,J01DB03,CEPHALOTHIN
973,CHEMBL620,C[N+]12CCC(CC1)C(OC(=O)C(O)(c1ccccc1)c1ccccc1)C2,0,0.0,None,0,None,CLIDINIUM
974,CHEMBL622,CCc1cccc2c3c([nH]c12)C(CC)(CC(=O)O)OCC3,0,0.0,None,0,M01AB08,ETODOLAC
975,CHEMBL591665,O=C1OC(C(O)CO)C(=O)C1O,0,0.0,None,0,None,SODIUM ASCORBATE
976,CHEMBL625,c1ccc2[nH]c(-c3cscn3)nc2c1,0,0.0,None,0,"D01AC06, P02CA02",THIABENDAZOLE
977,CHEMBL627,C[N+](C)([O-])CCC=C1c2ccccc2CCc2ccccc21,0,None,None,0,None,AMITRIPTYLINOXIDE
978,CHEMBL628,CC(=O)CCCCn1c(=O)c2c(ncn2C)n(C)c1=O,0,0.0,None,0,C04AD03,PENTOXIFYLLINE
979,CHEMBL629,CN(C)CCC=C1c2ccccc2CCc2ccccc21,0,0.0,None,0,N06AA09,AMITRIPTYLINE
980,CHEMBL631,CCCNCC(O)COc1ccccc1C(=O)CCc1ccccc1,0,0.0,None,0,C01BC03,PROPAFENONE
981,CHEMBL632,CC1CC2C3CCC4=CC(=O)C=CC4(C)C3(F)C(O)CC2(C)C1(O)C(=O)CO,0,0.0,None,0,"A07EA04, C05AA05, D07AC01, D07XC01, H02AB01, R01AD06, R03BA04, S01BA06, S01CB04, S02BA07, S03BA03",BETAMETHASONE
982,CHEMBL611,COc1cc2nc(N3CCN(C(=O)C4CCCO4)CC3)nc(N)c2cc1OC,0,0.0,None,0,G04CA03,TERAZOSIN
983,CHEMBL61,COc1cc(C2c3cc4c(cc3C(O)C3COC(=O)C23)OCO4)cc(OC)c1OC,0,0.0,None,0,D06BB04,PODOFILOX
984,CHEMBL609,NCCNCCNCCN,0,0.0,None,0,A16AX12,TRIENTINE
985,CHEMBL608533,COC1C(N(C)C(=O)c2ccccc2)CC2OC1(C)n1c3ccccc3c3c4c(c5c6ccccc6n2c5c31)C(=O)NC4,0,0.0,None,0,L01EX10,MIDOSTAURIN
986,CHEMBL608,CC(C)(Sc1cc(C(C)(C)C)c(O)c(C(C)(C)C)c1)Sc1cc(C(C)(C)C)c(O)c(C(C)(C)C)c1,0,0.0,None,0,C10AX02,PROBUCOL
987,CHEMBL607,CCOC(=O)C1(c2ccccc2)CCN(C)CC1,0,0.0,None,0,"N02AB02, N02AB52, N02AB72",MEPERIDINE
988,CHEMBL605846,COc1ccc(CC(C)(C)NCC(O)c2cc(O)cc3c2OCC(=O)N3)cc1,0,0.0,None,0,R03AC19,OLODATEROL
989,CHEMBL603,COc1cc(C(=O)NS(=O)(=O)c2ccccc2C)ccc1Cc1cn(C)c2ccc(NC(=O)OC3CCCC3)cc12,0,0.0,None,0,R03DC01,ZAFIRLUKAST
990,CHEMBL602,NCCS,0,0.0,None,0,"A16AA04, S01XA21",CYSTEAMINE
991,CHEMBL601719,CC(Oc1cc(-c2cnn(C3CCNCC3)c2)cnc1N)c1c(Cl)ccc(F)c1Cl,0,0.0,None,0,L01ED01,CRIZOTINIB
992,CHEMBL601,NCC(=O)CCC(=O)O,0,0.0,None,0,L01XD04,AMINOLEVULINIC ACID
993,CHEMBL600,CC(=O)NC(CS)C(=O)O,0,0.0,None,0,"R05CB01, S01XA08, V03AB23",ACETYLCYSTEINE
994,CHEMBL599,Cc1cnc(NC(=O)C2C(=O)c3ccccc3S(=O)(=O)N2C)s1,0,0.0,None,0,"M01AC06, M01AC56",MELOXICAM
995,CHEMBL597,Cc1ccc(N(CC2=NCCN2)c2cccc(O)c2)cc1,0,0.0,None,0,"C04AB01, V03AB36",PHENTOLAMINE
996,CHEMBL596,CCC(=O)N(c1ccccc1)C1CCN(CCc2ccccc2)CC1,0,0.0,None,0,"N01AH01, N02AB03, N01AH51",FENTANYL
997,CHEMBL593429,NC(=O)NC1NC(=O)NC1=O,0,None,None,0,None,ALLANTOIN
998,CHEMBL593,CC(C)Nc1cccnc1N1CCN(C(=O)c2cc3cc(NS(C)(=O)=O)ccc3[nH]2)CC1,0,0.0,None,0,J05AG02,DELAVIRDINE
999,CHEMBL746,CCCc1c2oc(C(=O)O)cc(=O)c2cc2c(=O)cc(C(=O)O)n(CC)c12,0,0.0,None,0,"R01AC07, R03BC03, S01GX04",NEDOCROMIL
1000,CHEMBL747,CC1(C)N=C(N)N=C(N)N1c1ccc(Cl)cc1,0,None,None,0,None,CYCLOGUANIL
1001,CHEMBL1095283,CC1(C)SC2C(NC(=O)C(C(=O)Oc3ccccc3)c3ccccc3)C(=O)N2C1C(=O)O,0,0.0,None,None,G01AA08,CARBENICILLIN PHENYL
1002,CHEMBL917,O=c1[nH]c(=O)n(C2CC(O)C(CO)O2)cc1F,0,0.0,None,0,L01BC09,FLOXURIDINE
1003,CHEMBL902,NC(N)=Nc1nc(CSCCC(N)=NS(N)(=O)=O)cs1,0,0.0,None,0,"A02BA03, A02BA53",FAMOTIDINE
1004,CHEMBL90555,CCC1(O)CC2CN(CCc3c([nH]c4ccccc34)C(C(=O)OC)(c3cc4c(cc3OC)N(C=O)C3C(O)(C(=O)OC)C(OC(C)=O)C5(CC)C=CCN6CCC43C65)C2)C1,0,0.0,None,0,L01CA02,VINCRISTINE
1005,CHEMBL90593,CC12CCC3C(CC=C4CC(O)CCC43C)C1CCC2=O,0,0.0,None,0,"A14AA07, G03XX01",PRASTERONE
1006,CHEMBL91,Clc1ccc(COC(Cn2ccnc2)c2ccc(Cl)cc2Cl)c(Cl)c1,0,0.0,None,0,"A01AB09, A07AC01, D01AC02, G01AF04, J02AB01, S02AA13, D01AC52",MICONAZOLE
1007,CHEMBL914,CC(C)(C(=O)O)c1ccc(C(O)CCCN2CCC(C(O)(c3ccccc3)c3ccccc3)CC2)cc1,0,0.0,None,0,R06AX26,FEXOFENADINE
1008,CHEMBL916,CCCCS(=O)(=O)NC(Cc1ccc(OCCCCC2CCNCC2)cc1)C(=O)O,0,0.0,None,0,B01AC17,TIROFIBAN
1009,CHEMBL923,O=P(O)(O)C(O)(Cc1cccnc1)P(=O)(O)O,0,0.0,None,0,M05BA07,RISEDRONIC ACID
1010,CHEMBL90,NCCc1c[nH]cn1,0,0.0,None,0,None,HISTAMINE
1011,CHEMBL925,NC(Cc1ccc(O)cc1)C(=O)O,0,0.0,None,0,None,TYROSINE
1012,CHEMBL92870,Cc1cccc(C)c1NC(=O)CN1CCN(CCCC(c2ccc(F)cc2)c2ccc(F)cc2)CC1,0,0.0,None,0,C08EX01,LIDOFLAZINE
1013,CHEMBL930,NC(=O)CCC(N)C(=O)O,0,0.0,None,0,A16AA03,GLUTAMINE
1014,CHEMBL931,FC(F)(F)C(Cl)Br,0,0.0,None,0,N01AB01,HALOTHANE
1015,CHEMBL932,OCCN(CCO)c1nc(N2CCCCC2)c2nc(N(CCO)CCO)nc(N3CCCCC3)c2n1,0,0.0,None,0,B01AC07,DIPYRIDAMOLE
1016,CHEMBL934,CC(C)(C(=O)c1cccnc1)c1cccnc1,0,0.0,None,0,V04CD01,METYRAPONE
1017,CHEMBL900,Cc1ccccc1C(OCCN(C)C)c1ccccc1,0,0.0,None,0,M03BC51,ORPHENADRINE
1018,CHEMBL9,CCn1cc(C(=O)O)c(=O)c2cc(F)c(N3CCNCC3)cc21,0,0.0,None,0,"J01MA06, S01AE02",NORFLOXACIN
1019,CHEMBL939,COc1cc2ncnc(Nc3ccc(F)c(Cl)c3)c2cc1OCCCN1CCOCC1,0,0.0,None,0,L01EB01,GEFITINIB
1020,CHEMBL880,CC(=O)OCC(CCn1cnc2cnc(N)nc21)COC(C)=O,0,0.0,None,0,"J05AB09, S01AD07",FAMCICLOVIR
1021,CHEMBL870,NCCCC(O)(P(=O)(O)O)P(=O)(O)O,0,0.0,None,0,M05BA04,ALENDRONIC ACID
1022,CHEMBL871,CC(O)(P(=O)(O)O)P(=O)(O)O,0,0.0,None,0,M05BA01,ETIDRONIC ACID
1023,CHEMBL8739,CCC=CCC=CCC=CCCCCCCCC(=O)O,0,None,None,0,None,LINOLENIC ACID
1024,CHEMBL878,Cc1ccccc1N1C(=O)c2cc(S(N)(=O)=O)c(Cl)cc2NC1C,0,0.0,None,0,C03BA08,METOLAZONE
1025,CHEMBL87992,CC(=O)OC1Cc2ccccc2N(C(N)=O)c2ccccc21,0,0.0,None,0,N03AF04,ESLICARBAZEPINE ACETATE
1026,CHEMBL88,O=P1(N(CCCl)CCCl)NCCCO1,0,0.0,None,0,L01AA01,CYCLOPHOSPHAMIDE
1027,CHEMBL885,Nc1nc(=O)n(C2CSC(CO)O2)cc1F,0,0.0,None,0,J05AF09,EMTRICITABINE
1028,CHEMBL898,O=C(O)c1cc(-c2ccc(F)cc2F)ccc1O,0,0.0,None,0,N02BA11,DIFLUNISAL
1029,CHEMBL888,Nc1ccn(C2OC(CO)C(O)C2(F)F)c(=O)n1,0,0.0,None,0,L01BC05,GEMCITABINE
1030,CHEMBL893,Cc1onc(-c2c(Cl)cccc2Cl)c1C(=O)NC1C(=O)N2C1SC(C)(C)C2C(=O)O,0,0.0,None,0,J01CF01,DICLOXACILLIN
1031,CHEMBL895,Oc1ccc2c3c1OC1C(O)CCC4(O)C(C2)N(CC2CCC2)CCC314,0,0.0,None,0,N02AF02,NALBUPHINE
1032,CHEMBL89598,C=CC(N)CCC(=O)O,0,0.0,None,0,N03AG04,VIGABATRIN
1033,CHEMBL896,OCCOCCN1CCN(C(c2ccccc2)c2ccc(Cl)cc2)CC1,0,0.0,None,0,"N05BB01, N05BB51",HYDROXYZINE
1034,CHEMBL897,CCCN(CCC)S(=O)(=O)c1ccc(C(=O)O)cc1,0,0.0,None,0,M04AB01,PROBENECID
1035,CHEMBL93645,O=C(O)COC(=O)Cc1ccccc1Nc1c(Cl)cccc1Cl,0,0.0,None,0,"M01AB16, M02AA25",ACECLOFENAC
1036,CHEMBL94,CNC(=O)Oc1ccc2c(c1)C1(C)CCN(C)C1N2C,0,0.0,None,0,"S01EB05, V03AB19",PHYSOSTIGMINE
1037,CHEMBL750,NS(=O)(=O)Cc1noc2ccccc12,0,0.0,None,0,N03AX15,ZONISAMIDE
1038,CHEMBL990,CN(Cc1ccc(C(C)(C)C)cc1)Cc1cccc2ccccc12,0,0.0,None,0,D01AE23,BUTENAFINE
1039,CHEMBL978,CC(=O)OC(C)C[N+](C)(C)C,0,0.0,None,0,V04CX03,METHACHOLINE
1040,CHEMBL980,COc1ccccc1OCC(O)CO,0,0.0,None,0,R05CA03,GUAIFENESIN
1041,CHEMBL981,CC(C)(Oc1ccc(C(=O)c2ccc(Cl)cc2)cc1)C(=O)O,0,0.0,None,0,None,FENOFIBRIC ACID
1042,CHEMBL985,NC(N)=O,0,0.0,None,0,"B05BC02, D02AE01, D02AE51",UREA
1043,CHEMBL986,CC(C=CC1=C(C)CCCC1(C)C)=CC=CC(C)=CCO,0,0.0,None,0,"A11CA01, D10AD02, R01AX02, S01XA02",RETINOL
1044,CHEMBL989,CC1(C)OC2CC3C4CC(F)C5=CC(=O)C=CC5(C)C4(F)C(O)CC3(C)C2(C(=O)CO)O1,0,0.0,None,0,"C05AA10, D07AC04, S01BA15, S02BA08",FLUOCINOLONE ACETONIDE
1045,CHEMBL991,Cc1cn(C2C=CC(CO)O2)c(=O)[nH]c1=O,0,0.0,None,0,J05AF04,STAVUDINE
1046,CHEMBL976,O=C(C1CCCCC1)N1CC(=O)N2CCc3ccccc3C2C1,0,0.0,None,0,P02BA01,PRAZIQUANTEL
1047,CHEMBL996,COC1(NC(=O)Cc2cccs2)C(=O)N2C(C(=O)O)=C(COC(N)=O)CSC21,0,0.0,None,0,J01DC01,CEFOXITIN
1048,CHEMBL9967,CN1CCN(CC(=O)N2c3ccccc3C(=O)Nc3cccnc32)CC1,0,0.0,None,0,A02BX03,PIRENZEPINE
1049,CHEMBL997,CCCCCN(C)CCC(O)(P(=O)(O)O)P(=O)(O)O,0,0.0,None,0,M05BA06,IBANDRONIC ACID
1050,CHEMBL998,CCOC(=O)N1CCC(=C2c3ccc(Cl)cc3CCc3cccnc32)CC1,0,0.0,None,0,R06AX13,LORATADINE
1051,CHEMBL1015,Cc1cc(-c2ccc(N=Nc3ccc4c(S(=O)(=O)O)cc(S(=O)(=O)O)c(N)c4c3O)c(C)c2)ccc1N=Nc1ccc2c(S(=O)(=O)O)cc(S(=O)(=O)O)c(N)c2c1O,0,0.0,None,None,None,EVANS BLUE
1052,CHEMBL1086863,OCC1OC(O)C(F)C(O)C1O,0,0.0,None,None,None,FLUDEOXYGLUCOSE
1053,CHEMBL977,CC12CCC(=O)C=C1CCC1C2C(O)CC2(C)C1CCC2(O)C(=O)COC(=O)CCC(=O)O,0,0.0,None,0,"A01AC03, A07EA02, C05AA01, D07AA02, D07XA01, H02AB09, S01BA02, S01CB03, S02BA01",HYDROCORTISONE HEMISUCCINATE
1054,CHEMBL973,CC(=O)C(C#N)C(=O)Nc1ccc(C(F)(F)F)cc1,0,0.0,None,0,L04AA31,TERIFLUNOMIDE
1055,CHEMBL940,NCC1(CC(=O)O)CCCCC1,0,0.0,None,0,N03AX12,GABAPENTIN
1056,CHEMBL959,CC(N)C12CC3CC(CC(C3)C1)C2,0,0.0,None,0,J05AC02,RIMANTADINE
1057,CHEMBL941,Cc1ccc(NC(=O)c2ccc(CN3CCN(C)CC3)cc2)cc1Nc1nccc(-c2cccnc2)n1,0,0.0,None,0,L01EA01,IMATINIB
1058,CHEMBL942,CC(=O)Oc1ccc(C(c2ccc(OC(C)=O)cc2)c2ccccn2)cc1,0,0.0,None,0,"A06AB02, A06AG02, A06AB52",BISACODYL
1059,CHEMBL94454,CN(c1nccc(=O)[nH]1)C1CCN(c2nc3ccccc3n2Cc2ccc(F)cc2)CC1,0,0.0,None,0,R06AX25,MIZOLASTINE
1060,CHEMBL946,CN1CCC(=C2c3ccccc3CCc3cccnc32)CC1,0,0.0,None,0,R06AX09,AZATADINE
1061,CHEMBL953,CCN(CC)C(=O)C(C#N)=Cc1cc(O)c(O)c([N+](=O)[O-])c1,0,0.0,None,0,N04BX02,ENTACAPONE
1062,CHEMBL957,COc1ccccc1Oc1c(NS(=O)(=O)c2ccc(C(C)(C)C)cc2)nc(-c2ncccn2)nc1OCCO,0,0.0,None,0,C02KX01,BOSENTAN
1063,CHEMBL96,NCCCC(=O)O,0,None,None,0,N03AG03,GAMMA-AMINOBUTYRIC ACID
1064,CHEMBL972,C#CCN(C)C(C)Cc1ccccc1,0,0.0,None,0,N04BD01,SELEGILINE
1065,CHEMBL960,Cc1oncc1C(=O)Nc1ccc(C(F)(F)F)cc1,0,0.0,None,0,L04AA13,LEFLUNOMIDE
1066,CHEMBL963,CN1CCC23c4c5ccc(O)c4OC2C(=O)CCC3(O)C1C5,0,0.0,None,0,N02AA11,OXYMORPHONE
1067,CHEMBL964,CCN(CC)C(=S)SSC(=S)N(CC)CC,0,0.0,None,0,"N07BB01, P03AA04, P03AA54",DISULFIRAM
1068,CHEMBL965,C[N+](C)(C)CCOC(N)=O,0,0.0,None,0,None,CARBACHOL
1069,CHEMBL968,CCN(CC)CCN1C(=O)CN=C(c2ccccc2F)c2cc(Cl)ccc21,0,0.0,None,0,N05CD01,FLURAZEPAM
1070,CHEMBL969,O=C1CN=C(c2ccccc2)c2cc(Cl)ccc2N1CC1CC1,0,0.0,None,0,N05BA11,PRAZEPAM
1071,CHEMBL86754,Oc1c(I)cc(I)c2cccnc12,0,None,None,0,G01AC01,IODOQUINOL
1072,CHEMBL86715,OC(CCN1CCCC1)(c1ccccc1)C1CCCCC1,0,0.0,None,0,N04AA04,PROCYCLIDINE
1073,CHEMBL866,COc1c(C)c2c(c(O)c1CC=C(C)CCC(=O)O)C(=O)OC2,0,0.0,None,0,L04AA06,MYCOPHENOLIC ACID
1074,CHEMBL803,Nc1ccn(C2OC(CO)C(O)C2O)c(=O)n1,0,0.0,None,0,L01BC01,CYTARABINE
1075,CHEMBL788,O=c1[nH]c(=O)n(C2CC(O)C(CO)O2)cc1I,0,0.0,None,0,"D06BB01, J05AB02, S01AD01",IDOXURIDINE
1076,CHEMBL796,COC(=O)C(c1ccccc1)C1CCCCN1,0,0.0,None,0,N06BA04,METHYLPHENIDATE
1077,CHEMBL797,CN1C(=O)CC(c2ccccc2)C1=O,0,0.0,None,0,N03AD02,PHENSUXIMIDE
1078,CHEMBL799,O=C1CCc2cc(OCCCCc3nnnn3C3CCCCC3)ccc2N1,0,0.0,None,0,B01AC23,CILOSTAZOL
1079,CHEMBL80,C=CCN1CCC23c4c5ccc(O)c4OC2C(=O)CCC3(O)C1C5,0,0.0,None,0,"A06AH04, V03AB15",NALOXONE
1080,CHEMBL802,Nc1cc(N2CCCCC2)nc(N)[n+]1[O-],0,0.0,None,0,"C02DC01, D11AX01",MINOXIDIL
1081,CHEMBL806,CC(C)C(=O)Nc1ccc([N+](=O)[O-])c(C(F)(F)F)c1,0,0.0,None,0,L02BB01,FLUTAMIDE
1082,CHEMBL781,OC1(c2ccc(Cl)cc2)c2ccccc2C2=NCCN21,0,0.0,None,0,A08AA05,MAZINDOL
1083,CHEMBL807,CC12CC3CC(C)(C1)CC(N)(C3)C2,0,0.0,None,0,N06DX01,MEMANTINE
1084,CHEMBL808,Clc1ccc(COC(Cn2ccnc2)c2ccc(Cl)cc2Cl)cc1,0,0.0,None,0,"D01AC03, G01AF05",ECONAZOLE
1085,CHEMBL8085,C(=O)(C(CCCCN)N)O,0,0.0,None,0,B05XB03,LYSINE
1086,CHEMBL809,CNC1CCC(c2ccc(Cl)c(Cl)c2)c2ccccc21,0,0.0,None,0,N06AB06,SERTRALINE
1087,CHEMBL81,O=C(c1ccc(OCCN2CCCCC2)cc1)c1c(-c2ccc(O)cc2)sc2cc(O)ccc12,0,0.0,None,0,G03XC01,RALOXIFENE
1088,CHEMBL813,CCCCc1ncc(C=C(Cc2cccs2)C(=O)O)n1Cc1ccc(C(=O)O)cc1,0,0.0,None,0,C09CA02,EPROSARTAN
1089,CHEMBL782,CCCCNC(=O)NS(=O)(=O)c1ccc(C)cc1,0,0.0,None,0,"A10BB03, V04CA01",TOLBUTAMIDE
1090,CHEMBL780,O=C(O)CN(CCN(CC(=O)O)CC(=O)O)CCN(CC(=O)O)CC(=O)O,0,0.0,None,0,None,PENTETIC ACID
1091,CHEMBL864,CN(C)CCOC(c1ccc(Cl)cc1)c1ccccn1,0,0.0,None,0,R06AA08,CARBINOXAMINE
1092,CHEMBL766,CC1(C)CC1C(=O)NC(=CCCCCSCC(N)C(=O)O)C(=O)O,0,0.0,None,0,None,CILASTATIN
1093,CHEMBL753,CC(COc1ccccc1)N(CCCl)Cc1ccccc1,0,0.0,None,0,C04AX02,PHENOXYBENZAMINE
1094,CHEMBL75753,O=C(NCCNCC(O)COc1ccc(O)cc1)N1CCOCC1,0,0.0,None,0,C01CX07,XAMOTEROL
1095,CHEMBL76,CCN(CC)CCCC(C)Nc1ccnc2cc(Cl)ccc12,0,0.0,None,0,P01BA01,CHLOROQUINE
1096,CHEMBL761,c1ccc2c(CC3=NCCN3)cccc2c1,0,0.0,None,0,"R01AA08, R01AB02, S01GA01, S01GA51",NAPHAZOLINE
1097,CHEMBL762,Cc1cc(C(C)(C)C)c(O)c(C)c1CC1=NCCN1,0,0.0,None,0,"R01AA05, R01AB07, S01GA04",OXYMETAZOLINE
1098,CHEMBL765,NC(N)=NCCN1CCCCCCC1,0,0.0,None,0,"C02CC02, S01EX01",GUANETHIDINE
1099,CHEMBL76725,N=C(N)NCC1COc2ccccc2O1,0,None,None,0,C02CC03,GUANOXAN
1100,CHEMBL779,CN1CC(=O)N2C(Cc3c([nH]c4ccccc34)C2c2ccc3c(c2)OCO3)C1=O,0,0.0,None,0,G04BE08,TADALAFIL
1101,CHEMBL770,c1ccc(CC2=NCCN2)cc1,0,0.0,None,0,"C04AB02, M02AX02",TOLAZOLINE
1102,CHEMBL771,NC1CONC1=O,0,0.0,None,0,J04AB01,CYCLOSERINE
1103,CHEMBL773,NCC(=O)O,0,0.0,None,0,B05CX03,GLYCINE
1104,CHEMBL77622,Oc1ccc(CCNCCCCCCNCCc2ccccc2)cc1O,0,0.0,None,0,C01CA14,DOPEXAMINE
1105,CHEMBL77675,N=C(Nc1ccccc1)Nc1ccccc1,0,None,None,0,None,CHEMBL77675
1106,CHEMBL777,O=C(O)C1C(=CCO)OC2CC(=O)N21,0,0.0,None,0,None,CLAVULANIC ACID
1107,CHEMBL81421,Cc1c(C)c2c(c(C)c1OC(=O)CCC(=O)O)CCC(C)(CCCC(C)CCCC(C)CCCC(C)C)O2,0,None,None,0,A11HA03,(+)-ALPHA-TOCOPHERYL SUCCINATE
1108,CHEMBL816,C(CN)N,0,None,None,0,None,ETHYLENEDIAMINE
1109,CHEMBL817,Cc1ccc(S(=O)(=O)NC(=O)NN2CCCCCC2)cc1,0,0.0,None,0,A10BB05,TOLAZAMIDE
1110,CHEMBL853,Nc1ccn(C2CCC(CO)O2)c(=O)n1,0,0.0,None,0,J05AF03,ZALCITABINE
1111,CHEMBL842,NS(=O)(=O)c1cc2c(cc1Cl)NC=NS2(=O)=O,0,0.0,None,0,"C03AA04, C03AH01",CHLOROTHIAZIDE
1112,CHEMBL844,Brc1c(NC2=NCCN2)ccc2nccnc12,0,0.0,None,0,"D11AX21, S01EA05, S01GA07",BRIMONIDINE
1113,CHEMBL846,C=C1C(=CC=C2CCCC3(C)C2CCC3C(C)CCCC(C)(C)O)CC(O)CC1O,0,0.0,None,0,"A11CC04, D05AX03",CALCITRIOL
1114,CHEMBL847,CC(C)NCC1CCc2cc(CO)c([N+](=O)[O-])cc2N1,0,0.0,None,0,P02BA02,OXAMNIQUINE
1115,CHEMBL849,Oc1cc(Cl)ccc1Oc1ccc(Cl)cc1Cl,0,0.0,None,0,"D08AE04, D09AA06",TRICLOSAN
1116,CHEMBL852,NC(Cc1ccc(N(CCCl)CCCl)cc1)C(=O)O,0,0.0,None,0,L01AA03,MELPHALAN
1117,CHEMBL856,CCC1(c2ccccc2)C(=O)NCNC1=O,0,0.0,None,0,N03AA03,PRIMIDONE
1118,CHEMBL818,NC(N)=NCc1cccc(I)c1,0,0.0,None,0,None,IOBENGUANE
1119,CHEMBL857,O=C(O)CCCCC1SCC2NC(=O)NC21,0,0.0,None,0,A11HA05,BIOTIN
1120,CHEMBL858,C(=O)(O)CN(CC(=O)O)CCN(CC(=O)O)CC(=O)O,0,None,None,0,V03AB03,EDETIC ACID
1121,CHEMBL86,CCN(CC)CCNC(=O)c1cc(Cl)c(N)cc1OC,0,0.0,None,0,A03FA01,METOCLOPRAMIDE
1122,CHEMBL862,N=C(N)NC(=O)Cc1c(Cl)cccc1Cl,0,0.0,None,0,C02AC02,GUANFACINE
1123,CHEMBL863,NC(CS)C(=O)O,0,0.0,None,0,None,CYSTEINE
1124,CHEMBL86304,O=C(NCCN1CCOCC1)c1ccc(Cl)cc1,0,0.0,None,0,N06AG02,MOCLOBEMIDE
1125,CHEMBL84,CCC1(O)C(=O)OCc2c1cc1n(c2=O)Cc2cc3c(CN(C)C)c(O)ccc3nc2-1,0,0.0,None,0,L01CE01,TOPOTECAN
1126,CHEMBL839,CC(C)(C)NCC(O)COc1cccc2c1CCC(=O)N2,0,0.0,None,0,"C07AA15, S01ED05, S01ED55",CARTEOLOL
1127,CHEMBL838,CCOC(=O)C(CCc1ccccc1)NC1CCc2ccccc2N(CC(=O)O)C1=O,0,0.0,None,0,C09AA07,BENAZEPRIL
1128,CHEMBL83668,Cc1cccc(N(C)C(=S)Oc2ccc3ccccc3c2)c1,0,0.0,None,0,D01AE18,TOLNAFTATE
1129,CHEMBL836,CCOc1ccccc1OCCNC(C)Cc1ccc(OC)c(S(N)(=O)=O)c1,0,0.0,None,0,G04CA02,TAMSULOSIN
1130,CHEMBL834,NCCC(O)(P(=O)(O)O)P(=O)(O)O,0,0.0,None,0,M05BA03,PAMIDRONIC ACID
1131,CHEMBL833,Clc1ccccc1CN1CCc2sccc2C1,0,0.0,None,0,B01AC05,TICLOPIDINE
1132,CHEMBL831,CN1CCN(C2=Nc3ccccc3Oc3ccc(Cl)cc32)CC1,0,0.0,None,0,N05AH01,LOXAPINE
1133,CHEMBL83063,CC(NCCc1ccc(O)cc1)C(O)c1ccc(O)cc1,0,0.0,None,0,G02CA01,RITODRINE
1134,CHEMBL83,CCC(=C(c1ccccc1)c1ccc(OCCN(C)C)cc1)c1ccccc1,0,0.0,None,0,L02BA01,TAMOXIFEN
1135,CHEMBL829,CC(CN(C)C)CN1c2ccccc2Sc2ccccc21,0,0.0,None,0,R06AD01,METHYLPROMAZINE
1136,CHEMBL826,CCn1cc(C(=O)O)c(=O)c2cc(F)c(N3CCNCC3)nc21,0,0.0,None,0,J01MA04,ENOXACIN
1137,CHEMBL82293,C(=O)(O)CCCCCCCCCCCCCCC,0,None,None,0,None,PALMITIC ACID
1138,CHEMBL82202,Cc1ncc(COP(=O)(O)O)c(C=O)c1O,0,None,None,0,None,PYRIDOXAL PHOSPHATE
1139,CHEMBL821,N=C(N)N,0,0.0,None,0,None,GUANIDINE
1140,CHEMBL820,CS(=O)(=O)OCCCCOS(C)(=O)=O,0,0.0,None,0,L01AB01,BUSULFAN
1141,CHEMBL819,Cc1onc(-c2ccccc2)c1C(=O)NC1C(=O)N2C1SC(C)(C)C2C(=O)O,0,0.0,None,0,J01CF04,OXACILLIN
1142,CHEMBL2010601,CC(C)(C)c1cc(C(C)(C)C)c(NC(=O)c2c[nH]c3ccccc3c2=O)cc1O,0,0.0,None,0,R07AX02,IVACAFTOR
1143,CHEMBL982,C=C1CCC2(O)C3Cc4ccc(O)c5c4C2(CCN3CC2CC2)C1O5,0,0.0,None,1,N07BB05,NALMEFENE
1144,CHEMBL1201286,CC[N+](C)(CC)CCOC(=O)C(O)(c1ccccc1)C1CCCCC1,0,0.0,None,0,"A03AB53, A03AB03",OXYPHENONIUM
1145,CHEMBL313833,NC1CC1c1ccccc1,1,None,1.0,0,None,TRANYLCYPROMINE
1146,CHEMBL1201294,CCOC(=O)C1(c2ccccc2)CCN(CCC(C#N)(c2ccccc2)c2ccccc2)CC1,0,0.0,None,0,A07DA01,DIPHENOXYLATE
1147,CHEMBL1201293,CC(=O)NCCCS(=O)(=O)O,0,0.0,None,0,N07BB03,ACAMPROSATE
1148,CHEMBL1788385,Cc1cc(Br)c(O)c2ncccc12,1,None,1.0,0,P01AA05,TILBROQUINOL
1149,CHEMBL1201288,O=C1CN(N=Cc2ccc(-c3ccc([N+](=O)[O-])cc3)o2)C(=O)N1,0,0.0,None,0,M03CA01,DANTROLENE
1150,CHEMBL1201287,CN(C)CCC(c1ccc(Br)cc1)c1ccccn1,0,0.0,None,0,"R06AB56, R06AB06",DEXBROMPHENIRAMINE
1151,CHEMBL2,COc1cc2nc(N3CCN(C(=O)c4ccco4)CC3)nc(N)c2cc1OC,0,0.0,None,0,C02CA01,PRAZOSIN
1152,CHEMBL1201284,CC(NCCCc1cccc(C(F)(F)F)c1)c1cccc2ccccc12,0,0.0,None,0,H05BX01,CINACALCET
1153,CHEMBL1201283,CCC(C)CCCCC(=O)NC(CCN)C(=O)NC(C(=O)NC(CCN)C(=O)NC1CCNC(=O)C(C(C)O)NC(=O)C(CCN)NC(=O)C(CCN)NC(=O)C(CC(C)C)NC(=O)C(Cc2ccccc2)NC(=O)C(CCN)NC1=O)C(C)O,0,None,None,0,None,CHEMBL1201283
1154,CHEMBL193,COC(=O)C1=C(C)NC(C)=C(C(=O)OC)C1c1ccccc1[N+](=O)[O-],1,0.0,1.0,0,"C08CA05, C08CA55",NIFEDIPINE
1155,CHEMBL2107431,C#CC1(O)CCC2C3CCC4=CCCCC4C3CCC21C,1,None,1.0,0,"G03AC02, G03DC03",LYNESTRENOL
1156,CHEMBL2368925,O=C(OC1CC2CC3CC(C1)N2CC3=O)c1c[nH]c2ccccc12,1,0.0,1.0,0,A04AA04,DOLASETRON
1157,CHEMBL1201281,O=C(O)CCC(=O)OCC(NC(=O)C(Cl)Cl)C(O)c1ccc([N+](=O)[O-])cc1,0,0.0,None,0,"D06AX02, D10AF03, G01AA05, J01BA01, S01AA01, S02AA01, S03AA08",CHLORAMPHENICOL SUCCINIC ACID
1158,CHEMBL1201274,CC(C)NCC(O)COc1ccc(CCOCC2CC2)cc1,0,0.0,None,0,None,LEVOBETAXOLOL
1159,CHEMBL1201273,CC(Cc1ccc2c(c1)OCO2)NCC(O)c1ccc(O)c(O)c1,0,0.0,None,0,None,PROTOKYLOL
1160,CHEMBL1201303,Cc1cc(C=Cc2ccc3cc(N(C)C)ccc3[n+]2C)c(C)n1-c1ccccc1,0,0.0,None,0,P02CX01,PYRVINIUM
1161,CHEMBL1201271,CC(C)(C)c1ccc(CN2CCN(C(c3ccccc3)c3ccc(Cl)cc3)CC2)cc1,0,0.0,None,0,"R06AE01, R06AE51",BUCLIZINE
1162,CHEMBL1201270,C1N2CN3CN1CN(C2)C3,0,0.0,None,0,J01XX05,METHENAMINE
1163,CHEMBL1201266,N#Cc1cc(NC(=O)C(=O)O)c(Cl)c(NC(=O)C(=O)O)c1,0,0.0,None,0,S01GX05,LODOXAMIDE
1164,CHEMBL1201265,CC1CC2C(C(O)CC3(C)C2CCC3(O)C(=O)COC(=O)CCC(=O)O)C2(C)C=CC(=O)C=C12,0,0.0,None,0,"D07AA01, D10AA02, H02AB04",METHYLPREDNISOLONE HEMISUCCINATE
1165,CHEMBL364713,COc1ccc2c(c1OC)C(=O)OC2C1c2c(cc3c(c2OC)OCO3)CCN1C,1,0.0,1.0,0,R05DA07,NOSCAPINE
1166,CHEMBL1201263,CCN(CC)CC(=O)OCC(=O)C1(O)CCC2C3CCC4=CC(=O)CCC4(C)C3C(O)CC21C,0,0.0,None,0,None,HYDROCORTAMATE
1167,CHEMBL1201262,CNCC(O)c1ccc(OC(=O)C(C)(C)C)c(OC(=O)C(C)(C)C)c1,0,0.0,None,0,S01EA02,DIPIVEFRIN
1168,CHEMBL38,CC(C=CC1=C(C)CCCC1(C)C)=CC=CC(C)=CC(=O)O,1,0.0,1.0,0,"D10AD01, L01XF01, D10AD51",TRETINOIN
1169,CHEMBL1201261,CCCC(=O)Nc1c(I)cc(I)c(CC(CC)C(=O)O)c1I,0,0.0,None,0,V08AC09,TYROPANOIC ACID
1170,CHEMBL1201260,CN=C(NC)NCc1ccccc1,0,0.0,None,0,C02CC01,BETHANIDINE
1171,CHEMBL1201256,COc1cc(C(=O)NCc2ccc(OCCN(C)C)cc2)cc(OC)c1OC,0,0.0,None,0,R06AA10,TRIMETHOBENZAMIDE
1172,CHEMBL398707,CN1CCC23c4c5ccc(O)c4OC2C(=O)CCC3C1C5,1,0.0,1.0,0,N02AA03,HYDROMORPHONE
1173,CHEMBL40,CCC1(c2ccccc2)C(=O)NC(=O)NC1=O,1,0.0,1.0,0,N03AA02,PHENOBARBITAL
1174,CHEMBL1201300,CNC(=O)c1c(I)c(NC(C)=O)c(I)c(C(=O)O)c1I,0,0.0,None,0,V08AA04,IOTHALAMIC ACID
1175,CHEMBL1201309,CC(C)CC(NC(=O)C(Cc1ccc2ccccc2c1)NC(=O)C(Cc1ccc(O)cc1)NC(=O)C(CO)NC(=O)C(Cc1c[nH]c2ccccc12)NC(=O)C(Cc1c[nH]cn1)NC(=O)C1CCC(=O)N1)C(=O)NC(CCCNC(=N)N)C(=O)N1CCCC1C(=O)NCC(N)=O,0,None,None,0,H01CA02,NAFARELIN
1176,CHEMBL1200952,CNC(C)Cc1ccccc1,0,0.0,None,0,N06BA03,METHAMPHETAMINE HYDROCHLORIDE
1177,CHEMBL1201348,Cc1cc(OP(=O)(O)O)c2ccccc2c1OP(=O)(O)O,0,0.0,None,0,None,MENADIOL DIPHOSPHORIC ACID
1178,CHEMBL1201407,CCCCCCCC(=O)CCC1C(O)CC(O)C1CC=CCCCC(=O)O,0,None,None,0,S01EE02,UNOPROSTONE
1179,CHEMBL1201396,CC1CC2C3CC(F)C4=CC(=O)C=CC4(C)C3(F)C(O)CC2(C)C1(O)C(=O)SCF,0,None,None,0,"D07AC17, R01AD08, R03BA05",FLUTICASONE
1180,CHEMBL1201389,CC12C=CC(=O)C=C1CCC1C2C(O)CC2(C)C1CCC2(O)C(=O)OCCl,0,None,None,0,None,LOTEPREDNOL
1181,CHEMBL1201388,CC12CCC(=O)C=C1CCC1C3CCC(O)(C(=O)CO)C3(C)CC(O)C12F,0,None,None,0,H02AA02,FLUDROCORTISONE
1182,CHEMBL1201380,CC1CC2C3CC(F)C4=CC(=O)C=CC4(C)C3(F)C(O)CC2(C)C1(O)C(=O)CO,0,None,None,0,None,CHEMBL1201380
1183,CHEMBL1201362,CC1CC2C3CCC4=CC(=O)C=CC4(C)C3(F)C(O)CC2(C)C1(O)C(=O)CCl,0,None,None,0,D07AD01,CLOBETASOL
1184,CHEMBL1433,CC1c2cccc(O)c2C(=O)C2C(=O)C3(O)C(=O)C(C(N)=O)C(=O)C(N(C)C)C3C(O)C21,1,0.0,1.0,0,"A01AB22, J01AA02",DOXYCYCLINE
1185,CHEMBL1201361,CC1CC2C3C(Cl)CC4=CC(=O)C=CC4(C)C3C(O)CC2(C)C1(O)C(=O)CO,0,None,None,0,"D07AB10, S01BA10",ALCLOMETASONE
1186,CHEMBL1201360,CC1CC2C3CC(F)C4=CC(=O)C=CC4(C)C3(F)C(O)CC2(C)C1(O)C(=O)CCl,0,None,None,0,D07AC21,HALOBETASOL
1187,CHEMBL1201356,CCC(CO)NC(=O)C1C=C2c3cccc4[nH]cc(c34)CC2N(C)C1,0,0.0,None,0,G02AB01,METHYLERGONOVINE
1188,CHEMBL1201355,CSCCC(NC(=O)C(Cc1c[nH]c2ccccc12)NC(=O)CNC(=O)C(NC(=O)C(Cc1ccc(OS(=O)(=O)O)cc1)NC(=O)C(CC(=O)O)NC(=O)C(CCC(N)=O)NC(=O)C1CCC(=O)N1)C(C)O)C(=O)NC(CC(=O)O)C(=O)NC(Cc1ccccc1)C(N)=O,0,0.0,None,0,V04CC04,CERULETIDE
1189,CHEMBL1201349,C[N+](C)(CCCCCC[N+](C)(C)C1c2ccccc2-c2ccccc21)C1c2ccccc2-c2ccccc21,0,0.0,None,0,M03AC05,HEXAFLUORENIUM
1190,CHEMBL1201348,Cc1cc(OP(=O)(O)O)c2ccccc2c1OP(=O)(O)O,0,0.0,None,0,None,MENADIOL DIPHOSPHORIC ACID
1191,CHEMBL1201347,CCOC(=O)C1(c2ccccc2)CCN(CCc2ccc(N)cc2)CC1,0,0.0,None,0,N01AH05,ANILERIDINE
1192,CHEMBL1201314,CC(C)C(N)C(=O)OCC(CO)OCn1cnc2c(=O)[nH]c(N)nc21,0,0.0,None,0,J05AB14,VALGANCICLOVIR
1193,CHEMBL1201346,O=C(O)CCNC(=O)c1ccc(N=Nc2ccc(O)c(C(=O)O)c2)cc1,0,0.0,None,0,A07EC04,BALSALAZIDE
1194,CHEMBL1201345,CCCCC(CC)CCC(CC(C)C)OS(=O)(=O)O,0,0.0,None,0,None,TETRADECYL SULFURIC ACID
1195,CHEMBL1201342,CN1CCCC(CC2c3ccccc3Sc3ccccc32)C1,0,0.0,None,0,N04AA03,METHIXENE
1196,CHEMBL1503,COc1ccc2nc([S+]([O-])Cc3ncc(C)c(OC)c3C)[nH]c2c1,1,0.0,1.0,0,A02BC01,OMEPRAZOLE
1197,CHEMBL1201334,CC(C)CC(NC(=O)C(Cc1c[nH]c2ccccc12)NC(=O)C(Cc1ccc(O)cc1)NC(=O)C(CO)NC(=O)C(Cc1c[nH]c2ccccc12)NC(=O)C(Cc1c[nH]cn1)NC(=O)C1CCC(=O)N1)C(=O)NC(CCCNC(=N)N)C(=O)N1CCCC1C(=O)NCC(N)=O,0,0.0,None,0,L02AE04,TRIPTORELIN
1198,CHEMBL1620875,CCN(CC)CCc1nc(-c2ccccc2)no1,1,None,1.0,0,R05DB07,OXOLAMINE
1199,CHEMBL1201325,C[N+]1(C)CCN(CC(O)(c2ccccc2)C2CCCCC2)CC1,0,0.0,None,0,A03AB10,HEXOCYCLIUM
1200,CHEMBL1201323,NCCc1ccn[nH]1,0,0.0,None,0,V04CG02,BETAZOLE
1201,CHEMBL1201322,CCCCCCCCCCCCCCCC[N+](C)(C)CCN(Cc1ccc(OC)cc1)c1ncccn1,0,0.0,None,0,None,THONZONIUM
1202,CHEMBL1643,NC(=O)c1ncn(C2OC(CO)C(O)C2O)n1,1,0.0,1.0,0,J05AP01,RIBAVIRIN
1203,CHEMBL1201321,N#CC(CCN1CCC(C(=O)O)(c2ccccc2)CC1)(c1ccccc1)c1ccccc1,0,0.0,None,0,A07DA04,DIFENOXIN
1204,CHEMBL1201320,COc1ccc2[nH]c([S+]([O-])Cc3ncc(C)c(OC)c3C)nc2c1,0,0.0,None,0,A02BC05,ESOMEPRAZOLE
1205,CHEMBL1201319,CC(N)C(O)c1cccc(O)c1,0,0.0,None,0,C01CA09,METARAMINOL
1206,CHEMBL405,CC(N)Cc1ccccc1,1,0.0,1.0,0,"N06BA02, N06BA01",AMPHETAMINE
1207,CHEMBL409,CC(O)(CS(=O)(=O)c1ccc(F)cc1)C(=O)Nc1ccc(C#N)c(C(F)(F)F)c1,1,0.0,1.0,0,L02BB03,BICALUTAMIDE
1208,CHEMBL1201245,CN(C)CCOC(c1ccccc1)c1ccc(Br)cc1,0,0.0,None,0,R06AA01,BROMODIPHENHYDRAMINE
1209,CHEMBL1201087,C=CCN1CC(C(=O)N(CCCN(C)C)C(=O)NCC)CC2c3cccc4[nH]cc(c34)CC21,0,0.0,None,0,"G02CB03, N04BC06",CABERGOLINE
1210,CHEMBL1201173,CC(=O)C1CCC2C3CC(C)C4=CC(=O)CCC4(C)C3C(O)CC12C,0,0.0,None,0,S01BA08,MEDRYSONE
1211,CHEMBL1201165,C#CC1(O)CCC2C3CCc4cc(OC5CCCC5)ccc4C3CCC21C,0,0.0,None,0,None,QUINESTROL
1212,CHEMBL1201151,C#CC1(O)CCC2C3CCc4cc(OC)ccc4C3CCC21C,0,0.0,None,0,None,MESTRANOL
1213,CHEMBL1201148,CC1CC2C3CCC4=CC(=O)C=CC4(C)C3C(=O)CC2(C)C1(O)C(=O)CO,0,0.0,None,0,H02AB15,MEPREDNISONE
1214,CHEMBL1201134,CCCCC(F)(F)C1(O)CCC2C(CC(=O)C2CCCCCCC(=O)O)O1,0,0.0,None,0,A06AX03,LUBIPROSTONE
1215,CHEMBL1201131,CCCCOCCOCCOCc1cc2c(cc1CCC)OCO2,0,0.0,None,0,None,PIPERONYL BUTOXIDE
1216,CHEMBL1201129,Nc1ncn(C2CC(O)C(CO)O2)c(=O)n1,0,0.0,None,0,L01BC08,DECITABINE
1217,CHEMBL1201117,COc1ccccc1OCC(O)COC(N)=O,0,0.0,None,0,"M03BA03, M03BA53, M03BA73",METHOCARBAMOL
1218,CHEMBL557555,CC(C)(Oc1ccc(C2CC2(Cl)Cl)cc1)C(=O)O,1,0.0,1.0,0,C10AB08,CIPROFIBRATE
1219,CHEMBL1201112,COc1nc(N)nc2c1ncn2C1OC(CO)C(O)C1O,0,0.0,None,0,L01BB07,NELARABINE
1220,CHEMBL595,CCc1ccc(CCOc2ccc(CC3SC(=O)NC3=O)cc2)nc1,1,0.0,1.0,0,A10BG03,PIOGLITAZONE
1221,CHEMBL6,COc1ccc2c(c1)c(CC(=O)O)c(C)n2C(=O)c1ccc(Cl)cc1,1,0.0,1.0,0,"C01EB03, M01AB01, M02AA23, S01BC01, M01AB51",INDOMETHACIN
1222,CHEMBL1201101,CC12CCC(=O)C=C1CCC1C2CCC2(C)C(OC(=O)CCC3CCCC3)CCC12,0,0.0,None,0,G03BA03,TESTOSTERONE CYPIONATE
1223,CHEMBL1201075,CC(=O)N(CC(O)CO)c1c(I)c(C(=O)NCCO)c(I)c(C(=O)NCC(O)CO)c1I,0,0.0,None,0,V08AB12,IOXILAN
1224,CHEMBL1201244,C=CC[N+]1(C2CC3C4CCC5CC(O)C(N6CCOCC6)CC5(C)C4CCC3(C)C2OC(C)=O)CCCC1,0,0.0,None,0,None,ROCURONIUM
1225,CHEMBL1201073,O=C(O)C(S)C(S)C(=O)O,0,0.0,None,0,None,SUCCIMER
1226,CHEMBL1201056,CCn1ccc(NS(=O)(=O)c2ccc(N)cc2)nc1=O,0,0.0,None,0,None,SULFACYTINE
1227,CHEMBL1201046,NCc1ccccc1CC(=O)NC1C(=O)N2C(C(=O)O)=C(CSc3nnnn3CC(=O)O)CSC12,0,0.0,None,0,J01DC11,CEFORANIDE
1228,CHEMBL1201039,NS(=O)(=O)c1cc2c(cc1Cl)N=C(CSCc1ccccc1)NS2(=O)=O,0,0.0,None,0,None,BENZTHIAZIDE
1229,CHEMBL1201012,CC1(C)OC2CC3C4CC(F)C5=CC(=O)CCC5(C)C4C(O)CC3(C)C2(C(=O)CO)O1,0,0.0,None,0,D07AC07,FLURANDRENOLIDE
1230,CHEMBL1201,CN1CCN(CCC=C2c3ccccc3Sc3ccc(S(=O)(=O)N(C)C)cc32)CC1,0,0.0,None,0,N05AF04,THIOTHIXENE
1231,CHEMBL1200993,CC[N+](CC)(CC)CCOc1cccc(OCC[N+](CC)(CC)CC)c1OCC[N+](CC)(CC)CC,0,0.0,None,0,M03AC02,GALLAMINE TRIETHIODIDE
1232,CHEMBL1200973,CC12CCC3c4ccc(O)cc4CCC3C1CCC2OC(=O)CCC1CCCC1,0,0.0,None,0,"G03CA03, G03CA53",ESTRADIOL CYPIONATE
1233,CHEMBL6437,CN1CCN2c3ccccc3Cc3ccccc3C2C1,1,0.0,1.0,0,N06AX03,MIANSERIN
1234,CHEMBL1200971,CC(=O)OCC1=C(C(=O)O)N2C(=O)C(NC(=O)C(N)c3ccccc3)C2SC1,0,0.0,None,0,None,CEPHALOGLYCIN
1235,CHEMBL1200969,CC12C=CC(=O)NC1CCC1C2CCC2(C)C(C(=O)Nc3cc(C(F)(F)F)ccc3C(F)(F)F)CCC12,0,0.0,None,0,G04CB02,DUTASTERIDE
1236,CHEMBL1200963,CCNC(=O)CCCC=CCC1C(O)CC(O)C1C=CC(O)CCc1ccccc1,0,0.0,None,0,S01EE03,BIMATOPROST
1237,CHEMBL1200959,CN1CCC(CN2c3ccccc3Sc3ccccc32)C1,0,0.0,None,0,R06AD04,METHDILAZINE
1238,CHEMBL1201182,COC1CC2CCC(C)C(O)(O2)C(=O)C(=O)N2CCCCC2C(=O)OC(C(C)CC2CCC(OC(=O)C(C)(CO)CO)C(OC)C2)CC(=O)C(C)C=C(C)C(O)C(OC)C(=O)C(C)CC(C)C=CC=CC=C1C,0,0.0,None,0,L01EG01,TEMSIROLIMUS
1239,CHEMBL548,CCCCCC(O)C=CC1C(O)CC(=O)C1CC=CCCCC(=O)O,1,0.0,1.0,0,G02AD02,DINOPROSTONE
1240,CHEMBL511142,COC12CCC3(CC1C(C)(O)C(C)(C)C)C1Cc4ccc(O)c5c4C3(CCN1CC1CC1)C2O5,1,0.0,1.0,0,"N07BC01, N07BC51, N02AE01",BUPRENORPHINE
1241,CHEMBL493,CC(C)CC1C(=O)N2CCCC2C2(O)OC(NC(=O)C3C=C4c5cccc6[nH]c(Br)c(c56)CC4N(C)C3)(C(C)C)C(=O)N12,1,0.0,1.0,0,"G02CB01, N04BC01",BROMOCRIPTINE
1242,CHEMBL1201242,CC(C)NCCCC1(C(N)=O)c2ccccc2-c2ccccc21,0,0.0,None,0,None,INDECAINIDE
1243,CHEMBL1201237,CC(C)(C)NCC(O)COc1cccc2c1CCCC2=O,0,0.0,None,0,S01ED03,LEVOBUNOLOL
1244,CHEMBL1201234,CNC(C)(C)Cc1ccccc1,0,0.0,None,0,C01CA11,MEPHENTERMINE
1245,CHEMBL1201232,CC(C)[N+](C)(CCC(C(N)=O)(c1ccccc1)c1ccccc1)C(C)C,0,0.0,None,0,A03AB09,ISOPROPAMIDE
1246,CHEMBL1201231,CC12C=CC(=O)C=C1CCC1C2C(O)CC2(C)C1CCC2(O)C(=O)COP(=O)(O)O,0,0.0,None,0,None,PREDNISOLONE PHOSPHORIC ACID
1247,CHEMBL1201229,CN(CCCCCCCCCCN(C)C(=O)Oc1cccc([N+](C)(C)C)c1)C(=O)Oc1cccc([N+](C)(C)C)c1,0,0.0,None,0,S01EB04,DEMECARIUM
1248,CHEMBL1201227,OC(CCN1CCCCC1)(c1ccccc1)C1CCCC1,0,0.0,None,0,None,CYCRIMINE
1249,CHEMBL1201224,CON=C(C(=O)NC1C(=O)N2C(C(=O)O)=C(CSc3nnnn3C)CSC12)c1csc(N)n1,0,0.0,None,0,J01DD05,CEFMENOXIME
1250,CHEMBL1201222,CC(Cc1ccccc1)NC(=O)C(N)CCCCN,0,0.0,None,0,N06BA12,LISDEXAMFETAMINE
1251,CHEMBL1201220,CC(=O)Nc1c(I)c(NC(C)=O)c(I)c(C(=O)O)c1I,0,0.0,None,0,V08AA01,DIATRIZOIC ACID
1252,CHEMBL1201219,CC(=O)OC1CC2CCC3C(CCC4(C)C3CC([N+]3(C)CCCCC3)C4OC(C)=O)C2(C)CC1N1CCCCC1,0,0.0,None,0,M03AC03,VECURONIUM
1253,CHEMBL1201218,Cn1nnnc1SCC1=C(C(=O)O)N2C(=O)C(NC(=O)C(OC=O)c3ccccc3)C2SC1,0,0.0,None,0,None,CEFAMANDOLE NAFATE
1254,CHEMBL1201217,CCCCOc1ccc(C(=O)CCN2CCCCC2)cc1,0,0.0,None,0,"N01BX02, R02AD04",DYCLONINE
1255,CHEMBL1201216,Cc1ccccc1N1CCN(CCc2nnc3n2CCCC3)CC1,0,0.0,None,0,S01EX02,DAPIPRAZOLE
1256,CHEMBL1201213,CCC(NC(C)C)C(O)c1ccc(O)c(O)c1,0,0.0,None,0,"R03AC07, R03CC06",ISOETHARINE
1257,CHEMBL1201212,COc1ccc(OC)c(C(O)CNC(=O)CN)c1,0,0.0,None,0,C01CA17,MIDODRINE
1258,CHEMBL42,CN1CCN(C2=Nc3cc(Cl)ccc3Nc3ccccc32)CC1,1,0.0,1.0,0,N05AH02,CLOZAPINE
1259,CHEMBL1201210,CCC(=O)c1ccc2c(c1)N(CC(C)N(C)C)c1ccccc1S2,0,0.0,None,0,N05CM06,PROPIOMAZINE
1260,CHEMBL1201208,CC1NCCOC1c1ccccc1,0,0.0,None,0,None,PHENMETRAZINE
1261,CHEMBL1201207,CC1CC2C3CCC4=CC(=O)C=CC4(C)C3(F)C(O)CC2(C)C1(O)C(=O)COP(=O)(O)O,0,0.0,None,0,None,BETAMETHASONE PHOSPHORIC ACID
1262,CHEMBL1201206,CC(=O)OC1CC2CCC3C(CCC4(C)C3CC(N3CC[N+](C)(C)CC3)C4OC(C)=O)C2(C)CC1N1CC[N+](C)(C)CC1,0,0.0,None,0,None,PIPECURONIUM
1263,CHEMBL1201204,Cc1cc(=O)c(C(=O)NC(C(=O)NC2C(=O)N3C(C(=O)O)=C(CSc4nnnn4C)CSC23)c2ccc(O)cc2)c[nH]1,0,0.0,None,0,J01DD11,CEFPIRAMIDE
1264,CHEMBL469,O=C(c1ccccc1)c1ccc2n1CCC2C(=O)O,1,0.0,1.0,0,"M01AB15, S01BC05",KETOROLAC
1265,CHEMBL1201202,COC1OC(COS(=O)(=O)O)C(OC2OC(C(=O)O)C(OC3OC(COS(=O)(=O)O)C(OC4OC(C(=O)O)C(OC5OC(COS(=O)(=O)O)C(O)C(O)C5NS(=O)(=O)O)C(O)C4O)C(OS(=O)(=O)O)C3NS(=O)(=O)O)C(O)C2OS(=O)(=O)O)C(O)C1NS(=O)(=O)O,0,0.0,None,0,B01AX05,FONDAPARINUX
1266,CHEMBL1201196,Clc1ccc(C(Cn2ccnc2)OCc2csc3c(Cl)cccc23)c(Cl)c1,0,0.0,None,0,"D01AC14, G01AF19",SERTACONAZOLE
1267,CHEMBL473,CN(CCOc1ccc(NS(C)(=O)=O)cc1)CCc1ccc(NS(C)(=O)=O)cc1,1,0.0,1.0,0,C01BD04,DOFETILIDE
1268,CHEMBL1201192,NC(=O)C[S+]([O-])C(c1ccccc1)c1ccccc1,0,0.0,None,0,N06BA13,ARMODAFINIL
1269,CHEMBL1412,N1CCNCC1,1,0.0,1.0,0,P02CB01,PIPERAZINE
1270,CHEMBL1201747,CN1CCC(=C2c3ccccc3CCn3c(C=O)cnc32)CC1,0,0.0,None,0,S01GX11,ALCAFTADINE
1271,CHEMBL1201748,COC1C(=O)C2(C)C(OC)CC3OCC3(OC(C)=O)C2C(OC(=O)c2ccccc2)C2(O)CC(OC(=O)C(O)C(NC(=O)OC(C)(C)C)c3ccccc3)C(C)=C1C2(C)C,0,0.0,None,0,L01CD04,CABAZITAXEL
1272,CHEMBL515914,CC(=O)OCC1OC(n2ncc(=O)[nH]c2=O)C(OC(C)=O)C1OC(C)=O,1,1.0,1.0,None,None,AZARIBINE
1273,CHEMBL1262,Clc1ccc(CON=C(Cn2ccnc2)c2ccc(Cl)cc2Cl)c(Cl)c1,0,0.0,None,0,"G01AF17, D01AC11",OXICONAZOLE
1274,CHEMBL1261,C(C(O)(CC(=O)O)CC(=O)O)(=O)O,0,0.0,None,0,A09AB04,CITRIC ACID
1275,CHEMBL126,CC(=O)NCC1CN(c2ccc(N3CCOCC3)c(F)c2)C(=O)O1,0,0.0,None,0,J01XX08,LINEZOLID
1276,CHEMBL1259059,CC(C)OC(=O)C(C)NP(=O)(OCC1OC(n2ccc(=O)[nH]c2=O)C(C)(F)C1O)Oc1ccccc1,0,0.0,None,0,J05AP08,SOFOSBUVIR
1277,CHEMBL460499,CCCCCCNC(=O)n1cc(F)c(=O)[nH]c1=O,1,None,1.0,1,L01BC04,CARMOFUR
1278,CHEMBL477874,FC(F)(F)COCC(F)(F)F,1,None,1.0,1,None,FLUROTHYL
1279,CHEMBL1257051,Cn1nnc(-c2ccc(-c3ccc(N4CC(CO)OC4=O)cc3F)cn2)n1,0,0.0,None,0,J01XX11,TEDIZOLID
1280,CHEMBL1257,FC(F)OC(F)(F)C(F)Cl,0,0.0,None,0,N01AB04,ENFLURANE
1281,CHEMBL496,Oc1c(Cl)cc(Cl)c(Cl)c1Cc1c(O)c(Cl)cc(Cl)c1Cl,1,0.0,1.0,1,D08AE01,HEXACHLOROPHENE
1282,CHEMBL1256786,COc1ccc(CC(C)NCC(O)c2ccc(O)c(NC=O)c2)cc1,0,0.0,None,0,R03AC13,FORMOTEROL
1283,CHEMBL1256391,Cc1ccc(=O)n(-c2ccccc2)c1,0,0.0,None,0,L04AX05,PIRFENIDONE
1284,CHEMBL1256,FC(F)OC(Cl)C(F)(F)F,0,0.0,None,0,N01AB06,ISOFLURANE
1285,CHEMBL1255943,C(=O)(C(CCC(=O)O)N)O,0,0.0,None,0,A09AB01,GLUTAMIC ACID HYDROCHLORIDE
1286,CHEMBL1255800,CCc1c(Cl)c(O)c(Cl)c(O)c1C(=O)OC1C(C)OC(OCC2=CC=CCC(O)C(C)=CC(CC)C(OC3OC(C)(C)C(OC(=O)C(C)C)C(O)C3O)C(C)=CC(C)=CCC(C(C)O)OC2=O)C(OC)C1O,0,0.0,None,0,A07AA12,FIDAXOMICIN
1287,CHEMBL1237119,CCCCCC(O)CCC1C(O)CC2Cc3c(cccc3OCC(=O)O)CC21,0,0.0,None,0,B01AC21,TREPROSTINIL
1288,CHEMBL1255,C=O,0,0.0,None,0,None,FORMALDEHYDE
1289,CHEMBL54349,CCCN(CCC)C(=O)Cc1c(-c2ccc(Cl)cc2)nc2ccc(Cl)cn12,1,1.0,1.0,None,None,ALPIDEM
1290,CHEMBL1254682,C=CCN1CCC23CCCCC2C1Cc1ccc(O)cc13,0,0.0,None,0,None,LEVALLORPHAN
1291,CHEMBL1251,CCNC(=NCCCCC(NC(=O)C(Cc1ccc(O)cc1)NC(=O)C(CO)NC(=O)C(Cc1cccnc1)NC(=O)C(Cc1ccc(Cl)cc1)NC(=O)C(Cc1ccc2ccccc2c1)NC(C)=O)C(=O)NC(CC(C)C)C(=O)NC(CCCCN=C(NCC)NCC)C(=O)N1CCCC1C(=O)NC(C)C(N)=O)NCC,0,0.0,None,0,H01CC01,GANIRELIX ACETATE
1292,CHEMBL125,CCCCCCCCCCCCCCCCOP(=O)([O-])OCC[N+](C)(C)C,0,0.0,None,0,"P01CZ04, P01CX04",MILTEFOSINE
1293,CHEMBL62193,COc1cc(NS(=O)(=O)c2ccc(N)cc2)nc(OC)n1,1,1.0,1.0,0,J01ED01,SULFADIMETHOXINE
1294,CHEMBL1242,Nc1ccc(N=Nc2ccccc2)c(N)n1,0,0.0,None,0,G04BX06,PHENAZOPYRIDINE
1295,CHEMBL623,CCc1nn(CCCN2CCN(c3cccc(Cl)c3)CC2)c(=O)n1CCOc1ccccc1,1,0.0,1.0,1,N06AX06,NEFAZODONE
1296,CHEMBL1241951,COc1cccc(N2CCN(C3=Nc4c(F)cccc4C(CC(=O)O)N3c3cc(C(F)(F)F)ccc3OC)CC2)c1,0,0.0,None,0,J05AX18,LETERMOVIR
1297,CHEMBL1241,CN(C)CCN(Cc1ccccc1)c1ccccn1,0,0.0,None,0,"D04AA04, R06AC04",TRIPELENNAMINE
1298,CHEMBL1239,O=C(OCc1ccccc1)c1ccccc1,0,0.0,None,0,P03AX01,BENZYL BENZOATE
1299,CHEMBL1238,O=C(O)CCCCCCCC(=O)O,0,0.0,None,0,D10AX03,AZELAIC ACID
1300,CHEMBL1237132,CCCC(=O)OCOC(=O)C1=C(C)NC(C)=C(C(=O)OC)C1c1cccc(Cl)c1Cl,0,0.0,None,0,C08CA16,CLEVIDIPINE
1301,CHEMBL1263,OCc1cc(C(O)CNCCCCCCOCCCCc2ccccc2)ccc1O,0,0.0,None,0,R03AC12,SALMETEROL
1302,CHEMBL1265,COc1ccc(-c2ccc3cc(C(=O)O)ccc3c2)cc1C12CC3CC(CC(C3)C1)C2,0,0.0,None,0,"D10AD03, D10AD53",ADAPALENE
1303,CHEMBL1266,c1ccc2c(c1)CCCC2C1=NCCN1,0,0.0,None,0,"R01AA06, R01AB03, S01GA02, S01GA52",TETRAHYDROZOLINE
1304,CHEMBL1269025,CN1CCc2nc(C(=O)NC3CC(C(=O)N(C)C)CCC3NC(=O)C(=O)Nc3ccc(Cl)cn3)sc2C1,0,0.0,None,0,B01AF03,EDOXABAN
1305,CHEMBL411,CCC(=C(CC)c1ccc(O)cc1)c1ccc(O)cc1,1,1.0,1.0,0,"G03CB02, G03CC05, L02AA01",DIETHYLSTILBESTROL
1306,CHEMBL437,Nc1ccc(S(=O)(=O)Nc2nccs2)cc1,1,1.0,1.0,0,"D06BA02, J01EB07",SULFATHIAZOLE
1307,CHEMBL1295,Clc1ccc(CCC(Cn2ccnc2)Sc2c(Cl)cccc2Cl)cc1,0,0.0,None,0,G01AF15,BUTOCONAZOLE
1308,CHEMBL44618,ClC(Cl)Cl,1,1.0,1.0,0,N01AB02,CHLOROFORM
1309,CHEMBL1293,CC(C=CC=C(C)C=CC1=C(C)CCCC1(C)C)=CC=CC=C(C)C=CC=C(C)C=CC1=C(C)CCCC1(C)C,0,0.0,None,0,"A11CA02, D02BB01",BETA CAROTENE
1310,CHEMBL1290,CC(C)(C)NCC(O)COc1ccccc1C1CCCC1,0,0.0,None,0,C07AA23,PENBUTOLOL
1311,CHEMBL129,Cc1cn(C2CC(N=[N+]=[N-])C(CO)O2)c(=O)[nH]c1=O,0,0.0,None,0,J05AF01,ZIDOVUDINE
1312,CHEMBL1289926,CNC(=O)c1ccccc1Sc1ccc2c(C=Cc3ccccn3)n[nH]c2c1,0,0.0,None,0,L01EK01,AXITINIB
1313,CHEMBL1289601,COc1cc2nccc(Oc3ccc(NC(=O)NC4CC4)c(Cl)c3)c2cc1C(N)=O,0,0.0,None,0,L01EX08,LENVATINIB
1314,CHEMBL1289494,COc1cc2nccc(Oc3ccc(NC(=O)Nc4cc(C)on4)c(Cl)c3)c2cc1OC,0,0.0,None,0,L01EK03,TIVOZANIB
1315,CHEMBL1287853,Cc1cnc(Nc2ccc(OCCN3CCCC3)cc2)nc1Nc1cccc(S(=O)(=O)NC(C)(C)C)c1,0,0.0,None,0,L01EJ02,FEDRATINIB
1316,CHEMBL1286,CCC(C(N)=O)N1CCCC1=O,0,0.0,None,0,N03AX14,LEVETIRACETAM
1317,CHEMBL12856,Nc1cc(-c2ccncc2)c[nH]c1=O,0,0.0,None,0,C01CE01,INAMRINONE
1318,CHEMBL1282,CC(C)Cn1cnc2c(N)nc3ccccc3c21,0,0.0,None,0,D06BB10,IMIQUIMOD
1319,CHEMBL103,CC(=O)C1CCC2C3CCC4=CC(=O)CCC4(C)C3CCC12C,0,0.0,None,0,G03DA04,PROGESTERONE
1320,CHEMBL1279,CNC1CCc2[nH]c3ccc(C(N)=O)cc3c2C1,0,0.0,None,0,N02CC07,FROVATRIPTAN
1321,CHEMBL1278,CNS(=O)(=O)CCc1ccc2[nH]cc(C3CCN(C)CC3)c2c1,0,0.0,None,0,N02CC02,NARATRIPTAN
1322,CHEMBL1276310,COC1(NC(=O)C(C(=O)O)c2ccsc2)C(=O)N2C(C(=O)O)C(C)(C)SC21,0,None,None,0,J01CA17,TEMOCILLIN
1323,CHEMBL1276308,CC#CC1(O)CCC2C3CCC4=CC(=O)CCC4=C3C(c3ccc(N(C)C)cc3)CC21C,0,0.0,None,0,"G03XB01, G03XB51",MIFEPRISTONE
1324,CHEMBL1276010,C(=O)(O)CCCCCCCCC=C,0,None,None,0,"D01AE04, D01AE54",UNDECYLENIC ACID
1325,CHEMBL127592,CN(C(=O)CN(CCO)CC(=O)N(C)C(C)(C)Cc1ccccc1)C(C)(C)Cc1ccccc1,0,None,None,0,C05AD06,OXETHAZAINE
1326,CHEMBL447,C=CCC1(C(C)CCC)C(=O)NC(=O)NC1=O,1,1.0,1.0,0,N05CA06,SECOBARBITAL
1327,CHEMBL1274,CC1(C)NC(=O)N(c2ccc([N+](=O)[O-])c(C(F)(F)F)c2)C1=O,0,0.0,None,0,L02BB02,NILUTAMIDE
1328,CHEMBL448,CCCC(C)C1(CC)C(=O)NC(=O)NC1=O,1,1.0,1.0,0,N05CA01,PENTOBARBITAL
1329,CHEMBL1272,CCOc1cc(CC(=O)NC(CC(C)C)c2ccccc2N2CCCCC2)ccc1C(=O)O,0,0.0,None,0,A10BX02,REPAGLINIDE
1330,CHEMBL1271,C[N+]1(CCCCC[N+]2(C)CCCC2)CCCC1,0,0.0,None,0,None,PENTOLINIUM
1331,CHEMBL127,CC(O)C1C(=O)N2C(C(=O)O)=C(SC3CNC(C(=O)N(C)C)C3)C(C)C12,0,0.0,None,0,J01DH02,MEROPENEM
1332,CHEMBL1237123,COc1cc(CC2c3c(cc(OC)c(OC)c3OC)CC[N+]2(C)CCCOC(=O)CCC(=O)OCCC[N+]2(C)CCc3cc(OC)c(OC)c(OC)c3C2Cc2cc(OC)c(OC)c(OC)c2)cc(OC)c1OC,0,0.0,None,0,None,DOXACURIUM
1333,CHEMBL63857,O=C1OC(c2ccc(O)cc2)(c2ccc(O)cc2)c2ccccc21,1,0.0,1.0,1,A06AB04,PHENOLPHTHALEIN
1334,CHEMBL1201749,CCCC(=O)OC1(C(=O)COC(C)=O)CCC2C3CC(F)C4=CC(=O)C=CC4(C)C3(F)C(O)CC21C,0,0.0,None,0,D07AC19,DIFLUPREDNATE
1335,CHEMBL1131,COc1cc(C)c(C=CC(C)=CC=CC(C)=CC(=O)O)c(C)c1C,1,0.0,1.0,0,D05BB02,ACITRETIN
1336,CHEMBL1208422,O=C(O)c1c(Cl)c(Cl)c(Cl)c(Cl)c1-c1c2cc(I)c(=O)c(I)c-2oc2c(I)c(O)c(I)cc12,0,0.0,None,0,None,ROSE BENGAL
1337,CHEMBL1094,NC(=O)OCC(COC(N)=O)c1ccccc1,1,0.0,1.0,0,N03AX10,FELBAMATE
1338,CHEMBL1208155,COc1cccc(-c2c(C)n(Cc3c(F)cccc3C(F)(F)F)c(=O)n(CC(NCCCC(=O)O)c3ccccc3)c2=O)c1F,0,0.0,None,0,H01CC03,ELAGOLIX
1339,CHEMBL1206,CCN(CC)C(C)CN1c2ccccc2Sc2ccccc21,0,0.0,None,0,N04AA05,ETHOPROPAZINE
1340,CHEMBL1108,O=C(CCCN1CC=C(n2c(=O)[nH]c3ccccc32)CC1)c1ccc(F)cc1,1,0.0,1.0,0,N05AD08,DROPERIDOL
1341,CHEMBL120563,CN(C)C(=S)SSC(=S)N(C)C,0,None,None,0,P03AA05,THIRAM
1342,CHEMBL1201891,CC(=O)OCC(=O)C12N=C(C)OC1CC1C3CCC4=CC(=O)C=CC4(C)C3C(O)CC12C,0,0.0,None,0,H02AB13,DEFLAZACORT
1343,CHEMBL1201864,CC12CCC3=C4CCC(=O)C=C4CCC3C1CCC2(O)CC#N,0,0.0,None,0,G03DB08,DIENOGEST
1344,CHEMBL1123,CCN(CC)CCOC(=O)C1(C2CCCCC2)CCCCC1,1,0.0,1.0,0,A03AA07,DICYCLOMINE
1345,CHEMBL1201786,CCCCCCCCCCCC(=O)OCCNC(=O)C[n+]1ccccc1,0,0.0,None,0,None,LAPYRIUM
1346,CHEMBL1201784,CCCCCCOC(=O)CCC(=O)CN,0,0.0,None,0,V04CX06,HEXAMINOLEVULINATE
1347,CHEMBL1201780,NC(=O)NC(CCC(=O)O)C(=O)O,0,0.0,None,0,A16AA05,CARGLUMIC ACID
1348,CHEMBL1201779,CC1(C)SC(C(NC(=O)Cc2ccccc2)C(=O)NCCCCC(N)C(=O)O)NC1C(=O)O,0,0.0,None,0,None,BENZYLPENICILLOYL POLYLYSINE
1349,CHEMBL1194666,CCN(CC)C(C)C(=O)c1ccccc1,1,0.0,1.0,0,A08AA03,DIETHYLPROPION
1350,CHEMBL1237105,CCCCCC(C)(O)C=CC1C(O)CC(O)C1CC=CCCCC(=O)O,0,0.0,None,0,G02AD04,CARBOPROST TROMETHAMINE
1351,CHEMBL1201774,CC(O)C(O)C1CNc2nc(N)[nH]c(=O)c2N1,0,0.0,None,0,A16AX07,SAPROPTERIN
1352,CHEMBL1201772,CC(=O)Oc1cc2c(s1)CCN(C(C(=O)C1CC1)c1ccccc1F)C2,0,0.0,None,0,B01AC22,PRASUGREL
1353,CHEMBL1201766,CC(C)c1cccc(C(C)C)c1OCOP(=O)(O)O,0,0.0,None,0,None,FOSPROPOFOL
1354,CHEMBL1201139,CC(=O)OC1(C(C)=O)CCC2C3C=C(C)C4=CC(=O)CCC4(C)C3CCC21C,1,0.0,1.0,0,"G03AC05, G03DB02, L02AB01",MEGESTROL ACETATE
1355,CHEMBL1201168,Cc1cc(C(=O)NNCc2ccccc2)no1,1,0.0,1.0,0,N06AF01,ISOCARBOXAZID
1356,CHEMBL1213252,O=C(O)C1N=C(c2ccccc2)c2cc(Cl)ccc2NC1=O,1,0.0,1.0,0,None,CLORAZEPIC ACID
1357,CHEMBL12610,CN(C)CCCOc1nn(Cc2ccccc2)c2ccccc12,1,0.0,1.0,0,"A01AD02, G02CC03, M01AX07, M02AA05, R02AX03",BENZYDAMINE
1358,CHEMBL1306,CC(C)N1CCN(c2ccc(OCC3COC(Cn4cncn4)(c4ccc(Cl)cc4Cl)O3)cc2)CC1,1,0.0,1.0,0,G01AG02,TERCONAZOLE
1359,CHEMBL1201760,NC1CCCCN(c2c(F)cc3c(=O)c(C(=O)O)cn(C4CC4)c3c2Cl)C1,0,0.0,None,0,S01AE08,BESIFLOXACIN
1360,CHEMBL1201758,O=C(O)CCCN1CCC(OC(c2ccc(Cl)cc2)c2ccccn2)CC1,0,0.0,None,0,None,BEPOTASTINE
1361,CHEMBL1201754,NC(=O)c1cn(Cc2c(F)cccc2F)nn1,0,0.0,None,0,N03AF03,RUFINAMIDE
1362,CHEMBL1201753,O=C(O)CC(O)CC(O)C=Cc1c(C2CC2)nc2ccccc2c1-c1ccc(F)cc1,0,0.0,None,0,C10AA08,PITAVASTATIN
1363,CHEMBL1201752,CC(=Cc1csc(C)n1)C1CC2OC2(C)CCCC(C)C(O)C(C)C(=O)C(C)(C)C(O)CC(=O)N1,0,0.0,None,0,L01DC04,IXABEPILONE
1364,CHEMBL1214,CC1(C)SC2C(NC(=O)C(C(=O)O)c3ccccc3)C(=O)N2C1C(=O)O,0,0.0,None,0,J01CA03,CARBENICILLIN
1365,CHEMBL1214124,N#Cc1ccccc1-c1cc(-c2ccccn2)cn(-c2ccccc2)c1=O,0,0.0,None,0,N03AX22,PERAMPANEL
1366,CHEMBL1215,CNCC(O)c1cccc(O)c1,0,0.0,None,0,"C01CA06, R01AA04, R01AB01, R01BA03, S01FB01, S01GA05, R01BA53, S01GA55",PHENYLEPHRINE
1367,CHEMBL1004,CN(C)CCOC(C)(c1ccccc1)c1ccccn1,1,0.0,1.0,0,"R06AA09, R06AA59",DOXYLAMINE
1368,CHEMBL646,Cc1nnc2n1-c1ccc(Cl)cc1C(c1ccccc1Cl)=NC2,1,1.0,1.0,0,N05CD05,TRIAZOLAM
1369,CHEMBL6615,CCC(c1ccc(O)cc1)C(CC)c1ccc(O)cc1,1,None,1.0,1,None,HEXESTROL
1370,CHEMBL1237066,C(=O)([O-])C(C(C(C(C(O)CO)O)O)O)O,0,0.0,None,0,A12AA10,CALCIUM GLUCEPTATE
1371,CHEMBL1237046,CN(C)C1C(=O)C(C(=O)NCN2CCCC2)C(=O)C2(O)C(=O)C3C(=O)c4c(O)cccc4C(C)(O)C3CC12,0,None,None,0,J01AA09,ROLITETRACYCLINE
1372,CHEMBL1237044,COc1cccc(C2(O)CCCCC2CN(C)C)c1,0,0.0,None,0,N02AX02,TRAMADOL
1373,CHEMBL1237021,O=C1C2C3CCC(C3)C2C(=O)N1CC1CCCCC1CN1CCN(c2nsc3ccccc23)CC1,0,0.0,None,0,N05AE05,LURASIDONE
1374,CHEMBL1237,NCCCCC(NC(CCc1ccccc1)C(=O)O)C(=O)N1CCCC1C(=O)O,0,0.0,None,0,C09AA03,LISINOPRIL
1375,CHEMBL1234268,CSCCC(N)C(=O)O,0,0.0,None,0,None,CHEMBL1234268
1376,CHEMBL70046,O=c1[nH]c(=O)n(C2OC(CO)C(O)C2O)cc1C=CBr,1,1.0,1.0,None,None,SORIVUDINE
1377,CHEMBL1232562,CC(C)C(C)C=CC(C)C1CCC2C3=CC=C4CC(O)CCC4(C)C3CCC21C,0,None,None,0,None,ERGOSTEROL
1378,CHEMBL12318,O=P(O)(O)C(Cl)(Cl)P(=O)(O)O,0,None,None,0,M05BA02,CLODRONIC ACID
1379,CHEMBL94394,CCCCOc1ccc(CC(=O)NO)cc1,1,0.0,1.0,1,"M01AB17, M02AA09",BUFEXAMAC
1380,CHEMBL1231700,C[N+](C)(C)CCOP(=O)([O-])OP(=O)(O)OCC1OC(n2ccc(N)nc2=O)C(O)C1O,0,None,None,0,N06BX06,CITICOLINE
1381,CHEMBL1231667,CC1=C(C(=O)Nc2ccccc2)SCCO1,0,None,None,0,None,CARBOXIN
1382,CHEMBL1231574,CN1c2c(nc(N)[nH]c2=O)NCC1CNc1ccc(C(=O)NC(CCC(=O)O)C(=O)O)cc1,0,0.0,None,0,None,LEVOMEFOLIC ACID
1383,CHEMBL1231,CCN(CC)CC#CCOC(=O)C(O)(c1ccccc1)C1CCCCC1,0,0.0,None,0,G04BD04,OXYBUTYNIN
1384,CHEMBL1229846,OCCOc1ccccc1,0,0.0,None,0,None,PHENOXYETHANOL
1385,CHEMBL1229517,CCCS(=O)(=O)Nc1ccc(F)c(C(=O)c2c[nH]c3ncc(-c4ccc(Cl)cc4)cc23)c1F,0,0.0,None,0,L01EC01,VEMURAFENIB
1386,CHEMBL1229211,CC1CCOC2Cn3cc(C(=O)NCc4ccc(F)cc4F)c(=O)c(O)c3C(=O)N12,0,0.0,None,0,J05AJ03,DOLUTEGRAVIR
1387,CHEMBL1229,CCOC(=O)C1=CC(OC(CC)CC)C(NC(C)=O)C(N)C1,0,0.0,None,0,J05AH02,OSELTAMIVIR
1388,CHEMBL1224,Cc1ccc(C(=CCN2CCCC2)c2cccc(C=CC(=O)O)n2)cc1,0,0.0,None,0,R06AX18,ACRIVASTINE
1389,CHEMBL1221,Clc1ccc(CSC(Cn2ccnc2)c2ccc(Cl)cc2Cl)cc1,0,0.0,None,0,D01AC09,SULCONAZOLE
1390,CHEMBL488,CCC1(c2ccc(N)cc2)CCC(=O)NC1=O,1,0.0,1.0,0,L02BG01,AMINOGLUTETHIMIDE
1391,CHEMBL1219,COCCCOc1ccnc(C[S+]([O-])c2nc3ccccc3[nH]2)c1C,0,0.0,None,0,"A02BC04, A02BC54",RABEPRAZOLE
1392,CHEMBL1218,CCC(=O)NCCC1CCc2ccc3c(c21)CCO3,0,0.0,None,0,N05CH02,RAMELTEON
1393,CHEMBL121626,Cc1c(Cl)cccc1Nc1ccccc1C(=O)O,0,0.0,None,0,M01AG02,TOLFENAMIC ACID
1394,CHEMBL121516,S=C(SSC(=S)N1CCCCC1)N1CCCCC1,0,None,None,0,None,BIS(PIPERIDINYLTHIOCARBONYL)DISULFIDE
1395,CHEMBL1200953,CCCC(=O)OC1(C(=O)COC(=O)CC)CCC2C3CCC4=CC(=O)CCC4(C)C3C(O)CC21C,0,0.0,None,0,"A01AC03, A07EA02, C05AA01, D07AA02, D07AB11, D07XA01, H02AB09, S01BA02, S01CB03, S02BA01",HYDROCORTISONE PROBUTATE
1396,CHEMBL691,C#CC1(O)CCC2C3CCc4cc(O)ccc4C3CCC21C,1,0.0,1.0,0,"G03CA01, L02AA03",ETHINYL ESTRADIOL
1397,CHEMBL404108,Cc1ccc(Nc2c(F)cccc2Cl)c(CC(=O)O)c1,1,1.0,1.0,0,M01AH06,LUMIRACOXIB
1398,CHEMBL24944,O=C(Nc1ccc(Br)cc1)c1cc(Br)cc(Br)c1O,1,1.0,None,None,None,TRIBROMSALAN
1399,CHEMBL110691,CC(=O)OC1(C(C)=O)CCC2C3C=C(Cl)C4=CC(=O)CCC4(C)C3CCC21C,1,1.0,None,None,G03DB06,CHLORMADINONE ACETATE
1400,CHEMBL1120,O=C1c2c(O[Bi](O1)O)cccc2,0,0.0,None,0,None,BISMUTH SUBSALICYLATE
1401,CHEMBL112,CC(=O)Nc1ccc(O)cc1,0,0.0,None,0,"N02BE01, N02BE51, N02BE71",ACETAMINOPHEN
1402,CHEMBL16080,CC(Cl)(Cl)Cl,1,1.0,None,None,None,TRICHLOROETHANE
1403,CHEMBL1118,CN(C)CC(c1ccc(O)cc1)C1(O)CCCCC1,0,0.0,None,0,N06AX23,DESVENLAFAXINE
1404,CHEMBL1117,CC(=O)C1(O)Cc2c(O)c3c(c(O)c2C(OC2CC(N)C(O)C(C)O2)C1)C(=O)c1ccccc1C3=O,0,0.0,None,0,L01DB06,IDARUBICIN
1405,CHEMBL1740513,CC(C)Nc1ncccn1,1,1.0,None,None,None,ISAXONINE
1406,CHEMBL1115,CN(C)C(=O)Oc1ccc[n+](C)c1,0,0.0,None,0,N07AA02,PYRIDOSTIGMINE
1407,CHEMBL1113,Clc1ccc2c(c1)C(N1CCNCC1)=Nc1ccccc1O2,0,0.0,None,0,N06AA17,AMOXAPINE
1408,CHEMBL1801800,O=C(Nc1ccccc1)c1cc(Br)cc(Br)c1O,1,1.0,None,None,None,METABROMSALAN
1409,CHEMBL1112,O=C1CCc2ccc(OCCCCN3CCN(c4cccc(Cl)c4Cl)CC3)cc2N1,0,0.0,None,0,N05AX12,ARIPIPRAZOLE
1410,CHEMBL1111,COC(c1ccccc1)(c1ccccc1)C(Oc1nc(C)cc(C)n1)C(=O)O,0,0.0,None,0,C02KX02,AMBRISENTAN
1411,CHEMBL1109,Nc1ccc(S(=O)(=O)Nc2ccnn2-c2ccccc2)cc1,0,0.0,None,0,"J01ED08, S01AB05",SULFAPHENAZOLE
1412,CHEMBL1106,NC1=NCC2c3ccccc3Cc3ccccc3N12,0,0.0,None,0,"R06AX24, S01GX10",EPINASTINE
1413,CHEMBL1129,O=c1[nH]c(=O)n(C2CC(O)C(CO)O2)cc1C(F)(F)F,0,0.0,None,0,"S01AD02, L01BC59",TRIFLURIDINE
1414,CHEMBL110458,OCC1NCC(O)C(O)C1O,0,0.0,None,0,A16AX14,MIGALASTAT
1415,CHEMBL1104,CC[N+](C)(C)c1cccc(O)c1,0,0.0,None,0,V04CX07,EDROPHONIUM
1416,CHEMBL1102,CCC1(c2ccccc2)CCC(=O)NC1=O,0,0.0,None,0,N05CE01,GLUTETHIMIDE
1417,CHEMBL291338,O=C(Nc1ccc(Cl)c(Cl)c1)c1cc(Cl)cc(Cl)c1O,1,1.0,None,None,None,"3,3',4',5-TETRACHLOROSALICYLANILIDE"
1418,CHEMBL1100,CCC1(C)OC(=O)N(C)C1=O,0,0.0,None,0,N03AC01,PARAMETHADIONE
1419,CHEMBL110,O=C(Cn1ccnc1[N+](=O)[O-])NCc1ccccc1,0,0.0,None,0,P01CA02,BENZNIDAZOLE
1420,CHEMBL3304486,CN(C)CC(C)(C)OC(=O)C(O)(c1ccccc1)c1ccccc1,1,1.0,None,None,A03AA09,DIFEMERINE
1421,CHEMBL11,CN(C)CCCN1c2ccccc2CCc2ccccc21,0,0.0,None,0,N06AA02,IMIPRAMINE
1422,CHEMBL1098319,O=S(=O)(O)CCS,0,0.0,None,0,None,MESNA
1423,CHEMBL1098,CCCCN1CCCCC1C(=O)Nc1c(C)cccc1C,0,0.0,None,0,"N01BB01, N01BB51",BUPIVACAINE
1424,CHEMBL404849,CCCCCCCCNC(C)C(O)c1ccc(SC(C)C)cc1,1,1.0,None,experimental,C04AX19,SULOCTIDIL
1425,CHEMBL1096979,NC(CO)C(=O)NNCc1ccc(O)c(O)c1O,0,0.0,None,0,None,BENSERAZIDE
1426,CHEMBL1096927,CC(C)=CCCC(C)(O)C1CC=C(C)CC1,0,None,None,0,None,LEVOMENOL
1427,CHEMBL112570,CC(C)CCCC(C)C1CCC2C3CC=C4CC(O)CCC4(C)C3CCC12C,0,0.0,None,0,None,CHOLESTEROL
1428,CHEMBL113,Cn1c(=O)c2c(ncn2C)n(C)c1=O,0,0.0,None,0,"N06BC01, D11AX26",CAFFEINE
1429,CHEMBL6995,CC(=O)Nc1ccc(OCC(O)CNC(C)C)cc1,1,0.0,1.0,0,C07AB01,PRACTOLOL
1430,CHEMBL1152,CC(=O)OCC(=O)C1(O)CCC2C3CCC4=CC(=O)C=CC4(C)C3C(O)CC21C,0,0.0,None,0,"A07EA01, C05AA04, D07AA03, D07XA02, H02AB06, R01AD02, S01BA04, S01CB02, S02BA03, S03BA02",PREDNISOLONE ACETATE
1431,CHEMBL1165268,O=C(CCCCC(=O)Nc1c(I)cc(I)c(C(=O)O)c1I)Nc1c(I)cc(I)c(C(=O)O)c1I,0,0.0,None,0,V08AC04,IODIPAMIDE
1432,CHEMBL1165,CCOC(=O)C(CCc1ccccc1)NC(C)C(=O)N1Cc2cc(OC)c(OC)cc2CC1C(=O)O,0,0.0,None,0,C09AA13,MOEXIPRIL
1433,CHEMBL1164729,Cc1nc(-c2ccc(OCC(C)C)c(C#N)c2)sc1C(=O)O,0,0.0,None,0,M04AA03,FEBUXOSTAT
1434,CHEMBL1163,COC(=O)NC(C(=O)NC(Cc1ccccc1)C(O)CN(Cc1ccc(-c2ccccn2)cc1)NC(=O)C(NC(=O)OC)C(C)(C)C)C(C)(C)C,0,0.0,None,0,J05AE08,ATAZANAVIR
1435,CHEMBL36506,COC1C(OC(N)=O)C(O)C(Oc2ccc3c(O)c(NC(=O)c4ccc(O)c(CC=C(C)C)c4)c(=O)oc3c2C)OC1(C)C,1,1.0,None,0,None,NOVOBIOCIN
1436,CHEMBL1162144,CC(=O)C(=O)O,0,None,None,0,None,PYRUVATE
1437,CHEMBL1162,C#CC1(O)CCC2C3CCC4=CC(=O)CCC4C3CCC21C,0,0.0,None,0,"G03AC01, G03DC02",NORETHINDRONE
1438,CHEMBL1161633,O[Cl+2](O)O,0,None,None,0,None,CHLORATE
1439,CHEMBL1161,CC1CC2C3CCC4=CC(=O)C=CC4(C)C3(Cl)C(O)CC2(C)C1(OC(=O)c1ccco1)C(=O)CCl,0,0.0,None,0,"D07AC13, D07XC03, R01AD09, R03BA07",MOMETASONE FUROATE
1440,CHEMBL656,COc1ccc2c3c1OC1C(=O)CCC4(O)C(C2)N(C)CCC314,1,1.0,None,0,N02AA05,OXYCODONE
1441,CHEMBL116,CC(C)CN(CC(O)C(Cc1ccccc1)NC(=O)OC1CCOC1)S(=O)(=O)c1ccc(N)cc1,0,0.0,None,0,J05AE05,AMPRENAVIR
1442,CHEMBL73234,CCN(CC)CCOCCOC(=O)C1(c2ccccc2)CCCC1,1,1.0,None,0,R05DB05,CARBETAPENTANE
1443,CHEMBL1159,CC(NC(=Nc1ccncc1)NC#N)C(C)(C)C,0,0.0,None,0,None,PINACIDIL
1444,CHEMBL115,CC(C)(C)NC(=O)C1CN(Cc2cccnc2)CCN1CC(O)CC(Cc1ccccc1)C(=O)NC1c2ccccc2CC1O,0,0.0,None,0,J05AE02,INDINAVIR
1445,CHEMBL113178,C(=O)(C(CC[Se]C)N)O,0,0.0,None,0,None,SELENOMETHIONINE
1446,CHEMBL1149,C[N+](C)(C)CC(O)CC(=O)[O-],0,0.0,None,0,A16AA01,LEVOCARNITINE
1447,CHEMBL1148,Cc1cccc(Nc2ccncc2S(=O)(=O)NC(=O)NC(C)C)c1,0,0.0,None,0,C03CA04,TORSEMIDE
1448,CHEMBL768,COC(=O)CCc1ccc(OCC(O)CNC(C)C)cc1,1,1.0,None,0,C07AB09,ESMOLOL
1449,CHEMBL114655,CC(CCc1ccccc1)NC(C)C(O)c1ccc(O)cc1,0,None,None,0,"C04AA02, G02CA02",NYLIDRIN
1450,CHEMBL772,COC(=O)C1C2CC3c4[nH]c5cc(OC)ccc5c4CCN3CC2CC(OC(=O)c2cc(OC)c(OC)c(OC)c2)C1OC,1,1.0,None,0,"C02AA02, C02AA52",RESERPINE
1451,CHEMBL790,N=C(NCCCCCCNC(=N)NC(=N)Nc1ccc(Cl)cc1)NC(=N)Nc1ccc(Cl)cc1,1,1.0,None,0,"A01AB03, B05CA02, D08AC02, D09AA12, R02AA05, S01AX09, S02AA09, S03AA04, D08AC52",CHLORHEXIDINE
1452,CHEMBL1144,CCC(C)C(=O)OC1CC(O)C=C2C=CC(C)C(CCC(O)CC(O)CC(=O)O)C21,0,0.0,None,0,C10AA03,PRAVASTATIN
1453,CHEMBL1140,NC(=O)c1cccnc1,0,0.0,None,0,A11HA01,NIACINAMIDE
1454,CHEMBL114,CC(C)(C)NC(=O)C1CC2CCCCC2CN1CC(O)C(Cc1ccccc1)NC(=O)C(CC(N)=O)NC(=O)c1ccc2ccccc2n1,0,0.0,None,0,J05AE01,SAQUINAVIR
1455,CHEMBL1139,CCCCCC(O)C=CC1C(O)CC2OC(=CCCCC(=O)O)CC21,0,0.0,None,0,B01AC09,EPOPROSTENOL
1456,CHEMBL1138,O=C1C(CCC(O)c2ccc(F)cc2)C(c2ccc(O)cc2)N1c1ccc(F)cc1,0,0.0,None,0,C10AX09,EZETIMIBE
1457,CHEMBL869,NC(=O)NN=Cc1ccc([N+](=O)[O-])o1,1,1.0,None,0,"B05CA03, P01CC02, S02AA02, D09AA03, D08AF01, S01AX04",NITROFURAZONE
1458,CHEMBL1136,CCC1OC(=O)C(C)C(=O)C(C)C(OC2OC(C)CC(N(C)C)C2O)C(C)(OC)CC(C)C(=O)C(C)C2N(CCCCn3cnc(-c4cccnc4)c3)C(=O)OC12C,0,0.0,None,0,J01FA15,TELITHROMYCIN
1459,CHEMBL1096885,CCCCC(=O)OCC(=O)C1(O)Cc2c(O)c3c(c(O)c2C(OC2CC(NC(=O)C(F)(F)F)C(O)C(C)O2)C1)C(=O)c1c(OC)cccc1C3=O,0,0.0,None,0,L01DB09,VALRUBICIN
1460,CHEMBL1000,O=C(O)COCCN1CCN(C(c2ccccc2)c2ccc(Cl)cc2)CC1,0,0.0,None,0,R06AE07,CETIRIZINE
1461,CHEMBL100116,CC(C)=CCN1CCC2(C)c3cc(O)ccc3CC1C2C,0,0.0,None,0,N02AD01,PENTAZOCINE
1462,CHEMBL1068,NC(=O)N1c2ccccc2CC(=O)c2ccccc21,0,0.0,None,0,N03AF02,OXCARBAZEPINE
1463,CHEMBL1079604,Cc1cc(C)cc(OCC2CNC(=O)O2)c1,0,0.0,None,0,None,METAXALONE
1464,CHEMBL1079,Clc1ccc2nsnc2c1NC1=NCCN1,0,0.0,None,0,M03BX02,TIZANIDINE
1465,CHEMBL1018,CC=C(C(=CC)c1ccc(O)cc1)c1ccc(O)cc1,0,0.0,None,0,"G03CB01, G03CC02",DIENESTROL
1466,CHEMBL1078261,CCCOC(C(=O)OC1CCN(C)CC1)(c1ccccc1)c1ccccc1,0,0.0,None,0,G04BD06,PROPIVERINE
1467,CHEMBL1077896,CCCN1CCCCC1C(=O)Nc1c(C)cccc1C,0,0.0,None,0,N01BB09,ROPIVACAINE
1468,CHEMBL1076544,O=C(Nc1ccccc1-c1ccc(Cl)cc1)c1cccnc1Cl,0,None,None,0,None,BOSCALID
1469,CHEMBL1076347,O=C(Nc1ccc(Cl)cc1)Nc1ccc(Cl)c(Cl)c1,0,0.0,None,0,None,TRICLOCARBAN
1470,CHEMBL107360,c1ccc2c(c1)CCc1ccccc1N2C1CN2CCC1CC2,0,None,None,0,N06AA23,QUINUPRAMINE
1471,CHEMBL1020,Cc1ccc(C(=O)c2ccc(CC(=O)O)n2C)cc1,0,0.0,None,0,"M01AB03, M02AA21",TOLMETIN
1472,CHEMBL1021,NC(=O)Cc1cccc(C(=O)c2ccccc2)c1N,0,0.0,None,0,S01BC10,NEPAFENAC
1473,CHEMBL1071,O=C(O)CCc1nc(-c2ccccc2)c(-c2ccccc2)o1,0,0.0,None,0,M01AE12,OXAPROZIN
1474,CHEMBL1023,C=C(c1ccc(C(=O)O)cc1)c1cc2c(cc1C)C(C)(C)CCC2(C)C,0,0.0,None,0,L01XF03,BEXAROTENE
1475,CHEMBL1069,CCCCC(=O)N(Cc1ccc(-c2ccccc2-c2nn[nH]n2)cc1)C(C(=O)O)C(C)C,0,0.0,None,0,C09CA03,VALSARTAN
1476,CHEMBL1064,CCC(C)(C)C(=O)OC1CC(C)C=C2C=CC(C)C(CCC3CC(O)CC(=O)O3)C21,0,0.0,None,0,C10AA01,SIMVASTATIN
1477,CHEMBL1002,CC(C)(C)NCC(O)c1ccc(O)c(CO)c1,0,0.0,None,0,None,LEVOSALBUTAMOL
1478,CHEMBL106,OC(Cn1cncn1)(Cn1cncn1)c1ccc(F)cc1F,0,0.0,None,0,"D01AC15, J02AC01",FLUCONAZOLE
1479,CHEMBL1027,Cc1ccsc1C(=CCCN1CCCC(C(=O)O)C1)c1sccc1C,0,0.0,None,0,N03AG06,TIAGABINE
1480,CHEMBL1059,CC(C)CC(CN)CC(=O)O,0,0.0,None,0,N03AX16,PREGABALIN
1481,CHEMBL1057,O=C1OC2(c3ccc(O)cc3Oc3cc(O)ccc32)c2ccccc21,0,None,None,0,S01JA01,CHEMBL1057
1482,CHEMBL1055,NS(=O)(=O)c1cc(C2(O)NC(=O)c3ccccc32)ccc1Cl,0,0.0,None,0,C03BA04,CHLORTHALIDONE
1483,CHEMBL1029,CCCCN1CC(O)C(O)C(O)C1CO,0,0.0,None,0,A16AX06,MIGLUSTAT
1484,CHEMBL1051,CC(C)OC(=O)CCCC=CCC1C(O)CC(O)C1CCC(O)CCc1ccccc1,0,0.0,None,0,S01EE01,LATANOPROST
1485,CHEMBL105,COC12C(COC(N)=O)C3=C(C(=O)C(C)=C(N)C3=O)N1CC1NC12,0,0.0,None,0,L01DC03,MITOMYCIN
1486,CHEMBL1046,NCCCCCC(=O)O,0,0.0,None,0,B02AA01,AMINOCAPROIC ACID
1487,CHEMBL1044,C(=O)(O)Cc1ccccc1,0,None,None,0,None,PHENYLACETIC ACID
1488,CHEMBL1043,Nc1ccc(S(=O)(=O)c2ccc(N)cc2)cc1,0,0.0,None,0,"D10AX05, J04BA02",DAPSONE
1489,CHEMBL1042,C=C1CCC(O)CC1=CC=C1CCCC2(C)C1CCC2C(C)CCCC(C)C,0,0.0,None,0,A11CC05,CHOLECALCIFEROL
1490,CHEMBL1040,C=C1CCC(O)CC1=CC=C1CCCC2(C)C1CCC2C(C)CCCC(C)(C)O,0,0.0,None,0,None,CALCIFEDIOL
1491,CHEMBL108,NC(=O)N1c2ccccc2C=Cc2ccccc21,0,0.0,None,0,N03AF01,CARBAMAZEPINE
1492,CHEMBL1082,CC1(C)SC2C(NC(=O)C(N)c3ccc(O)cc3)C(=O)N2C1C(=O)O,0,0.0,None,0,J01CA04,AMOXICILLIN
1493,CHEMBL1082407,CNC(=O)c1ccc(N2C(=S)N(c3ccc(C#N)c(C(F)(F)F)c3)C(=O)C2(C)C)cc1F,0,0.0,None,0,L02BB04,ENZALUTAMIDE
1494,CHEMBL1083659,Cc1ccc(-n2nccn2)c(C(=O)N2CCN(c3nc4cc(Cl)ccc4o3)CCC2C)c1,0,0.0,None,0,N05CM19,SUVOREXANT
1495,CHEMBL1096562,COC(=O)CCC(=O)CN,0,0.0,None,0,L01XD03,METHYL AMINOLEVULINATE
1496,CHEMBL1005,CCC(=O)N(c1ccccc1)C1(C(=O)OC)CCN(CCC(=O)OC)CC1,0,0.0,None,0,N01AH06,REMIFENTANIL
1497,CHEMBL1006,NCCCNCCSP(=O)(O)O,0,0.0,None,0,V03AF05,AMIFOSTINE
1498,CHEMBL1009,NC(Cc1ccc(O)c(O)c1)C(=O)O,0,0.0,None,0,N04BA01,LEVODOPA
1499,CHEMBL1095097,COC(=O)C1CC2=CC(=O)CCC2(C)C23OC2CC2(C)C(CCC24CCC(=O)O4)C13,0,0.0,None,0,C03DA04,EPLERENONE
1500,CHEMBL1095,CCN1C(=O)NC(c2ccccc2)C1=O,0,0.0,None,0,N03AB01,ETHOTOIN
1501,CHEMBL1094966,CC(C)(C)NCC(O)c1ccc(O)c(CO)n1,0,0.0,None,0,"R03AC08, R03CC07",PIRBUTEROL
1502,CHEMBL1094636,NC(=O)c1cccc2cn(-c3ccc(C4CCCNC4)cc3)nc12,0,0.0,None,0,L01XK02,NIRAPARIB
1503,CHEMBL1093,CCCNC(C)C(=O)Nc1c(C)csc1C(=O)OC,0,0.0,None,0,"N01BB08, N01BB58",ARTICAINE
1504,CHEMBL1091250,O=C1C(=C2Nc3ccc(S(=O)(=O)O)cc3C2=O)Nc2ccc(S(=O)(=O)O)cc21,0,None,None,0,None,INDIGOTINDISULFONATE
1505,CHEMBL1091,CC(=O)OCC(=O)C1(O)CCC2C3CCC4=CC(=O)CCC4(C)C3C(O)CC21C,0,0.0,None,0,"A01AC03, A07EA02, C05AA01, D07AA02, D07XA01, H02AB09, S01BA02, S01CB03, S02BA01",HYDROCORTISONE ACETATE
1506,CHEMBL1090,Nc1ncnc2c1ncn2C1OC(CO)C(O)C1O,0,0.0,None,0,"J05AB03, S01AD06",VIDARABINE
1507,CHEMBL109,CCCC(CCC)C(=O)O,0,0.0,None,0,N03AG01,VALPROIC ACID
1508,CHEMBL1089641,Cc1cc(-c2ccc(N=Nc3c(S(=O)(=O)O)cc4cc(S(=O)(=O)O)cc(N)c4c3O)c(C)c2)ccc1N=Nc1c(S(=O)(=O)O)cc2cc(S(=O)(=O)O)cc(N)c2c1O,0,0.0,None,0,None,TRYPAN BLUE
1509,CHEMBL1089318,Cc1c(Cl)c(C)[n+]([O-])c(Cl)c1-c1noc(-c2cc(O)c(O)c([N+](=O)[O-])c2)n1,0,0.0,None,0,N04BX04,OPICAPONE
1510,CHEMBL1089,NNCCc1ccccc1,0,0.0,None,0,N06AF03,PHENELZINE
1511,CHEMBL1014,CCOc1nc2cccc(C(=O)OC(C)OC(=O)OC3CCCCC3)c2n1Cc1ccc(-c2ccccc2-c2nnn[nH]2)cc1,0,0.0,None,0,C09CA06,CANDESARTAN CILEXETIL
1512,CHEMBL1088977,C[S+](CCC(N)C(=O)[O-])CC1OC(n2cnc3c(N)ncnc32)C(O)C1O,0,0.0,None,0,A16AA02,ADEMETIONINE
1513,CHEMBL1088,CN1CCCCC1CCN1c2ccccc2Sc2ccc([S+](C)[O-])cc21,0,0.0,None,0,N05AC03,MESORIDAZINE
1514,CHEMBL10878,COc1ccc2cccc(CCNC(C)=O)c2c1,0,0.0,None,0,N06AX22,AGOMELATINE
1515,CHEMBL108766,C(=O)(O)CCCCCCCCCCC,0,None,None,0,None,DODECANOATE
1516,CHEMBL1087,Cc1cccc(C)c1NC(=O)C1CCCCN1C,0,0.0,None,0,"N01BB03, N01BB53",MEPIVACAINE
1517,CHEMBL1017,CCCc1nc2c(C)cc(-c3nc4ccccc4n3C)cc2n1Cc1ccc(-c2ccccc2C(=O)O)cc1,0,0.0,None,0,C09CA07,TELMISARTAN
1518,CHEMBL1086,CCCCOc1cc(C(=O)NCCN(CC)CC)c2ccccc2n1,0,0.0,None,0,"C05AD04, D04AB02, N01BB06, S01HA06, S02DA04",DIBUCAINE
1519,CHEMBL1085699,COC(=O)C1=C(C)NC(C)=C(C(=O)OCCN2CCN(C(c3ccccc3)c3ccccc3)CC2)C1c1cccc([N+](=O)[O-])c1,0,None,None,0,C08CA11,MANIDIPINE 6300
1520,CHEMBL108545,COC(=O)c1ccccc1O,0,0.0,None,0,None,METHYL SALICYLATE
1521,CHEMBL1085,CC(=O)c1ccc2c(c1)N(CCCN1CCN(CCO)CC1)c1ccccc1S2,0,0.0,None,0,N05AB07,ACETOPHENAZINE
1522,CHEMBL1166,CC1CNc2c(cccc2S(=O)(=O)NC(CCCNC(=N)N)C(=O)N2CCC(C)CC2C(=O)O)C1,0,0.0,None,0,B01AE03,ARGATROBAN
1523,CHEMBL1167,CNC1C(O)C(NC)C2OC3(O)C(=O)CC(C)OC3OC2C1O,0,0.0,None,0,J01XX04,SPECTINOMYCIN
1524,CHEMBL1168,CCOC(=O)C(CCc1ccccc1)NC(C)C(=O)N1C(C(=O)O)CC2CCCC21,0,0.0,None,0,C09AA05,RAMIPRIL
1525,CHEMBL1200562,CCCCC(=O)OC1(C(=O)CO)CCC2C3CCC4=CC(=O)CCC4(C)C3C(O)CC21C,0,0.0,None,0,"A01AC03, A07EA02, C05AA01, D07AA02, D07XA01, H02AB09, S01BA02, S01CB03, S02BA01",HYDROCORTISONE VALERATE
1526,CHEMBL106258,NC1=NCC(c2ccccc2)O1,1,None,1.0,experimental; illicit,None,AMINOREX
1527,CHEMBL1095282,CN(C)C(=O)OC1N=C(c2ccccc2)c2cc(Cl)ccc2N(C)C1=O,1,None,1.0,experimental; illicit,N05BA15,CAMAZEPAM
1528,CHEMBL1200633,COC1CC(OC2C(C)OC(OC3C(C)=CCC4CC(CC5(CCC(C)C(C(C)C)O5)O4)OC(=O)C4C=C(C)C(O)C5OCC(=CC=CC3C)C45O)CC2OC)OC(C)C1O,0,None,None,0,"P02CF01, D11AX22",IVERMECTIN
1529,CHEMBL1200624,C#CC1(OC(C)=O)CCC2C3CCC4=CC(OC(C)=O)CCC4C3CCC21C,0,0.0,None,0,G03DC06,ETHYNODIOL DIACETATE
1530,CHEMBL1200622,CC(C=CC(C)C(C)(C)O)C1CCC2C(=CC=C3CC(O)CC(O)C3)CCCC21C,0,0.0,None,0,H05BX02,PARICALCITOL
1531,CHEMBL1200617,CCC(=O)C1(C)C(C)CC2C3CCC4=CC(=O)C=CC4(C)C3C(O)CC21C,0,0.0,None,0,"H02AB12, S01BA13",RIMEXOLONE
1532,CHEMBL1200614,O=C(NCC(O)CO)c1c(I)c(C(=O)NCC(O)CO)c(I)c(N(CCO)C(=O)CO)c1I,0,0.0,None,0,V08AB07,IOVERSOL
1533,CHEMBL1200607,FC(F)(F)C(F)(F)C(F)(F)C(F)(F)C(F)(F)C(F)(F)F,0,0.0,None,0,None,PERFLEXANE
1534,CHEMBL1200604,CCN(Cc1ccncc1)C(=O)C(CO)c1ccccc1,0,0.0,None,0,"S01FA06, S01FA56",TROPICAMIDE
1535,CHEMBL1200600,CC(=O)C1(O)CCC2C3CC(C)C4=CC(=O)C=CC4(C)C3(F)C(O)CC21C,0,0.0,None,0,"C05AA06, D07AB06, D07XB04, D10AA01, S01BA07, S01CB05",FLUOROMETHOLONE
1536,CHEMBL1200596,Oc1c(Cl)cc(Cl)c2cccnc12,0,0.0,None,0,None,CHLOROXINE
1537,CHEMBL1200585,CC12CC(C=O)C(=O)CC1CCC1C2CCC2(C)C1CCC2(C)O,0,0.0,None,0,A14AA05,OXYMETHOLONE
1538,CHEMBL1200570,C(C(C(O)CO)O)(C(O)CNC)O,0,0.0,None,0,None,MEGLUMINE
1539,CHEMBL1200559,C(=O)(C(O)C)O,0,0.0,None,0,G01AD01,LACTIC ACID
1540,CHEMBL1722501,CCC1(CC)C(=O)C=CNC1=O,1,None,1.0,experimental,N05CE03,PYRITHYLDIONE
1541,CHEMBL1200558,CCC(C)C(N)C1=NC(C(=O)NC(CC(C)C)C(=O)NC(CCC(=O)O)C(=O)NC(C(=O)NC2CCCCNC(=O)C(CC(N)=O)NC(=O)C(CC(=O)O)NC(=O)C(Cc3c[nH]cn3)NC(=O)C(Cc3ccccc3)NC(=O)C(C(C)CC)NC(=O)C(CCCN)NC2=O)C(C)CC)CS1,0,0.0,None,0,"D06AX05, J01XX10, R02AB04",BACITRACIN
1542,CHEMBL1200555,CN(C(=O)CC(=O)N(C)c1c(I)c(C(=O)NC(CO)C(O)CO)c(I)c(C(=O)NC(CO)C(O)CO)c1I)c1c(I)c(C(=O)NC(CO)C(O)CO)c(I)c(C(=O)NC(CO)C(O)CO)c1I,0,0.0,None,0,V08AB06,IOTROLAN
1543,CHEMBL1200542,CC(=O)OCC(=O)C1CCC2C3CCC4=CC(=O)CCC4(C)C3CCC12C,0,0.0,None,0,H02AA03,DESOXYCORTICOSTERONE ACETATE
1544,CHEMBL1200538,CC(=O)OCC(=O)C1(O)C(C)CC2C3CCC4=CC(=O)C=CC4(C)C3(F)C(O)CC21C,0,0.0,None,0,"A07EA04, C05AA05, D07AC01, D07XC01, H02AB01, R01AD06, R03BA04, S01BA06, S01CB04, S02BA07, S03BA03",BETAMETHASONE ACETATE
1545,CHEMBL1200527,COc1ccc(CC2c3cc(OC)c(OC)cc3CC[N+]2(C)CCC(=O)OCCCCCOC(=O)CC[N+]2(C)CCc3cc(OC)c(OC)cc3C2Cc2ccc(OC)c(OC)c2)cc1OC,0,0.0,None,0,M03AC04,ATRACURIUM BESYLATE
1546,CHEMBL1200522,COc1ccc(C(=O)CC(=O)c2ccc(C(C)(C)C)cc2)cc1,0,0.0,None,0,None,AVOBENZONE
1547,CHEMBL1200515,COC(=O)C1C2CC3c4[nH]c5ccccc5c4CCN3CC2CC(OC(=O)c2cc(OC)c(OC)c(OC)c2)C1OC,0,0.0,None,0,C02AA05,DESERPIDINE
1548,CHEMBL1200507,CC(=O)N(CC(O)CN(C(C)=O)c1c(I)c(C(=O)NCC(O)CO)c(I)c(C(=O)NCC(O)CO)c1I)c1c(I)c(C(=O)NCC(O)CO)c(I)c(C(=O)NCC(O)CO)c1I,0,0.0,None,0,V08AB09,IODIXANOL
1549,CHEMBL1200889,CC(=O)Nc1c(I)c(C(=O)NC(C=O)C(O)C(O)C(O)CO)c(I)c(N(C)C(C)=O)c1I,1,None,1.0,experimental,None,METRIZAMIDE
1550,CHEMBL1200500,CCC(=O)OCC(=O)C1(OC(=O)CC)C(C)CC2C3CCC4=CC(=O)C=CC4(C)C3(Cl)C(O)CC21C,0,0.0,None,0,"A07EA07, D07AC15, R01AD01, R03BA01",BECLOMETHASONE DIPROPIONATE
1551,CHEMBL1200490,CC(=O)NC(Cc1ccc2ccccc2c1)C(=O)NC(Cc1ccc(Cl)cc1)C(=O)NC(Cc1cccnc1)C(=O)NC(CO)C(=O)NC(Cc1ccc(O)cc1)C(=O)NC(CCCNC(N)=O)C(=O)NC(CC(C)C)C(=O)NC(CCCNC(=N)N)C(=O)N1CCCC1C(=O)NC(C)C(N)=O,0,0.0,None,0,H01CC02,CETRORELIX
1552,CHEMBL1200472,Fc1ccccc1C1=NCC(=S)N(CC(F)(F)F)c2ccc(Cl)cc21,0,0.0,None,0,N05CD10,QUAZEPAM
1553,CHEMBL1443491,CCN(CC)CCOC(=O)C(Cc1cccc2ccccc12)CC1CCCO1,1,None,1.0,experimental,None,NAFTIDROFURYL
1554,CHEMBL967,CN1C(=O)C(O)N=C(c2ccccc2)c2cc(Cl)ccc21,1,0.0,1.0,0,N05CD07,TEMAZEPAM
1555,CHEMBL1200656,CC1CC=CC=CC=CC=CC(OC2OC(C)C(O)C(N)C2O)CC2OC(O)(CC(O)CC3OC3C=CC(=O)O1)CC(O)C2C(=O)O,0,0.0,None,0,"S01AA10, D01AA02, A07AA03, A01AB10, G01AA02",NATAMYCIN
1556,CHEMBL1200660,OC1COC2C(O)COC12,0,0.0,None,0,None,ISOSORBIDE
1557,CHEMBL1200682,O=C(O)CCCO,0,0.0,None,0,"N01AX11, N07XX04",SODIUM OXYBATE
1558,CHEMBL1200934,C#CC1(OC(C)=O)CCC2C3CCC4=CC(=NO)CCC4C3CCC21CC,0,0.0,None,0,None,NORGESTIMATE
1559,CHEMBL1200932,CC(O)C(=O)Nc1c(I)c(C(=O)NC(CO)CO)c(I)c(C(=O)NC(CO)CO)c1I,0,0.0,None,0,V08AB04,IOPAMIDOL
1560,CHEMBL1200922,CCC(C)C(C)(COC(N)=O)COC(N)=O,0,0.0,None,0,N05BC04,MEBUTAMATE
1561,CHEMBL1200910,CC(=O)N(c1onc(C)c1C)S(=O)(=O)c1ccc(N)cc1,0,0.0,None,0,"J01EB05, S01AB02",SULFISOXAZOLE ACETYL
1562,CHEMBL1200909,CC(C)(C)CC(=O)OCC(=O)C1(O)CCC2C3CCC4=CC(=O)C=CC4(C)C3C(O)CC21C,0,0.0,None,0,"A07EA01, C05AA04, D07AA03, D07XA02, H02AB06, R01AD02, S01BA04, S01CB02, S02BA03, S03BA02",PREDNISOLONE TEBUTATE
1563,CHEMBL1200896,CCCCCC(O)C=CC1C(O)CC(O)C1CC=CCCCC(=O)O,0,0.0,None,0,G02AD01,DINOPROST TROMETHAMINE
1564,CHEMBL841,CN(C)C(=O)C(CCN1CCC(O)(c2ccc(Cl)cc2)CC1)(c1ccccc1)c1ccccc1,1,0.0,1.0,0,"A07DA03, A07DA53",LOPERAMIDE
1565,CHEMBL1200868,Nc1ccc(C(=O)Oc2ccccc2)c(O)c1,0,0.0,None,0,J04AA01,PHENYL AMINOSALICYLATE
1566,CHEMBL1200865,CCOC(=O)OC1(C(=O)OCCl)CCC2C3CCC4=CC(=O)C=CC4(C)C3C(O)CC21C,0,0.0,None,0,S01BA14,LOTEPREDNOL ETABONATE
1567,CHEMBL1200862,CC(N)(Cc1ccc(O)cc1)C(=O)O,0,0.0,None,0,C02KB01,METYROSINE
1568,CHEMBL1200848,CCCCCC(=O)OC1(C(C)=O)CCC2C3CCC4=CC(=O)CCC4(C)C3CCC21C,0,0.0,None,0,G03DA03,HYDROXYPROGESTERONE CAPROATE
1569,CHEMBL1200838,O([Si](OC)(C)C)[Si](C)(C)C,0,None,None,0,None,SIMETHICONE
1570,CHEMBL1200829,O=C1OC(CO)C(O)C(O)C1O,0,0.0,None,0,None,GLUCONOLACTONE
1571,CHEMBL1200821,CCCOC(=O)Cn1cc(I)c(=O)c(I)c1,0,0.0,None,0,V08AD03,PROPYLIODONE
1572,CHEMBL1200810,C=C1C(=CC=C2CCCC3(C)C2CCC3C(C)C=CC(C)C(C)C)CC(O)CC1O,0,0.0,None,0,H05BX03,DOXERCALCIFEROL
1573,CHEMBL1200807,C#CC1(O)CCC2C3CCC4=CC(=NO)CCC4C3CCC21CC,0,0.0,None,0,None,NORELGESTROMIN
1574,CHEMBL1200802,C=CCC1(C(C)CC)C(=O)NC(=O)NC1=O,0,0.0,None,0,N05CA07,TALBUTAL
1575,CHEMBL1200799,CC(C)OC(=O)CCCC=CCC1C(O)CC(O)C1C=CC(O)COc1cccc(C(F)(F)F)c1,0,0.0,None,0,S01EE04,TRAVOPROST
1576,CHEMBL1200774,CC12C=CC(=O)C=C1C(F)CC1C2C(O)CC2(C)C1CCC2(O)C(=O)CO,0,0.0,None,0,None,FLUPREDNISOLONE
1577,CHEMBL1200770,CC(=O)N(CC(C)C(=O)O)c1c(I)cc(I)c(N)c1I,0,0.0,None,0,V08AC07,IOCETAMIC ACID
1578,CHEMBL894,CC(NC(C)(C)C)C(=O)c1cccc(Cl)c1,1,0.0,1.0,0,N06AX12,BUPROPION
1579,CHEMBL1200733,FC(F)OC(F)C(F)(F)F,0,0.0,None,0,N01AB07,DESFLURANE
1580,CHEMBL1200732,CC(=O)OCC(=O)C12OC3(CCCC3)OC1CC1C3CCC4=CC(=O)C=CC4(C)C3(F)C(O)CC12C,0,0.0,None,0,D07AC11,AMCINONIDE
1581,CHEMBL1200709,CC=CC(=O)N(CC)c1ccccc1C,0,0.0,None,0,None,CROTAMITON
1582,CHEMBL1200694,FCOC(C(F)(F)F)C(F)(F)F,0,0.0,None,0,N01AB08,SEVOFLURANE
1583,CHEMBL1200690,NCCCCC(NC(=O)C1CCCN1C(=O)C1CSSCC(N)C(=O)NC(Cc2ccc(O)cc2)C(=O)NC(Cc2ccccc2)C(=O)NC(CCC(N)=O)C(=O)NC(CC(N)=O)C(=O)N1)C(=O)NCC(N)=O,0,0.0,None,0,H01BA03,LYPRESSIN
1584,CHEMBL951,CCOC(=O)CCCCCCCCC(C)c1ccccc1I,1,0.0,1.0,0,V08AD04,IOPHENDYLATE
1585,CHEMBL1697830,CC(=O)C1(O)CCC2C3C=C(Cl)C4=CC(=O)CCC4(C)C3CCC21C,1,None,1.0,experimental,G03DB06,CHLORMADINONE
1586,CHEMBL1200458,C(C(O)(CC(=O)[O-])CC(=O)[O-])(=O)[O-],0,0.0,None,0,None,POTASSIUM CITRATE
1587,CHEMBL345524,O=C(OCCN1CCN(c2cccc(C(F)(F)F)c2)CC1)c1ccccc1Nc1ccnc2cc(C(F)(F)F)ccc12,1,1.0,None,0,None,ANTRAFENINE
1588,CHEMBL1182247,CCCCCCCCCC[N+](C)(C)CCCCCCCCCC,0,None,None,0,None,DIDECYLDIMETHYLAMMONIUM
1589,CHEMBL119,COc1cc(NCc2ccc3nc(N)nc(N)c3c2C)cc(OC)c1OC,0,0.0,None,0,P01AX07,TRIMETREXATE
1590,CHEMBL1189679,O=C1c2cccc3c2C(CCC3)CN1C1CN2CCC1CC2,0,0.0,None,0,"A04AA05, A04AA55",PALONOSETRON
1591,CHEMBL1189432,CN(C)CCC=C1c2ccccc2COc2ccc(CC(=O)O)cc21,0,0.0,None,0,"R01AC08, S01GX09",OLOPATADINE
1592,CHEMBL1187833,OC(c1ccccc1)(c1ccccc1)C12CC[N+](CCOCc3ccccc3)(CC1)CC2,0,0.0,None,0,None,UMECLIDINIUM
1593,CHEMBL7863,C=CCC1(C(C)C)C(=O)NC(=O)NC1=O,1,None,1.0,experimental; illicit,N05CA05,APROBARBITAL
1594,CHEMBL1187011,CCCCCCCCCCCC[N+](C)(C)CCOc1ccccc1,0,0.0,None,0,A01AB06,DOMIPHEN
1595,CHEMBL101,CCCCC1C(=O)N(c2ccccc2)N(c2ccccc2)C1=O,1,1.0,None,0,"M01AA01, M02AA01",PHENYLBUTAZONE
1596,CHEMBL1186579,C[N+]1(CC2CC2)CCC23c4c5ccc(O)c4OC2C(=O)CCC3(O)C1C5,0,0.0,None,0,None,METHYLNALTREXONE
1597,CHEMBL130,O=C(NC(CO)C(O)c1ccc([N+](=O)[O-])cc1)C(Cl)Cl,1,1.0,None,0,"D06AX02, D10AF03, G01AA05, J01BA01, S01AA01, S02AA01, S03AA08",CHLORAMPHENICOL
1598,CHEMBL1185,CN(C)CCc1c[nH]c2ccc(CC3COC(=O)N3)cc12,0,0.0,None,0,N02CC03,ZOLMITRIPTAN
1599,CHEMBL1341,COC(F)(F)C(Cl)Cl,1,1.0,None,0,N02BG09,METHOXYFLURANE
1600,CHEMBL1183605,CCCCCCCCCCCCCCCC[N+](C)(C)C,0,None,None,0,"D08AJ02, R02AA17",CETRIMONIUM
1601,CHEMBL1182833,COc1cc2c(cc1OC)C(Cc1cc(OC)c(OC)c(OC)c1)[N+](C)(CCCOC(=O)CCC=CCCC(=O)OCCC[N+]1(C)CCc3cc(OC)c(OC)cc3C1Cc1cc(OC)c(OC)c(OC)c1)CC2,0,0.0,None,0,None,MIVACURIUM
1602,CHEMBL1182210,CC(C)(C)CC(C)(C)c1ccc(OCCOCC[N+](C)(C)Cc2ccccc2)cc1,0,None,None,0,R02AA09,BENZETHONIUM
1603,CHEMBL2104283,CCCCOCC(CN1C(=O)NC(=O)C(CC)(c2ccccc2)C1=O)OC(N)=O,1,None,1.0,experimental,M03BA05,FEBARBAMATE
1604,CHEMBL1182,C[N+](C)(C)CC(=O)[O-],0,None,None,0,A16AA06,GLYCINEBETAINE
1605,CHEMBL1180725,CC(C)[N+](C)(CCOC(=O)C1c2ccccc2Oc2ccccc21)C(C)C,0,0.0,None,0,A03AB05,PROPANTHELINE
1606,CHEMBL1179047,CCN(CC)CCOC(=O)c1ccc(N)cc1Cl,0,0.0,None,0,N01BA04,CHLOROPROCAINE
1607,CHEMBL1440,CN(C)C1C(=O)C(C(N)=O)C(=O)C2(O)C(=O)C3C(=O)c4c(O)cccc4C(C)(O)C3CC12,1,1.0,None,0,"D06AA04, S03AA02, S01AA09, S02AA08, A01AB13, J01AA07",TETRACYCLINE
1608,CHEMBL117785,COc1cc2c(cc1OC)C1CC(=O)C(CC(C)C)CN1CC2,0,0.0,None,0,N07XX06,TETRABENAZINE
1609,CHEMBL1514,CCC(OC(C)=O)C(CC(C)N(C)C)(c1ccccc1)c1ccccc1,1,1.0,None,0,N07BC03,LEVOMETHADYL ACETATE
1610,CHEMBL1175,CNCCC(Oc1cccc2ccccc12)c1cccs1,0,0.0,None,0,N06AX21,DULOXETINE
1611,CHEMBL1908307,Cn1cc([S+](C)[O-])c(=O)c2ccc(F)cc21,1,1.0,None,0,C01DB01,FLOSEQUINAN
1612,CHEMBL1173055,CNCc1ccc(-c2[nH]c3cc(F)cc4c3c2CCNC4=O)cc1,0,0.0,None,0,L01XK03,RUCAPARIB
1613,CHEMBL117287,COCCCN1CCC(NC(=O)c2cc(Cl)c(N)c3c2OCC3)CC1,0,0.0,None,0,A06AX05,PRUCALOPRIDE
1614,CHEMBL1172,Clc1ccc2c(c1)CCc1cccnc1C2=C1CCNCC1,0,0.0,None,0,R06AX27,DESLORATADINE
1615,CHEMBL1171837,Cc1ccc(C(=O)Nc2ccc(CN3CCN(C)CC3)c(C(F)(F)F)c2)cc1C#Cc1cnc2cccnn12,0,0.0,None,0,L01EA05,PONATINIB
1616,CHEMBL1169,Nc1ccc(C(=O)O)c(O)c1,0,0.0,None,0,J04AA01,AMINOSALICYLIC ACID
1617,CHEMBL1190,C[N+](C)(C)CCCCCCCCCC[N+](C)(C)C,0,0.0,None,0,None,DECAMETHONIUM
1618,CHEMBL1191,Cc1nnc(NS(=O)(=O)c2ccc(N)cc2)s1,0,0.0,None,0,"B05CA04, D06BA04, J01EB02, S01AB01",SULFAMETHIZOLE
1619,CHEMBL1193,CN(C)CCC(c1ccccc1)c1ccccn1,0,0.0,None,0,"D04AA16, R06AB05",PHENIRAMINE
1620,CHEMBL1194,CCCNC(C)C(=O)Nc1ccccc1C,0,0.0,None,0,"N01BB04, N01BB54",PRILOCAINE
1621,CHEMBL1200455,CC(=O)N(CC(O)CO)c1c(I)c(C(=O)NCC(O)CO)c(I)c(C(=O)NCC(O)CO)c1I,0,0.0,None,0,V08AB02,IOHEXOL
1622,CHEMBL2105497,COC(CN1CCN(CC(O)C(OC)c2ccccc2)CC1)c1ccccc1,1,None,1.0,experimental,R05DB15,ZIPEPROL
1623,CHEMBL1200439,O=C(O)CNC(=O)c1ccccc1[123I],0,0.0,None,0,V09CX01,IODOHIPPURATE SODIUM I 123
1624,CHEMBL2106907,O=S(=O)(O)CI,1,None,1.0,experimental,V08AA09,METHIODAL SODIUM
1625,CHEMBL1200436,CC12COC(=O)CC1CCC1C2CCC2(C)C1CCC2(C)O,0,0.0,None,0,A14AA08,OXANDROLONE
1626,CHEMBL1200434,Cn1c(=O)c2[nH]cnc2n(C)c1=O,0,0.0,None,0,R03DA02,OXTRIPHYLLINE
1627,CHEMBL2220427,CCC(=O)OC1C(OC2C(C)C(OC3CC(C)(OC)C(O)C(C)O3)C(C)C(=O)OC(CC)C(C)(O)C(O)C(C)C(=O)C(C)CC2(C)O)OC(C)CC1N(C)C,1,0.0,1.0,None,"D10AF02, J01FA01, S01AA17",ERYTHROMYCIN PROPIONATE
1628,CHEMBL1200412,CC12CCC3C4CCC(=O)C=C4CCC3C1CCC2OC(=O)CCc1ccccc1,0,0.0,None,0,"A14AB01, S01XA11",NANDROLONE PHENPROPIONATE
1629,CHEMBL1200391,C(CO)(CO)(CO)N,0,0.0,None,0,"B05BB03, B05XX02",TROMETHAMINE
1630,CHEMBL1200386,CCOC(=O)OC1(C(=O)COC(=O)CC)CCC2C3CCC4=CC(=O)C=CC4(C)C3C(O)CC21C,0,0.0,None,0,D07AC18,PREDNICARBATE
1631,CHEMBL1200374,C=C1CC2C(CCC3(C)C(=O)CCC23)C2(C)C=CC(=O)C=C12,0,0.0,None,0,L02BG06,EXEMESTANE
1632,CHEMBL334491,CC(C)(C)N1CCC(c2ccccc2)(c2ccccc2)CC1,1,None,1.0,experimental,N04BX03,BUDIPINE
1633,CHEMBL1200370,O=C(OOC(=O)c1ccccc1)c1ccccc1,0,0.0,None,0,"D10AE01, D10AE51",BENZOYL PEROXIDE
1634,CHEMBL348000,O=C(O)c1cc(-c2ccccc2)nc2ccccc12,1,None,1.0,experimental,M04AC02,CINCHOPHEN
1635,CHEMBL1200354,CCCCC(CC)CCC(CC(C)C)OS(=O)(=O)O,0,0.0,None,0,C05BB04,SODIUM TETRADECYL SULFATE
1636,CHEMBL358722,O=C(O)C1CSCN1,1,None,1.0,investigational,None,TIMONACIC
1637,CHEMBL1200335,CCCCCCC(=O)OC1CCC2C3CCC4=CC(=O)CCC4(C)C3CCC12C,0,0.0,None,0,G03BA03,TESTOSTERONE ENANTHATE
1638,CHEMBL1200,CCCCOc1cc(C(=O)OCCN(CC)CC)ccc1N,0,0.0,None,0,"D04AB03, S01HA02",BENOXINATE
1639,CHEMBL12,CN1C(=O)CN=C(c2ccccc2)c2cc(Cl)ccc21,0,0.0,None,0,N05BA01,DIAZEPAM
1640,CHEMBL479527,CCOC(=O)N1c2ccc(C(F)(F)F)cc2C(N(Cc2cc(C(F)(F)F)cc(C(F)(F)F)c2)C(=O)OC)CC1CC,1,None,1.0,investigational,None,TORCETRAPIB
1641,CHEMBL1199324,CC(OC1OCCN(Cc2nn(P(=O)(O)O)c(=O)[nH]2)C1c1ccc(F)cc1)c1cc(C(F)(F)F)cc(C(F)(F)F)c1,0,0.0,None,0,A04AD12,FOSAPREPITANT
1642,CHEMBL1198857,OCc1cc(C(O)CNCCCCCCOCCOCc2c(Cl)cccc2Cl)ccc1O,0,0.0,None,0,None,VILANTEROL
1643,CHEMBL1198,CCCCOc1ccc(OCCCN2CCOCC2)cc1,0,0.0,None,0,"C05AD07, D04AB07",PRAMOXINE
1644,CHEMBL1196,CCCOc1ccc(C(=O)OCCN(CC)CC)cc1N,0,0.0,None,0,S01HA04,PROPARACAINE
1645,CHEMBL1195,CCCOc1cc(N)ccc1C(=O)OCCN(CC)CC,0,0.0,None,0,None,PROPOXYCAINE
1646,CHEMBL119443,CC(CO)NC(=O)C1C=C2c3cccc4[nH]cc(c34)CC2N(C)C1,0,0.0,None,0,G02AB03,ERGONOVINE
1647,CHEMBL503565,CCC=C(C)C1(CC)C(=O)NC(=O)NC1=O,1,None,1.0,experimental,N05CA09,VINBARBITAL
1648,CHEMBL1297,CC(C(=O)O)c1cccc(Oc2ccccc2)c1,0,0.0,None,0,M01AE04,FENOPROFEN
1649,CHEMBL128,CNS(=O)(=O)Cc1ccc2[nH]cc(CCN(C)C)c2c1,0,0.0,None,0,N02CC01,SUMATRIPTAN
1650,CHEMBL1583,CCOC(=O)OC(C)OC(=O)C1N2C(=O)C(NC(=O)C(N)c3ccccc3)C2SC1(C)C,0,0.0,None,0,J01CA06,BACAMPICILLIN
1651,CHEMBL400599,CC(Cc1cccc(C(F)(F)F)c1)NCCOC(=O)c1ccccc1,1,1.0,1.0,1,A10BX06,BENFLUOREX
1652,CHEMBL418995,O=C(O)CCCCCCNC1c2ccccc2CCc2ccccc21,1,1.0,1.0,1,N06AA19,AMINEPTINE
1653,CHEMBL1652,CC[N+](CC)(CCNC(=O)C(=O)NCC[N+](CC)(CC)Cc1ccccc1Cl)Cc1ccccc1Cl,0,0.0,None,0,N07AA30,AMBENONIUM
1654,CHEMBL1651998,CC1(O)CCC(C(C)(C)O)CC1,0,0.0,None,0,None,TERPIN
1655,CHEMBL428,NC1C2CN(c3nc4c(cc3F)c(=O)c(C(=O)O)cn4-c3ccc(F)cc3F)CC12,1,1.0,1.0,1,J01MA13,TROVAFLOXACIN
1656,CHEMBL1651906,CN(N=O)C(=O)NC1C(O)OC(CO)C(O)C1O,0,0.0,None,0,L01AD04,STREPTOZOCIN
1657,CHEMBL1650818,CC(C)(C)C(=O)OCOC(=O)C1N2C(=O)C(N=CN3CCCCCC3)C2SC1(C)C,0,0.0,None,0,J01CA08,AMDINOCILLIN PIVOXIL
1658,CHEMBL1650559,CNC1C(O)C(OC2C(NC(=O)C(O)CCN)CC(N)C(OC3OC(CNCCO)=CCC3N)C2O)OCC1(C)O,0,0.0,None,0,J01GB14,PLAZOMICIN
1659,CHEMBL436,COc1ccc2c(C(=S)N(C)CC(=O)O)cccc2c1C(F)(F)F,1,1.0,1.0,1,A10XA01,TOLRESTAT
1660,CHEMBL1650,CC(=O)OCC(=O)C1(O)CCC2C3CCC4=CC(=O)CCC4(C)C3C(=O)CC21C,0,0.0,None,0,"H02AB10, S01BA03",CORTISONE ACETATE
1661,CHEMBL1648,COC(=O)C1=C(C)NC(C)=C(C(=O)OC(C)C)C1c1cccc2nonc12,0,0.0,None,0,C08CA03,ISRADIPINE
1662,CHEMBL1641,CC12CCC(=O)C=C1CCC1C2C(O)CC2(C)C1CCC2(O)C(=O)COP(=O)(O)O,0,0.0,None,0,None,HYDROCORTISONE PHOSPHORIC ACID
1663,CHEMBL1639,COCCCOc1cc(CC(CC(N)C(O)CC(C(=O)NCC(C)(C)C(N)=O)C(C)C)C(C)C)ccc1OC,0,0.0,None,0,C09XA02,ALISKIREN
1664,CHEMBL461522,Cc1c(N(C)CS(=O)(=O)O)c(=O)n(-c2ccccc2)n1C,1,1.0,1.0,1,None,DIPYRONE
1665,CHEMBL1628502,CC(OC(=O)NCC1(CC(=O)O)CCCCC1)OC(=O)C(C)C,0,0.0,None,0,N03AX12,GABAPENTIN ENACARBIL
1666,CHEMBL462547,CCOC(N)=O,1,1.0,1.0,1,None,URETHANE
1667,CHEMBL1628227,CN(C)CCC=C1c2ccccc2COc2ccccc21,0,0.0,None,0,"D04AX01, N06AA12",DOXEPIN
1668,CHEMBL464,CCOC(=O)C=C(C)C=CC=C(C)C=Cc1c(C)cc(OC)c(C)c1C,1,1.0,1.0,1,D05BB01,ETRETINATE
1669,CHEMBL1626,CN1CCCC1CCOC(C)(c1ccccc1)c1ccc(Cl)cc1,0,0.0,None,0,"D04AA14, R06AA04, R06AA54",CLEMASTINE
1670,CHEMBL1625,COc1ccc(C(=O)c2ccccc2)c(O)c1,0,0.0,None,0,None,OXYBENZONE
1671,CHEMBL1624075,CCCCCCCCCCCCCCCC[N+](C)(C)Cc1ccccc1,0,None,None,0,None,CETALKONIUM
1672,CHEMBL1624,NC(Cc1cc(I)c(Oc2cc(I)c(O)c(I)c2)c(I)c1)C(=O)O,0,0.0,None,0,None,LEVOTHYROXINE
1673,CHEMBL1623738,COc1ccc(CN(CCN(C)C)c2ncccn2)cc1,0,None,None,0,"D04AA01, R01AC06, R06AC06",THONZYLAMINE
1674,CHEMBL479,CSc1ccc2c(c1)N(CCC1CCCCN1C)c1ccccc1S2,1,1.0,1.0,1,N05AC02,THIORIDAZINE
1675,CHEMBL1622,Nc1nc2ncc(CNc3ccc(C(=O)NC(CCC(=O)O)C(=O)O)cc3)nc2c(=O)[nH]1,0,0.0,None,0,"B03BB01, V04CX02, B03BB51",FOLIC ACID
1676,CHEMBL1621597,CC(C)[N+]1(C)C2CCC1CC(OC(=O)C(CO)c1ccccc1)C2,0,0.0,None,0,None,IPRATROPIUM
1677,CHEMBL1621,Cc1nc2n(c(=O)c1CCN1CCC(c3noc4cc(F)ccc34)CC1)CCCC2O,0,0.0,None,0,N05AX13,PALIPERIDONE
1678,CHEMBL162036,CC(=O)Nc1ccc(OC(=O)c2ccccc2OC(C)=O)cc1,0,0.0,None,0,N02BA10,BENORILATE
1679,CHEMBL408,Cc1c(C)c2c(c(C)c1O)CCC(C)(COc1ccc(CC3SC(=O)NC3=O)cc1)O2,1,1.0,1.0,1,A10BG01,TROGLITAZONE
1680,CHEMBL1658,C=CC1(C)CC(OC(=O)CSC2CC3CCC(C2)N3C)C2(C)C(C)CCC3(CCC(=O)C32)C(C)C1O,0,0.0,None,0,D06AX13,RETAPAMULIN
1681,CHEMBL1619,Nc1nc(Cl)nc2c1ncn2C1CC(O)C(CO)O1,0,0.0,None,0,"L01BB04, L04AA40",CLADRIBINE
1682,CHEMBL1660,COC1C=COC2(C)Oc3c(C)c(O)c4c(O)c(c(C=NN5CCN(C6CCCC6)CC5)c(O)c4c3C2=O)NC(=O)C(C)=CC=CC(C)C(O)C(C)C(O)C(C)C(OC(C)=O)C1C,0,0.0,None,0,J04AB05,RIFAPENTINE
1683,CHEMBL282724,Cc1cc2c(cc1CC(=O)c1sccc1S(=O)(=O)Nc1onc(C)c1Cl)OCO2,1,1.0,1.0,1,C02KX03,SITAXENTAN
1684,CHEMBL1697771,O=C(NC(Cc1cc(=O)[nH]c2ccccc12)C(=O)O)c1ccc(Cl)cc1,0,None,None,0,A02BX14,REBAMIPIDE
1685,CHEMBL1697766,CN1CCN(CCCN2c3ccccc3Sc3ccccc32)CC1,0,None,None,0,N05AB10,PERAZINE
1686,CHEMBL290106,Oc1c(Cl)cc(Cl)cc1Sc1cc(Cl)cc(Cl)c1O,1,1.0,1.0,1,"D10AB01, P02BX01",BITHIONOL
1687,CHEMBL1697737,CCc1cc2c(s1)N(C)C(=O)CN=C2c1ccccc1Cl,0,0.0,None,0,N05BA21,CLOTIAZEPAM
1688,CHEMBL1697733,CC(=O)OC(CC(=O)[O-])C[N+](C)(C)C,0,0.0,None,0,N06BX12,ACETYLCARNITINE
1689,CHEMBL296419,COc1ccc(CCN2CCC(Nc3nc4ccccc4n3Cc3ccc(F)cc3)CC2)cc1,1,1.0,1.0,1,R06AX11,ASTEMIZOLE
1690,CHEMBL311498,Oc1cc(O)c2c(c1)OC(c1ccc(O)c(O)c1)C(O)C2,1,1.0,1.0,1,None,CIANIDANOL
1691,CHEMBL1689772,CN(C)c1cc(CNCC(C)(C)C)c(O)c2c1CC1CC3C(N(C)C)C(=O)C(C(N)=O)C(=O)C3(O)C(=O)C1C2=O,0,0.0,None,0,J01AA15,OMADACYCLINE
1692,CHEMBL1689063,NC(=O)C1CCC2CN1C(=O)N2OS(=O)(=O)O,0,0.0,None,0,None,AVIBACTAM
1693,CHEMBL1688530,CNC(CC(C)C)C(=O)NC1C(=O)NC(CC(N)=O)C(=O)NC2C(=O)NC3C(=O)NC(C(=O)NC(C(=O)O)c4cc(O)cc(O)c4-c4cc3ccc4O)C(OC3CC(C)(N)C(O)C(C)O3)c3ccc(c(Cl)c3)Oc3cc2cc(c3OC2OC(CO)C(O)C(O)C2OC2CC(C)(NCc3ccc(-c4ccc(Cl)cc4)cc3)C(O)C(C)O2)Oc2ccc(cc2Cl)C1O,0,0.0,None,0,J01XA05,ORITAVANCIN
1694,CHEMBL168815,CC1OC2(CS1)CN1CCC2CC1,0,0.0,None,0,N07AX03,CEVIMELINE
1695,CHEMBL1685,CC12CCCCCC(Cc3ccc(O)cc31)C2N,0,0.0,None,0,N02AX03,DEZOCINE
1696,CHEMBL340978,CC(C(=O)O)c1ccc2oc(-c3ccc(Cl)cc3)nc2c1,1,1.0,1.0,1,M01AE06,BENOXAPROFEN
1697,CHEMBL1684,NS(=O)(=O)c1cc2c(cc1C(F)(F)F)NC(Cc1ccccc1)NS2(=O)=O,0,0.0,None,0,C03AA01,BENDROFLUMETHIAZIDE
1698,CHEMBL1683590,C=C1CC2CCC34CC5OC6C(OC7CCC(CC(=O)CC8C(CC9OC(CCC1O2)CC(C)C9=C)OC(CC(O)CN)C8OC)OC7C6O3)C5O4,0,0.0,None,0,L01XX41,ERIBULIN
1699,CHEMBL1683,CCCC(=O)OC1(C(=O)CO)CCC2C3CCC4=CC(=O)CCC4(C)C3C(O)CC21C,0,0.0,None,0,"A01AC03, A07EA02, C05AA01, D07AA02, D07AB02, D07XA01, H02AB09, S01BA02, S01CB03, S02BA01",HYDROCORTISONE BUTYRATE
1700,CHEMBL1682,OCC(O)C(O)C(O)C(O)CO,0,0.0,None,0,"A06AD18, A06AG07, B05CX02, V04CC01",SORBITOL
1701,CHEMBL37744,CN(C)CC=C(c1ccc(Br)cc1)c1cccnc1,1,1.0,1.0,1,N06AB02,ZIMELDINE
1702,CHEMBL1679,Nc1nc2c(c(=O)[nH]1)N(C=O)C(CNc1ccc(C(=O)NC(CCC(=O)O)C(=O)O)cc1)CN2,0,0.0,None,0,None,LEUCOVORIN
1703,CHEMBL39736,CCCCN=C(N)N=C(N)N,1,1.0,1.0,1,A10BA03,BUFORMIN
1704,CHEMBL1676,CC1CC2C3CC(F)C4=CC(=O)C=CC4(C)C3(F)C(O)CC2(C)C1(OC(=O)c1ccco1)C(=O)SCF,0,0.0,None,0,"D07AC17, R01AD08, R01AD12, R03BA05, R03BA09",FLUTICASONE FUROATE
1705,CHEMBL1672,COCC1=C(C(=O)O)N2C(=O)C(NC(=O)C(=NOC)c3csc(N)n3)C2SC1,0,0.0,None,0,J01DD13,CEFPODOXIME
1706,CHEMBL1668,COC(=O)C1C2CC3c4[nH]c5cc(OC)ccc5c4CCN3CC2CC(OC(=O)C=Cc2cc(OC)c(OC)c(OC)c2)C1OC,0,0.0,None,0,C02AA01,RESCINNAMINE
1707,CHEMBL1664,CC(C)CN(CC(OP(=O)(O)O)C(Cc1ccccc1)NC(=O)OC1CCOC1)S(=O)(=O)c1ccc(N)cc1,0,0.0,None,0,J05AE07,FOSAMPRENAVIR
1708,CHEMBL1663,FC(F)(F)C(F)(F)C(F)(F)F,0,0.0,None,0,"V08DA01, V08DA04",PERFLUTREN
1709,CHEMBL1661,OCC(O)C(O)C(OC1OC(CO)C(O)C(O)C1O)C(O)CO,0,0.0,None,0,A06AD12,LACTITOL
1710,CHEMBL497,Oc1c(I)cc(Cl)c2cccnc12,1,1.0,1.0,1,"D08AH30, D09AA10, G01AC02, P01AA02, S02AA05, P01AA52",CLIOQUINOL
1711,CHEMBL1618102,CCCC[N+]1(C)C2CC(OC(=O)C(CO)c3ccccc3)CC1C1OC12,0,0.0,None,0,A03BB01,BUTYLSCOPOLAMINE
1712,CHEMBL277100,CC1CN(c2cc3c(cc2F)c(=O)c(C(=O)O)cn3-c2ccc(F)cc2F)CCN1,1,1.0,1.0,1,J01MA05,TEMAFLOXACIN
1713,CHEMBL1594,CC(C)(CO)C(O)C(=O)NCCC(=O)O,0,0.0,None,0,None,PANTOTHENIC ACID
1714,CHEMBL1592101,C(=O)(c1cc2c(c(O)c1)O[Bi](O2)O)O,0,0.0,None,0,None,BISMUTH SUBGALLATE
1715,CHEMBL1165342,CCC12CCCN3CCc4c(n(c5ccccc45)C(O)(C(=O)OC)C1)C32,1,1.0,1.0,None,C04AX07,VINCAMINE
1716,CHEMBL1592,CCOC(=O)C(CCc1ccccc1)NC(C)C(=O)N1Cc2ccccc2CC1C(=O)O,0,0.0,None,0,C09AA06,QUINAPRIL
1717,CHEMBL1591074,c1ccc2sc(SNC3CCCCC3)nc2c1,0,None,None,0,None,CHEMBL1591074
1718,CHEMBL118,Cc1ccc(-c2cc(C(F)(F)F)nn2-c2ccc(S(N)(=O)=O)cc2)cc1,1,1.0,1.0,0,"L01XX33, M01AH01",CELECOXIB
1719,CHEMBL1590,CNC(C)C(O)c1ccccc1,0,0.0,None,0,"R01BA02, R01BA52",PSEUDOEPHEDRINE
1720,CHEMBL159,CCC1(O)CC2CN(CCc3c([nH]c4ccccc34)C(C(=O)OC)(c3cc4c(cc3OC)N(C)C3C(O)(C(=O)OC)C(OC(C)=O)C5(CC)C=CCN6CCC43C65)C2)C1,0,0.0,None,0,L01CA01,VINBLASTINE
1721,CHEMBL1589793,CCN(CC)c1ccc(C(=C2C=CC(=[N+](CC)CC)C=C2)c2ccccc2)cc1,0,None,None,0,None,CHEMBL1589793
1722,CHEMBL1587,CN1C(CSCC(F)(F)F)Nc2cc(Cl)c(S(N)(=O)=O)cc2S1(=O)=O,0,0.0,None,0,C03AA05,POLYTHIAZIDE
1723,CHEMBL15841,CCOC(=O)c1ccc(O)cc1,0,None,None,0,D01AE10,ETHYLPARABEN
1724,CHEMBL1301,N=C(N)c1ccc(C=Cc2ccc(C(=N)N)cc2O)cc1,0,0.0,None,0,None,HYDROXYSTILBAMIDINE
1725,CHEMBL1581,CCCC(NC(C)C(=O)N1C(C(=O)O)CC2CCCCC21)C(=O)OCC,0,0.0,None,0,C09AA04,PERINDOPRIL
1726,CHEMBL1200359,COc1cnc(NS(=O)(=O)c2ccc(N)cc2)nc1,1,1.0,1.0,0,J01ED04,SULFAMETER
1727,CHEMBL1201239,CC(=O)NCc1c(I)c(NC(C)=O)c(I)c(C(=O)O)c1I,1,0.0,1.0,1,V08AA03,IODAMIDE
1728,CHEMBL15770,CC1=C(CC(=O)O)c2cc(F)ccc2C1=Cc1ccc([S+](C)[O-])cc1,0,0.0,None,0,M01AB02,SULINDAC
1729,CHEMBL121,CN(CCOc1ccc(CC2SC(=O)NC2=O)cc1)c1ccccn1,1,1.0,1.0,0,A10BG02,ROSIGLITAZONE
1730,CHEMBL1575,CC12CCC3c4ccc(OC(=O)N(CCCl)CCCl)cc4CCC3C1CCC2O,0,None,None,0,L01XX11,ESTRAMUSTINE
1731,CHEMBL1213420,CN1c2c(oc(=O)n(-c3ccccn3)c2=O)-c2ccccc2S1(=O)=O,1,None,1.0,1,M01AC04,DROXICAM
1732,CHEMBL1233,CCCC(C)(COC(N)=O)COC(=O)NC(C)C,1,1.0,1.0,0,"M03BA02, M03BA72, M03BA52",CARISOPRODOL
1733,CHEMBL1572,CCNC1CC(N)C(OC2OC(CN)=CCC2N)C(O)C1OC1OCC(C)(O)C(NC)C1O,0,0.0,None,0,"J01GB07, S01AA23",NETILMICIN
1734,CHEMBL1571863,Clc1ccc(C(Cn2ccnc2)OCc2c(Cl)cccc2Cl)c(Cl)c1,0,0.0,None,0,"D01AC05, G01AF07",ISOCONAZOLE
1735,CHEMBL1291,CC(=O)Oc1c(C)cc(OCC(O)CNC(C)C)c(C)c1C,1,1.0,1.0,0,"S01ED04, S01ED54",METIPRANOLOL
1736,CHEMBL157101,CC(=O)N1CCN(c2ccc(OCC3COC(Cn4ccnc4)(c4ccc(Cl)cc4Cl)O3)cc2)CC1,0,0.0,None,0,"D01AC08, G01AF11, H02CA03, J02AB02",KETOCONAZOLE
1737,CHEMBL1571,CC12CCC3C(CCC4=CC(=O)C=CC43C)C1CCC(=O)O2,0,0.0,None,0,None,TESTOLACTONE
1738,CHEMBL1570,O=S(=O)(c1ccc(NC[S+]([O-])O)cc1)c1ccc(NC[S+]([O-])O)cc1,0,0.0,None,0,None,SULFOXONE
1739,CHEMBL13376,COc1ccc2c(C(=O)c3ccc(Cl)cc3)c(C)n(CC(=O)O)c2c1,1,1.0,1.0,None,None,CLOMETACIN
1740,CHEMBL1568,Nc1nc(F)nc2c1ncn2C1OC(CO)C(O)C1O,0,None,None,0,L01BB05,FLUDARABINE
1741,CHEMBL1593874,CC(=O)Oc1cccc(O)c1,0,None,None,0,"D10AX02, S01AX06",RESORCINOL MONOACETATE
1742,CHEMBL1595,COc1ccc2c3c1OC1C(O)CCC4C(C2)N(C)CCC341,0,0.0,None,0,"N02AA08, N02AA58",DIHYDROCODEINE
1743,CHEMBL522038,CCOC(=O)CNC(C(=O)N1CCC1C(=O)NCc1ccc(C(N)=NO)cc1)C1CCCCC1,1,1.0,1.0,1,B01AE05,XIMELAGATRAN
1744,CHEMBL1596,CC1(C)SC2C(NC(=O)C(C(=O)Oc3ccc4c(c3)CCC4)c3ccccc3)C(=O)N2C1C(=O)O,0,0.0,None,0,J01CA05,CARBENICILLIN INDANYL
1745,CHEMBL1617,COC1C=COC2(C)Oc3c(C)c(O)c4c(O)c(c5c(nc6cc(C)ccn65)c4c3C2=O)NC(=O)C(C)=CC=CC(C)C(O)C(C)C(O)C(C)C(OC(C)=O)C1C,0,0.0,None,0,"A07AA11, D06AX11",RIFAXIMIN
1746,CHEMBL1615807,CC1(C)C(=CC=CC=CC=CC2=[N+](CCCCS(=O)(=O)O)c3ccc4ccccc4c3C2(C)C)N(CCCCS(=O)(=O)O)c2ccc3ccccc3c21,0,None,None,0,None,INDOCYANINE GREEN
1747,CHEMBL53292,Cc1cc(NC(=O)C2C(=O)c3ccccc3S(=O)(=O)N2C)no1,1,1.0,1.0,1,None,ISOXICAM
1748,CHEMBL54976,NC(Cc1c[nH]c2ccccc12)C(=O)O,1,1.0,1.0,1,N06AX02,TRYPTOPHAN
1749,CHEMBL583,Cc1c(F)c(N2CCNC(C)C2)cc2c1c(=O)c(C(=O)O)cn2C1CC1,1,1.0,1.0,1,J01MA11,GREPAFLOXACIN
1750,CHEMBL1615784,CCOCCP(CCOCC)CCP(CCOCC)CCOCC,0,None,None,0,None,TETROFOSMIN
1751,CHEMBL1615783,CCN(CC)c1ccc(C(=C2C=CC(=[N+](CC)CC)C=C2)c2cc(S(=O)(=O)O)ccc2S(=O)(=O)O)cc1,0,None,None,0,None,CHEMBL1615783
1752,CHEMBL61006,CC(N)C(O)c1ccccc1,1,1.0,1.0,1,"R01BA01, R01BA51",PHENYLPROPANOLAMINE
1753,CHEMBL76370,CCCCCNC(=N)NN=Cc1c[nH]c2ccc(OC)cc12,1,1.0,1.0,1,A06AX06,TEGASEROD
1754,CHEMBL1615438,CC1CN(C2CCC(C#N)(c3ccc(F)cc3)CC2)CCC1(C(=O)O)c1ccccc1,0,0.0,None,0,"R01AC02, S01GX02",LEVOCABASTINE
1755,CHEMBL1614701,Cn1cnc2c(F)c(Nc3ccc(Br)cc3Cl)c(C(=O)NOCCO)cc21,0,0.0,None,0,L01EE04,SELUMETINIB
1756,CHEMBL1614,CC1OC(OC2CCC3(C)C(CCC4C3CC(O)C3(C)C(C5=CC(=O)OC5)CCC43O)C2)CC(O)C1OC1CC(O)C(OC2CC(O)C(OC3OC(CO)C(O)C(O)C3O)C(C)O2)C(C)O1,0,0.0,None,0,C01AA07,DESLANOSIDE
1757,CHEMBL865,Cc1onc(-c2ccccc2)c1-c1ccc(S(N)(=O)=O)cc1,1,1.0,1.0,1,M01AH03,VALDECOXIB
1758,CHEMBL161,CON=C(C(=O)NC1C(=O)N2C(C(=O)O)=C(CSc3nc(=O)c(=O)[nH]n3C)CSC12)c1csc(N)n1,0,0.0,None,0,"J01DD04, J01DD54",CEFTRIAXONE
1759,CHEMBL94081,C=CCOc1ccc(CC(=O)O)cc1Cl,1,1.0,1.0,1,M01AB06,ALCLOFENAC
1760,CHEMBL1609,O=C(O)C(O)c1ccccc1,0,0.0,None,0,"B05CA06, J01XX06",MANDELIC ACID
1761,CHEMBL1605443,Cc1cc(C)c(NC(=O)CN(CC(=O)O)CC(=O)O)c(C)c1Br,0,None,None,0,None,MEBROFENIN
1762,CHEMBL1605,Nc1nc(C(=CCC(=O)O)C(=O)NC2C(=O)N3C(C(=O)O)=CCSC23)cs1,0,0.0,None,0,J01DD14,CEFTIBUTEN
1763,CHEMBL1604,CC1=C(C(=O)O)N2C(=O)C(NC(=O)C(N)C3=CCC=CC3)C2SC1,0,0.0,None,0,J01DB09,CEPHRADINE
1764,CHEMBL1601669,C=C1C(=CC=C2CCCC3(C)C2CCC3C(C)CCCC(C)C)CC(O)CC1O,0,0.0,None,0,A11CC03,ALFACALCIDOL
1765,CHEMBL1601,O=C(O)C1=C(CSc2nnnn2CS(=O)(=O)O)CSC2C(NC(=O)C(O)c3ccccc3)C(=O)N12,0,0.0,None,0,J01DC06,CEFONICID
1766,CHEMBL956,CC(C(=O)O)c1ccc(C(=O)c2cccs2)cc1,1,1.0,1.0,1,M01AE07,SUPROFEN
1767,CHEMBL1077,Nc1c(CC(=O)O)cccc1C(=O)c1ccc(Br)cc1,1,1.0,1.0,0,S01BC11,BROMFENAC
1768,CHEMBL1599,CC(=O)OCC1=C(C(=O)O)N2C(=O)C(NC(=O)CSc3ccncc3)C2SC1,0,0.0,None,0,J01DB08,CEPHAPIRIN
1769,CHEMBL1597075,CC1CCC(C(C)C)C(OC(=O)c2ccccc2N)C1,0,None,None,0,None,MERADIMATE
1770,CHEMBL1110,Cc1[nH]cnc1CN1CCc2c(c3ccccc3n2C)C1=O,1,0.0,1.0,1,A03AE01,ALOSETRON
1771,CHEMBL1597,OCC(S)CS,0,0.0,None,0,V03AB09,DIMERCAPROL
1772,CHEMBL1697826,CCCC(=O)c1ccc2c(c1)N(CCCN1CCN(C)CC1)c1ccccc1S2,0,None,None,0,N05AB09,BUTAPERAZINE
1773,CHEMBL1697838,COCCOc1cnc(NS(=O)(=O)c2ccccc2)nc1,0,0.0,None,0,A10BC01,GLYMIDINE
1774,CHEMBL1561,OCCN1CC(O)C(O)C(O)C1CO,0,0.0,None,0,A10BF02,MIGLITOL
1775,CHEMBL19019,O=C1CCC2(O)C3Cc4ccc(O)c5c4C2(CCN3CC2CC2)C1O5,0,0.0,None,0,N07BB04,NALTREXONE
1776,CHEMBL1900528,C[N+]1(C)C2CC(OC(=O)C(O)(c3cccs3)c3cccs3)CC1C1OC12,0,0.0,None,0,None,TIOTROPIUM
1777,CHEMBL127516,CCCCOC(=O)c1ccc(N)cc1,1,1.0,1.0,1,None,BUTAMBEN
1778,CHEMBL190044,CCC(COC(=O)c1cc(OC)c(OC)c(OC)c1)(c1ccccc1)N(C)C,0,None,None,0,A03AA05,TRIMEBUTINE
1779,CHEMBL190,Cn1c(=O)c2[nH]cnc2n(C)c1=O,0,0.0,None,0,"R03DA04, R03DA74, R03DA54",THEOPHYLLINE
1780,CHEMBL1324,Cc1ccc(C(=O)c2cc(O)c(O)c([N+](=O)[O-])c2)cc1,1,1.0,1.0,1,N04BX01,TOLCAPONE
1781,CHEMBL1402684,CC(=O)Oc1ccc(C2(c3ccc(OC(C)=O)cc3)C(=O)Nc3ccccc32)cc1,1,1.0,1.0,1,A06AB01,OXYPHENISATIN ACETATE
1782,CHEMBL19,CC(=O)N=c1sc(S(N)(=O)=O)nn1C,0,0.0,None,0,S01EC05,METHAZOLAMIDE
1783,CHEMBL189963,CC(=O)c1c(C)c2cnc(Nc3ccc(N4CCNCC4)cn3)nc2n(C2CCCC2)c1=O,0,0.0,None,0,L01EF01,PALBOCICLIB
1784,CHEMBL189171,COc1ccc2c(c1)c(CC(=O)OCC(=O)O)c(C)n2C(=O)c1ccc(Cl)cc1,0,0.0,None,0,M01AB11,ACEMETACIN
1785,CHEMBL189,Cc1[nH]c(=O)c(C#N)cc1-c1ccncc1,0,0.0,None,0,C01CE02,MILRINONE
1786,CHEMBL1889041,CC(Cc1ccc(C(C)(C)C)cc1)CN1CCCCC1,0,None,None,0,None,FENPROPIDIN
1787,CHEMBL1888176,O=C(OC1CC2CCC(C1)[N+]21CCCC1)C(O)(c1ccccc1)c1ccccc1,0,0.0,None,0,G04BD09,TROSPIUM
1788,CHEMBL1887147,CS(=O)(=O)c1cc(C(F)(F)F)ccc1C(=O)c1cnoc1C1CC1,0,None,None,0,None,ISOXAFLUTOLE
1789,CHEMBL1411979,CN(C)CCN(Cc1cccs1)c1ccccn1,1,1.0,1.0,1,R06AC05,METHAPYRILENE
1790,CHEMBL1873475,C=CC(=O)N1CCCC(n2nc(-c3ccc(Oc4ccccc4)cc3)c3c(N)ncnc32)C1,0,0.0,None,0,L01EL01,IBRUTINIB
1791,CHEMBL1868702,C#CC1(O)CCC2C3CCC4=CC(=O)CCC4=C3C=CC21CC,0,0.0,None,0,G03XA02,GESTRINONE
1792,CHEMBL186720,CN(C)CCOc1ccccc1Cc1ccccc1,0,None,None,0,None,PHENYLTOLOXAMINE
1793,CHEMBL1863513,CC=C(C)C(=O)OC1C(C)=CC23C(=O)C(C=C(CO)C(O)C12O)C1C(CC3C)C1(C)C,0,0.0,None,0,D06BX02,INGENOL MEBUTATE
1794,CHEMBL186,CON=C(C(=O)NC1C(=O)N2C(C(=O)[O-])=C(C[N+]3(C)CCCC3)CSC12)c1csc(N)n1,0,0.0,None,0,J01DE01,CEFEPIME
1795,CHEMBL185073,CC(=O)OC1CC2CCC3C(CCC4(C)C3CC([N+]3(C)CCCCC3)C4OC(C)=O)C2(C)CC1[N+]1(C)CCCCC1,0,0.0,None,0,M03AC01,PANCURONIUM
1796,CHEMBL185,O=c1[nH]cc(F)c(=O)[nH]1,0,0.0,None,0,"L01BC02, L01BC52",FLUOROURACIL
1797,CHEMBL184618,NCC1OC(OC2C(CO)OC(OC3C(O)C(N)CC(N)C3OC3OC(CN)C(O)C(O)C3N)C2O)C(N)C(O)C1O,0,None,None,0,"D09AA01, R01AX08, S01AA07",FRAMYCETIN
1798,CHEMBL18442,c1cc(CN2CCCNCCNCCCNCC2)ccc1CN1CCCNCCNCCCNCC1,0,0.0,None,0,L03AX16,PLERIXAFOR
1799,CHEMBL184412,CCCCc1oc2ccc(NS(C)(=O)=O)cc2c1C(=O)c1ccc(OCCCN(CCCC)CCCC)cc1,0,0.0,None,0,C01BD07,DRONEDARONE
1800,CHEMBL184,Nc1nc2c(ncn2COCCO)c(=O)[nH]1,0,0.0,None,0,"D06BB03, J05AB01, S01AD03, D06BB53",ACYCLOVIR
1801,CHEMBL1419,CC(C)CC(N(C)C)C1(c2ccc(Cl)cc2)CCC1,1,1.0,1.0,1,A08AA10,SIBUTRAMINE
1802,CHEMBL1474889,CC(CN(C)C)C(C)(O)Cc1ccc(Cl)cc1,1,1.0,1.0,1,R05DB03,CLOBUTINOL
1803,CHEMBL12713,O=C1NCCN1CCN1CCC(c2cn(-c3ccc(F)cc3)c3ccc(Cl)cc23)CC1,1,1.0,1.0,1,N05AE03,SERTINDOLE
1804,CHEMBL190461,C=C(C)C1CCC(C)=CC1c1c(O)cc(CCCCC)cc1O,0,0.0,None,0,N03AX24,CANNABIDIOL
1805,CHEMBL1823872,CC(N)C(=O)NCC(=O)NC1CSSCC(C(=O)O)NC(=O)C(CO)NC(=O)C(C(C)O)NC(=O)C(Cc2ccccc2)NC(=O)C(C(C)O)NC(=O)C(CCCCN)NC(=O)C(Cc2c[nH]c3ccccc23)NC(=O)C(Cc2ccccc2)NC(=O)C(Cc2ccccc2)NC(=O)C(CC(N)=O)NC(=O)C(CCCCN)NC1=O,0,None,None,0,H01CB01,SOMATOSTATIN
1806,CHEMBL190677,O=C(c1ccccc1)C(O)c1ccccc1,0,0.0,None,0,None,BENZOIN
1807,CHEMBL198362,O=C(NCC1CN(c2ccc(N3CCOCC3=O)cc2)C(=O)O1)c1ccc(Cl)s1,0,0.0,None,0,B01AF01,RIVAROXABAN
1808,CHEMBL1983350,CC(C)(C)C(O)C=Cc1ccc2c(c1)OCO2,0,0.0,None,0,N03AX17,STIRIPENTOL
1809,CHEMBL1200714,CN1C(=O)CCS(=O)(=O)C1c1ccc(Cl)cc1,1,1.0,1.0,1,"M03BB02, M03BB72, M03BB52",CHLORMEZANONE
1810,CHEMBL1981292,CC(C)CC(NC(=O)CNC(=O)C(Cc1ccc(O)cc1)NC(=O)C(CO)NC(=O)C(Cc1c[nH]c2ccccc12)NC(=O)C(Cc1cnc[nH]1)NC(=O)C1CCC(=O)N1)C(=O)NC(CCCN=C(N)N)C(=O)N1CCCC1C(=O)NCC(N)=O,0,None,None,0,None,CHEMBL1981292
1811,CHEMBL1973733,O=C(O)CN(CC(=O)O)Cc1cc2c(cc1O)Oc1cc(O)c(CN(CC(=O)O)CC(=O)O)cc1C21OC(=O)c2ccccc21,0,None,None,0,None,OFTASCEINE
1812,CHEMBL1963683,CC(C)OC(=O)CCCC=CCC1C(O)CC(O)C1C=CC(F)(F)COc1ccccc1,0,0.0,None,0,S01EE05,TAFLUPROST
1813,CHEMBL1963681,COc1ccc(CNc2nc(N3CCCC3CO)ncc2C(=O)NCc2ncccn2)cc1Cl,0,0.0,None,0,G04BE10,AVANAFIL
1814,CHEMBL196,O=C1OC(C(O)CO)C(=O)C1O,0,0.0,None,0,"A11GA01, G01AD03, S01XA15",ASCORBIC ACID
1815,CHEMBL1201197,CC(N)C(=O)NC(C)C(=O)NC1C2CN(c3nc4c(cc3F)c(=O)c(C(=O)O)cn4-c3ccc(F)cc3F)CC21,1,1.0,1.0,1,None,ALATROFLOXACIN
1816,CHEMBL1951095,CN(C)C1C(=O)C(C(N)=O)C(=O)C2(O)C(=O)C3C(=O)c4c(O)c(NC(=O)CN5CCCC5)cc(F)c4CC3CC12,0,0.0,None,0,J01AA13,ERAVACYCLINE
1817,CHEMBL1946170,CNC(=O)c1cc(Oc2ccc(NC(=O)Nc3ccc(Cl)c(C(F)(F)F)c3)c(F)c2)ccn1,0,0.0,None,0,L01EX05,REGORAFENIB
1818,CHEMBL1201269,CC(C)(N)Cc1ccc(Cl)cc1,1,1.0,1.0,1,None,CHLORPHENTERMINE
1819,CHEMBL194014,CCCOC(=O)c1ccc(O)cc1,0,None,None,0,None,PROPYLPARABEN
1820,CHEMBL193482,CC12CCC3c4ccc(O)cc4CCC3C1CC(O)C2O,0,0.0,None,0,"G03CA04, G03CC06",ESTRIOL
1821,CHEMBL193240,O=C(Nc1c(Cl)cncc1Cl)c1ccc(OC(F)F)c(OCC2CC2)c1,0,0.0,None,0,R03DX07,ROFLUMILAST
1822,CHEMBL19299,CC(C(=O)O)c1ccc(CC2CCCC2=O)cc1,0,None,None,0,None,LOXOPROFEN
1823,CHEMBL19236,COc1nc(C)nc(Cl)c1NC1=NCCN1,0,0.0,None,0,C02AC05,MOXONIDINE
1824,CHEMBL1201352,C=CC[N+]1(C2CC3C4CCC5CC(OC(C)=O)C(N6CCCCC6)CC5(C)C4CCC3(C)C2OC(=O)CC)CCCCC1,1,1.0,1.0,1,None,RAPACURONIUM
1825,CHEMBL19215,CN1CC(CNC(=O)OCc2ccccc2)CC2c3cccc4c3c(cn4C)CC21,0,0.0,None,0,G02CB05,METERGOLINE
1826,CHEMBL192,CCCc1nn(C)c2c(=O)[nH]c(-c3cc(S(=O)(=O)N4CCN(C)CC4)ccc3OCC)nc12,0,0.0,None,0,G04BE03,SILDENAFIL
1827,CHEMBL191,CCCCc1nc(Cl)c(CO)n1Cc1ccc(-c2ccccc2-c2nn[nH]n2)cc1,0,0.0,None,0,C09CA01,LOSARTAN
1828,CHEMBL1909324,COc1cc(Br)c(C[N+]2(CCOCCC3CCC4CC3C4(C)C)CCOCC2)cc1OC,0,0.0,None,0,A03AX04,PINAVERIUM
1829,CHEMBL1908841,Nc1nc2c(c(=O)[nH]1)N(C=O)C(CNc1ccc(C(=O)NC(CCC(=O)O)C(=O)O)cc1)CN2,0,0.0,None,0,None,LEVOLEUCOVORIN
1830,CHEMBL1908370,N#Cc1c(N2CC3NCCOC3C2)c(F)cc2c(=O)c(C(=O)O)cn(C3CC3)c12,0,0.0,None,0,None,FINAFLOXACIN
1831,CHEMBL122,CS(=O)(=O)c1ccc(C2=C(c3ccccc3)C(=O)OC2)cc1,1,1.0,1.0,1,M01AH02,ROFECOXIB
1832,CHEMBL1908360,COC1CC2CCC(C)C(O)(O2)C(=O)C(=O)N2CCCCC2C(=O)OC(C(C)CC2CCC(OCCO)C(OC)C2)CC(=O)C(C)C=C(C)C(O)C(OC)C(=O)C(C)CC(C)C=CC=CC=C1C,0,0.0,None,0,"L01EG02, L04AA18",EVEROLIMUS
1833,CHEMBL1228,CCCCC1C(=O)N(c2ccccc2)N(c2ccc(O)cc2)C1=O,1,1.0,1.0,1,"M01AA03, M02AA04, S01BC02",OXYPHENBUTAZONE
1834,CHEMBL1477,COCc1c(C(C)C)nc(C(C)C)c(C=CC(O)CC(O)CC(=O)O)c1-c1ccc(F)cc1,1,1.0,1.0,1,C10AA06,CERIVASTATIN
1835,CHEMBL15870,CC(C(=O)O)c1ccc(N2Cc3ccccc3C2=O)cc1,1,1.0,1.0,1,M01AE10,INDOPROFEN
1836,CHEMBL267744,O=C(O)COc1ccc(C(=O)c2cccs2)c(Cl)c1Cl,1,1.0,1.0,1,C03CC02,TICRYNAFEN
1837,CHEMBL1751,CC1OC(OC2C(O)CC(OC3C(O)CC(OC4CCC5(C)C(CCC6C5CC(O)C5(C)C(C7=CC(=O)OC7)CCC65O)C4)OC3C)OC2C)CC(O)C1O,0,0.0,None,0,C01AA05,DIGOXIN
1838,CHEMBL175,CC(C)Cc1ccc(C(C)C(=O)O)cc1,0,0.0,None,0,M01AE14,DEXIBUPROFEN
1839,CHEMBL1950576,CNC1C(OC2C(OC3C(O)C(O)C(NC(=N)N)C(O)C3NC(=N)N)OC(C)C2(O)CO)OC(CO)C(O)C1O,1,1.0,1.0,1,S01AA15,DIHYDROSTREPTOMYCIN
1840,CHEMBL1749,C(=O)([O-])CN(CC(=O)O)CCN(CC(=O)[O-])CC(=O)O,0,0.0,None,0,"S01XA05, V03AB03",EDETATE DISODIUM
1841,CHEMBL1747,NCC1OC(OC2C(N)CC(N)C(OC3OC(CO)C(O)C(N)C3O)C2O)C(N)CC1O,0,0.0,None,0,"J01GB01, S01AA12",TOBRAMYCIN
1842,CHEMBL1743263,CC(C)CC1C(=O)N2CCCC2C2(O)OC(NC(=O)C3CC4c5cccc6[nH]cc(c56)CC4N(C)C3)(C(C)C)C(=O)N12,0,None,None,0,None,DIHYDROERGOCRYPTINE
1843,CHEMBL1743,CON=C(C(=O)NC1C(=O)N2C(C(=O)O)=C(C=Cc3scnc3C)CSC12)c1csc(N)n1,0,None,None,0,J01DD16,CEFDITOREN
1844,CHEMBL1742423,CCOCCn1c(C2CCN(CCc3ccc(C(C)(C)C(=O)O)cc3)CC2)nc2ccccc21,0,0.0,None,0,R06AX29,BILASTINE
1845,CHEMBL1741134,O=S(=O)(O)Oc1ccc(C(c2ccc(OS(=O)(=O)O)cc2)c2ccccn2)cc1,0,0.0,None,0,None,PICOSULFURIC ACID
1846,CHEMBL1741,CCC1OC(=O)C(C)C(OC2CC(C)(OC)C(O)C(C)O2)C(C)C(OC2OC(C)CC(N(C)C)C2O)C(C)(OC)CC(C)C(=O)C(C)C(O)C1(C)O,0,0.0,None,0,J01FA09,CLARITHROMYCIN
1847,CHEMBL1740659,CC(=C(CCO)SSCC1CCCO1)N(C=O)Cc1cnc(C)nc1N,0,0.0,None,0,None,FURSULTIAMINE
1848,CHEMBL22242,CCN1CCCC1CNC(=O)c1c(OC)ccc(Br)c1OC,1,1.0,1.0,1,N05AL04,REMOXIPRIDE
1849,CHEMBL173929,CC(C=CC=C(C)C=CC1=C(C)CC(O)CC1(C)C)=CC=CC=C(C)C=CC=C(C)C=CC1C(C)=CC(O)CC1(C)C,0,None,None,0,None,LUTEIN
1850,CHEMBL1738962,Cn1sc(Cl)cc1=O,0,None,None,0,None,CHEMBL1738962
1851,CHEMBL232201,CCc1oc2ccccc2c1C(=O)c1cc(I)c(O)c(I)c1,1,1.0,1.0,1,"C01DX04, C01DX54",BENZIODARONE
1852,CHEMBL1736,CC(=O)Nc1c(I)c(C(=O)O)c(I)c(N(C)C(C)=O)c1I,0,0.0,None,0,V08AA02,METRIZOIC ACID
1853,CHEMBL24072,CC(Cc1ccccc1)NCCC(c1ccccc1)c1ccccc1,1,1.0,1.0,1,"C01DX02, C01DX52",PRENYLAMINE
1854,CHEMBL173562,O=C(OCCO)c1ccccc1O,0,None,None,0,None,CHEMBL173562
1855,CHEMBL248702,CCNC(C)Cc1cccc(C(F)(F)F)c1,1,1.0,1.0,1,A08AA04,DEXFENFLURAMINE
1856,CHEMBL1734,O=C(OC1CN2CCC1CC2)N1CCc2ccccc2C1c1ccccc1,0,0.0,None,0,G04BD08,SOLIFENACIN
1857,CHEMBL1732,CN1CC(C(=O)NC2(C)OC3(O)C4CCCN4C(=O)C(Cc4ccccc4)N3C2=O)CC2c3cccc4[nH]cc(c34)CC21,0,0.0,None,0,"N02CA01, N02CA51",DIHYDROERGOTAMINE
1858,CHEMBL1731,CC1(C)SC2C(NC(=O)C(NC(=O)N3CCN(S(C)(=O)=O)C3=O)c3ccccc3)C(=O)N2C1C(=O)O,0,0.0,None,0,J01CA10,MEZLOCILLIN
1859,CHEMBL1730601,O=c1cc(O)c(Cl)c[nH]1,0,None,None,0,None,GIMERACIL
1860,CHEMBL1727,CC1=C(C(=O)O)N2C(=O)C(NC(=O)C(N)c3ccccc3)C2SC1,0,0.0,None,0,J01DB01,CEPHALEXIN
1861,CHEMBL1726,COC(=O)C1=C(C)NC(C)=C(C(=O)OCC(C)C)C1c1ccccc1[N+](=O)[O-],0,0.0,None,0,C08CA07,NISOLDIPINE
1862,CHEMBL1725,COCC(=O)Nc1c(I)c(C(=O)NCC(O)CO)c(I)c(C(=O)N(C)CC(O)CO)c1I,0,0.0,None,0,V08AB05,IOPROMIDE
1863,CHEMBL17,NS(=O)(=O)c1cc(Cl)c(Cl)c(S(N)(=O)=O)c1,0,0.0,None,0,S01EC02,DICHLORPHENAMIDE
1864,CHEMBL169901,N=C(N)N1CCc2ccccc2C1,0,0.0,None,0,C02CC04,DEBRISOQUIN
1865,CHEMBL1750,Nc1nc(Cl)nc2c1ncn2C1OC(CO)C(O)C1F,0,0.0,None,0,L01BB06,CLOFARABINE
1866,CHEMBL1752,Cn1c(=O)c2c(ncn2CC(O)CO)n(C)c1=O,0,0.0,None,0,"R03DA01, R03DA51",DYPHYLLINE
1867,CHEMBL182,Nc1nc2c(ncn2COC(CO)CO)c(=O)[nH]1,0,0.0,None,0,"J05AB06, S01AD09",GANCICLOVIR
1868,CHEMBL175247,CCCCCCCCCCCC(CC1OC(=O)C1CCCCCC)OC(=O)C(CC(C)C)NC=O,0,0.0,None,0,A08AB01,ORLISTAT
1869,CHEMBL181932,O=C(O)c1nc(=O)[nH]c(=O)[nH]1,0,None,None,0,None,OTERACIL
1870,CHEMBL181,CC1=NS(=O)(=O)c2cc(Cl)ccc2N1,0,0.0,None,0,"C02DA01, V03AH01",DIAZOXIDE
1871,CHEMBL1808698,O=CC([18F])C(O)C(O)C(O)CO,0,None,None,0,None,CHEMBL1808698
1872,CHEMBL180570,O=P(O)(O)CP(=O)(O)O,0,None,None,0,None,MEDRONIC ACID
1873,CHEMBL180022,CCOc1cc2ncc(C#N)c(Nc3ccc(OCc4ccccn4)c(Cl)c3)c2cc1NC(=O)C=CCN(C)C,0,0.0,None,0,L01EH02,NERATINIB
1874,CHEMBL1800159,CONC(=O)Nc1ccc(-c2sc3c(c2CN(C)C)c(=O)n(-c2ccc(OC)nn2)c(=O)n3Cc2c(F)cccc2F)cc1,0,None,None,0,None,RELUGOLIX
1875,CHEMBL1789941,N#CCC(C1CCCC1)n1cc(-c2ncnc3[nH]ccc23)cn1,0,0.0,None,0,L01EJ01,RUXOLITINIB
1876,CHEMBL16073,CCOc1ccc(NC(C)=O)cc1,1,1.0,1.0,1,"N02BE03, N02BE53, N02BE73",PHENACETIN
1877,CHEMBL1697760,CC(c1ccc(Cl)c(Cl)c1)N1N=C(N)CC1=O,1,1.0,1.0,1,C03CD01,MUZOLIMINE
1878,CHEMBL17860,CC(Oc1c(Cl)cccc1Cl)C1=NCCN1,0,0.0,None,0,N07BC04,LOFEXIDINE
1879,CHEMBL178,COc1cccc2c1C(=O)c1c(O)c3c(c(O)c1C2=O)CC(O)(C(C)=O)CC3OC1CC(N)C(O)C(C)O1,0,0.0,None,0,L01DB02,DAUNORUBICIN
1880,CHEMBL1774461,CNc1ccc(C=Cc2ccc(OCCOCCOCC[18F])nc2)cc1,0,0.0,None,0,V09AX05,FLORBETAPIR F 18
1881,CHEMBL170988,N=C(N)NC(=N)NCCc1ccccc1,1,1.0,1.0,1,A10BA01,PHENFORMIN
1882,CHEMBL1773,CCCCCOC(=O)Nc1nc(=O)n(C2OC(C)C(O)C2O)cc1F,0,0.0,None,0,L01BC06,CAPECITABINE
1883,CHEMBL1771,COC(=O)C(c1ccccc1Cl)N1CCc2sccc2C1,0,0.0,None,0,B01AC04,CLOPIDOGREL
1884,CHEMBL1770248,CCOc1ccc(Cc2cc(C34OCC(CO)(O3)C(O)C(O)C4O)ccc2Cl)cc1,0,0.0,None,0,A10BK04,ERTUGLIFLOZIN
1885,CHEMBL177,NCCC(O)C(=O)NC1CC(N)C(OC2OC(CN)C(O)C(O)C2O)C(O)C1OC1OC(CO)C(O)C(N)C1O,0,0.0,None,0,"D06AX12, J01GB06, S01AA21",AMIKACIN
1886,CHEMBL17157,CC(C)(C)c1ccc(C(O)CCCN2CCC(C(O)(c3ccccc3)c3ccccc3)CC2)cc1,1,1.0,1.0,1,R06AX12,TERFENADINE
1887,CHEMBL1764,COc1ccc2c(c1)N(CC(C)CN(C)C)c1ccccc1S2,0,0.0,None,0,N05AA02,LEVOMEPROMAZINE
1888,CHEMBL1729,COc1cc(N)c(Cl)cc1C(=O)NC1CCN(CCCOc2ccc(F)cc2)CC1OC,1,1.0,1.0,1,A03FA02,CISAPRIDE
1889,CHEMBL1760,CC(C)(C)NCC(O)c1cc(O)cc(O)c1,0,0.0,None,0,"R03AC03, R03CC03, R03CC53",TERBUTALINE
1890,CHEMBL1909283,CC(NN)c1ccccc1,1,1.0,1.0,1,None,MEBANAZINE
1891,CHEMBL175691,Cc1cc(C=CC#N)cc(C)c1Nc1ccnc(Nc2ccc(C#N)cc2)n1,0,0.0,None,0,J05AG05,RILPIVIRINE
1892,CHEMBL1756,CC12CCC3c4ccc(OC(=O)N(CCCl)CCCl)cc4CCC3C1CCC2OP(=O)(O)O,0,0.0,None,0,None,ESTRAMUSTINE PHOSPHATE
1893,CHEMBL1909286,CC(COc1ccccc1)NN,1,1.0,1.0,1,None,PHENOXYPROPAZINE
1894,CHEMBL1754,CCN1CC(CCN2CCOCC2)C(c2ccccc2)(c2ccccc2)C1=O,0,0.0,None,0,R07AB01,DOXAPRAM
1895,CHEMBL1753,CCCC1CC(C(=O)NC(C(C)Cl)C2OC(SC)C(O)C(O)C2O)N(C)C1,0,0.0,None,0,"D10AF01, G01AA10, J01FF01, D10AF51",CLINDAMYCIN
1896,CHEMBL139877,NC(=O)NS(=O)(=O)c1ccc(N)cc1,1,1.0,1.0,None,None,SULFACARBAMIDE
1897,CHEMBL104,Clc1ccccc1C(c1ccccc1)(c1ccccc1)n1ccnc1,0,0.0,None,0,"A01AB18, D01AC01, G01AF02",CLOTRIMAZOLE
1898,CHEMBL141305,CC(=O)Oc1ccc(C(=C2CCCCC2)c2ccc(OC(C)=O)cc2)cc1,1,1.0,1.0,None,G03GB01,CYCLOFENIL
1899,CHEMBL1413,Cc1cc(C2CCCCC2)n(O)c(=O)c1,0,0.0,None,0,"D01AE14, G01AX12",CICLOPIROX
1900,CHEMBL1431,CN(C)C(=N)NC(=N)N,0,0.0,None,0,A10BA02,METFORMIN
1901,CHEMBL1430,CC(C)(S)C(N)C(=O)O,0,0.0,None,0,M01CC01,PENICILLAMINE
1902,CHEMBL1429,N=C(N)NCCCC(NC(=O)C1CCCN1C(=O)C1CSSCCC(=O)NC(Cc2ccc(O)cc2)C(=O)NC(Cc2ccccc2)C(=O)NC(CCC(N)=O)C(=O)NC(CC(N)=O)C(=O)N1)C(=O)NCC(N)=O,0,0.0,None,0,H01BA02,DESMOPRESSIN
1903,CHEMBL1428,COCCOC(=O)C1=C(C)NC(C)=C(C(=O)OC(C)C)C1c1cccc([N+](=O)[O-])c1,0,0.0,None,0,C08CA06,NIMODIPINE
1904,CHEMBL142703,N#CC1CCCN1C(=O)CNC12CC3CC(CC(O)(C3)C1)C2,0,0.0,None,0,A10BH02,VILDAGLIPTIN
1905,CHEMBL142652,OCC1OC(Oc2cc(O)cc(C=Cc3ccc(O)cc3)c2)C(O)C(O)C1O,0,None,None,0,None,PICEID
1906,CHEMBL231813,CCCC(NC(=O)C1C2CCCC2CN1C(=O)C(NC(=O)C(NC(=O)c1cnccn1)C1CCCCC1)C(C)(C)C)C(=O)C(=O)NC1CC1,1,0.0,1.0,1,J05AP02,TELAPREVIR
1907,CHEMBL1425,S=c1nc[nH]c2nc[nH]c12,0,0.0,None,0,L01BB02,MERCAPTOPURINE
1908,CHEMBL1423,O=c1[nH]c2ccccc2n1C1CCN(CCCC(c2ccc(F)cc2)c2ccc(F)cc2)CC1,0,0.0,None,0,N05AG02,PIMOZIDE
1909,CHEMBL1422,NC(CC(=O)N1CCn2c(nnc2C(F)(F)F)C1)Cc1cc(F)c(F)cc1F,0,0.0,None,0,A10BH01,SITAGLIPTIN
1910,CHEMBL1421,Cc1nc(Nc2ncc(C(=O)Nc3c(C)cccc3Cl)s2)cc(N2CCN(CCO)CC2)n1,0,0.0,None,0,L01EA02,DASATINIB
1911,CHEMBL245807,O=C1Nc2ccccc2C1(c1ccc(O)cc1)c1ccc(O)cc1,1,None,1.0,1,A06AB01,OXYPHENISATINE
1912,CHEMBL1420,C[n+]1ccccc1C=NO,0,0.0,None,0,V03AB04,PRALIDOXIME
1913,CHEMBL1410743,CC1OC(C)OC(C)O1,0,0.0,None,0,N05CC05,PARALDEHYDE
1914,CHEMBL2110636,CCCC(=O)Nc1c(I)cc(I)c(C=C(CC)C(=O)O)c1I,1,None,1.0,1,None,BUNAMIODYL
1915,CHEMBL141,Nc1ccn(C2CSC(CO)O2)c(=O)n1,0,0.0,None,0,J05AF05,LAMIVUDINE
1916,CHEMBL254857,O=C(COc1ccc(Cl)cc1)N1CCN(Cc2ccc3c(c2)OCO3)CC1,1,1.0,1.0,None,N06BX05,FIPEXIDE
1917,CHEMBL14060,Oc1ccccc1,0,0.0,None,0,"C05BB05, D08AE03, N01BX03, R02AA19",PHENOL
1918,CHEMBL267894,CCC1(CCC(C)C)C(=O)NC(=O)NC1=O,1,1.0,1.0,0,N05CA02,AMOBARBITAL
1919,CHEMBL1405,CC12CCC3c4ccc(O)cc4CCC3C1CCC2=O,0,0.0,None,0,"G03CA07, G03CC04",ESTRONE
1920,CHEMBL1404,COc1ccccc1OCC(O)CN1CCN(CC(=O)Nc2c(C)cccc2C)CC1,0,0.0,None,0,C01EB18,RANOLAZINE
1921,CHEMBL14021,C(=O)(O)CC,0,None,None,0,None,PROPIONIC ACID
1922,CHEMBL1401,CC(=O)Oc1ccccc1C(=O)Nc1ncc([N+](=O)[O-])s1,0,0.0,None,0,P01AX11,NITAZOXANIDE
1923,CHEMBL140,COc1cc(C=CC(=O)CC(=O)C=Cc2ccc(O)c(OC)c2)ccc1O,0,None,None,0,None,CHEMBL140
1924,CHEMBL1399,CC(C)(C#N)c1cc(Cn2cncn2)cc(C(C)(C)C#N)c1,0,0.0,None,0,L02BG03,ANASTROZOLE
1925,CHEMBL139835,CC(=O)OC1(C(C)=O)CCC2C3C=C(Cl)C4=CC(=O)C5CC5C4(C)C3CCC21C,0,0.0,None,0,G03HA01,CYPROTERONE ACETATE
1926,CHEMBL1397,CCC(C(C)O)n1ncn(-c2ccc(N3CCN(c4ccc(OCC5COC(Cn6cncn6)(c6ccc(F)cc6F)C5)cc4)CC3)cc2)c1=O,0,0.0,None,0,J02AC04,POSACONAZOLE
1927,CHEMBL13960,C(=O)(C(Cl)Cl)O,0,None,None,0,None,DICHLOROACETIC ACID
1928,CHEMBL1434,CN(C)c1ccc(O)c2c1CC1CC3C(N(C)C)C(=O)C(C(N)=O)C(=O)C3(O)C(=O)C1C2=O,0,0.0,None,0,"A01AB23, D10AF07, J01AA08",MINOCYCLINE
1929,CHEMBL2106915,COc1cc2c(cc1OC)C(CCc1ccc(Cl)cc1)N(C)CC2,1,1.0,1.0,None,None,METHOPHOLINE
1930,CHEMBL14687,CCCO,0,None,None,0,"D08AX53, D08AX03",PROPANOL
1931,CHEMBL1449,CC1(C)SC2C(NC(=O)C(C(=O)O)c3ccsc3)C(=O)N2C1C(=O)O,0,0.0,None,0,J01CA13,TICARCILLIN
1932,CHEMBL1466,O=c1oc2ccccc2c(O)c1Cc1c(O)c2ccccc2oc1=O,0,0.0,None,0,B01AA01,DICUMAROL
1933,CHEMBL1465,CCC(c1ccccc1)c1c(O)c2ccccc2oc1=O,0,0.0,None,0,B01AA04,PHENPROCOUMON
1934,CHEMBL1464,CC(=O)CC(c1ccccc1)c1c(O)c2ccccc2oc1=O,0,0.0,None,0,B01AA03,WARFARIN
1935,CHEMBL1463,Nc1nc(=O)[nH]cc1F,0,0.0,None,0,"D01AE21, J02AX01",FLUCYTOSINE
1936,CHEMBL1460,O=c1[nH]cnc2c1ncn2C1CCC(CO)O1,0,0.0,None,0,J05AF02,DIDANOSINE
1937,CHEMBL1457,COc1ccc2c3c1OC1C(=O)CCC4C(C2)N(C)CCC314,0,0.0,None,0,R05DA03,HYDROCODONE
1938,CHEMBL2104607,CCN(CC)C(=O)c1cccnc1,1,1.0,1.0,None,"R07AB02, R07AB52",NIKETHAMIDE
1939,CHEMBL1453317,CCN(CC)C(=O)c1cccc(C)c1,0,0.0,None,0,P03BX01,DIETHYLTOLUAMIDE
1940,CHEMBL1451116,IC(I)I,0,0.0,None,0,D09AA13,IODOFORM
1941,CHEMBL1451,CC12C=CC(=O)C=C1CCC1C3CC(O)C(O)(C(=O)CO)C3(C)CC(O)C12F,0,0.0,None,0,"A01AC01, C05AA12, D07AB09, D07XB02, H02AB08, R01AD11, R03BA06, S01BA05",TRIAMCINOLONE
1942,CHEMBL2105075,O=C(OCC(O)CO)c1ccccc1Nc1ccnc2c(C(F)(F)F)cccc12,1,None,1.0,1,N02BG04,FLOCTAFENINE
1943,CHEMBL1560,CC(CS)C(=O)N1CCCC1C(=O)O,0,0.0,None,0,C09AA01,CAPTOPRIL
1944,CHEMBL1449018,CC(C)Nc1ccc(Nc2ccccc2)cc1,0,None,None,0,None,CHEMBL1449018
1945,CHEMBL1448,O=C(Nc1ccc([N+](=O)[O-])cc1Cl)c1cc(Cl)ccc1O,0,0.0,None,0,P02DA01,NICLOSAMIDE
1946,CHEMBL2106227,CCNC1=Nc2ccc(Cl)cc2C(C)(c2ccccc2)O1,1,None,1.0,1,N05BX03,ETIFOXINE
1947,CHEMBL2105233,C=CCC1(CC(C)O)C(=O)NC(=O)NC1=O,1,1.0,1.0,0,N05CA22,PROXIBARBAL
1948,CHEMBL1447,CCCC1CC(C(=O)NC(C(C)O)C2OC(SC)C(O)C(O)C2O)N(C)C1,0,0.0,None,0,J01FF02,LINCOMYCIN
1949,CHEMBL144673,CCCCC(CC)CN1CN(CC(CC)CCCC)CC(C)(N)C1,0,0.0,None,0,"A01AB12, G01AX16",HEXETIDINE
1950,CHEMBL1445,CC1(O)CCC2C3CCC4=CC(=O)CCC4(C)C3(F)C(O)CC21C,0,0.0,None,0,G03BA01,FLUOXYMESTERONE
1951,CHEMBL1443,CCOc1ccc2ccccc2c1C(=O)NC1C(=O)N2C1SC(C)(C)C2C(=O)O,0,0.0,None,0,J01CF06,NAFCILLIN
1952,CHEMBL1441,CCc1cc(C(N)=S)ccn1,0,0.0,None,0,J04AD03,ETHIONAMIDE
1953,CHEMBL1439973,CC(C)(O)C(Cl)(Cl)Cl,0,0.0,None,0,"A04AD04, A04AD54",CHLOROBUTANOL
1954,CHEMBL2105527,CN1C(=O)CN=C(C2=CCCCC2)c2cc(Cl)ccc21,1,1.0,1.0,None,M03BX07,TETRAZEPAM
1955,CHEMBL14376,COc1cc(C(C)=O)ccc1OCCCN1CCC(c2noc3cc(F)ccc23)CC1,0,0.0,None,0,N05AX14,ILOPERIDONE
1956,CHEMBL14370,CCOc1ccccc1OC(c1ccccc1)C1CNCCO1,0,0.0,None,0,N06AX18,REBOXETINE
1957,CHEMBL1437,NCC(O)c1ccc(O)c(O)c1,0,0.0,None,0,C01CA03,NOREPINEPHRINE
1958,CHEMBL1436,CON=C(C(=O)NC1C(=O)N2C(C(=O)O)=C(COC(N)=O)CSC12)c1ccco1,0,0.0,None,0,"J01DC02, S01AA27",CEFUROXIME
1959,CHEMBL2105581,C=CCN1CCCC1CNC(=O)c1cc(S(N)(=O)=O)cc(OC)c1OC,1,1.0,1.0,None,N05AL06,VERALIPRIDE
1960,CHEMBL1396,c1cnc2cc3c(cc2n1)C1CNCC3C1,0,0.0,None,0,N07BA03,VARENICLINE
1961,CHEMBL1395,CC12CCC(=O)C=C1CCC1C2CCC2(C)C1CCC2(C)O,0,0.0,None,0,"G03BA02, G03EK01",METHYLTESTOSTERONE
1962,CHEMBL139367,CCC(CC)C(NC(C)=O)C1C(NC(=N)N)CC(C(=O)O)C1O,0,0.0,None,0,J05AH03,PERAMIVIR
1963,CHEMBL1329203,CCCCC(CC)COC(=O)c1ccccc1O,0,None,None,0,None,OCTISALATE
1964,CHEMBL1350,O=P(O)(O)C(Sc1ccc(Cl)cc1)P(=O)(O)O,0,0.0,None,0,M05BA05,TILUDRONIC ACID
1965,CHEMBL135,CC12CCC3c4ccc(O)cc4CCC3C1CCC2O,0,0.0,None,0,"G03CA03, G03CA53",ESTRADIOL
1966,CHEMBL1349,CC(C)C(N)C(=O)OCCOCn1cnc2c(=O)[nH]c(N)nc21,0,0.0,None,0,J05AB11,VALACYCLOVIR
1967,CHEMBL1346,NC(=O)C(c1ccccc1)(c1ccccc1)C1CCN(CCc2ccc3c(c2)CCO3)C1,0,0.0,None,0,G04BD10,DARIFENACIN
1968,CHEMBL134342,O=C(O)CCCCC1CCSS1,0,None,None,0,None,THIOCTIC ACID
1969,CHEMBL1342,O=C(O)CCCO,0,0.0,None,0,None,OXYBATE
1970,CHEMBL134,Clc1cccc(Cl)c1NC1=NCCN1,0,0.0,None,0,"C02AC01, N02CX02, S01EA04",CLONIDINE
1971,CHEMBL1339216,O=C(Oc1ccccc1)c1ccccc1O,0,None,None,0,G04BX12,PHENYL SALICYLATE
1972,CHEMBL1336,CNC(=O)c1cc(Oc2ccc(NC(=O)Nc3ccc(Cl)c(C(F)(F)F)c3)cc2)ccn1,0,0.0,None,0,L01EX02,SORAFENIB
1973,CHEMBL1334860,CN(C(=O)C(Cl)Cl)c1ccc(OC(=O)c2ccco2)cc1,0,0.0,None,0,P01AC01,DILOXANIDE FUROATE
1974,CHEMBL1332032,CC(=O)Oc1cc(C(F)(F)F)ccc1C(=O)O,0,None,None,0,B01AC18,TRIFLUSAL
1975,CHEMBL1331216,CN1C2CCC1CC(OC(=O)C(CO)c1ccccc1)C2,0,0.0,None,0,A03BA03,HYOSCYAMINE
1976,CHEMBL1329455,CCOC(=O)[N-]c1c[n+](N2CCOCC2)no1,0,0.0,None,0,C01DX12,MOLSIDOMINE
1977,CHEMBL1328,CSCCC(NC(=O)C(Cc1c[nH]c2ccccc12)NC(=O)CCNC(=O)OC(C)(C)C)C(=O)NC(CC(=O)O)C(=O)NC(Cc1ccccc1)C(N)=O,0,0.0,None,0,V04CG04,PENTAGASTRIN
1978,CHEMBL1393,CC(=O)SC1CC2=CC(=O)CCC2(C)C2CCC3(C)C(CCC34CCC(=O)O4)C12,0,0.0,None,0,C03DA01,SPIRONOLACTONE
1979,CHEMBL1326877,COc1ccc(C(=O)c2ccccc2O)c(O)c1,0,None,None,0,None,DIOXYBENZONE
1980,CHEMBL1323699,CCCCC(CC)COC(=O)c1ccc(N(C)C)cc1,0,0.0,None,0,None,PADIMATE O
1981,CHEMBL1323,CC(C)CN(CC(O)C(Cc1ccccc1)NC(=O)OC1COC2OCCC12)S(=O)(=O)c1ccc(N)cc1,0,0.0,None,0,J05AE10,DARUNAVIR
1982,CHEMBL388590,CCc1oc2ccccc2c1C(=O)c1cc(Br)c(O)c(Br)c1,1,0.0,1.0,1,M04AB03,BENZBROMARONE
1983,CHEMBL1321,CNNCc1ccc(C(=O)NC(C)C)cc1,0,0.0,None,0,L01XB01,PROCARBAZINE
1984,CHEMBL13209,O=C1CN=C(c2ccccc2)c2cc([N+](=O)[O-])ccc2N1,0,0.0,None,0,N05CD02,NITRAZEPAM
1985,CHEMBL1318341,Cc1cc2c(cc1S(N)(=O)=O)S(=O)(=O)CCC2,0,None,None,0,C03BA09,METICRANE
1986,CHEMBL1314,CC(S)C(=O)NCC(=O)O,0,0.0,None,0,G04BX16,TIOPRONIN
1987,CHEMBL1311,O=[N+]([O-])OC1COC2C(O)COC12,0,0.0,None,0,C01DA14,ISOSORBIDE MONONITRATE
1988,CHEMBL131,CC12C=CC(=O)C=C1CCC1C2C(O)CC2(C)C1CCC2(O)C(=O)CO,0,0.0,None,0,"A07EA01, C05AA04, D07AA03, D07XA02, H02AB06, R01AD02, S01BA04, S01CB02, S02BA03, S03BA02, R01AD52, A01AC54",PREDNISOLONE
1989,CHEMBL395110,CN1CCCC(CN2c3ccccc3Sc3ccccc32)C1,1,1.0,1.0,None,None,MEPAZINE
1990,CHEMBL1305,c1ccc(CN(CC2=NCCN2)c2ccccc2)cc1,0,0.0,None,0,"R01AC04, R06AX05",ANTAZOLINE
1991,CHEMBL1303,CCCN(CCc1cccs1)C1CCc2c(O)cccc2C1,0,0.0,None,0,N04BC09,ROTIGOTINE
1992,CHEMBL1354199,C[N+]1(C)C2CC(OC(=O)C(CO)c3ccccc3)CC1C1OC12,0,0.0,None,0,None,METHSCOPOLAMINE BROMIDE
1993,CHEMBL1356238,[O-][n+]1ccccc1S,0,None,None,0,None,PYRITHIONE
1994,CHEMBL1358,CC12CCC3c4ccc(O)cc4CC(CCCCCCCCC[S+]([O-])CCCC(F)(F)C(F)(F)F)C3C1CCC2O,0,0.0,None,0,L02BA03,FULVESTRANT
1995,CHEMBL1359,CC(O)C1C(=O)N2C(C(=O)O)=C(SC3CNC(C(=O)Nc4cccc(C(=O)O)c4)C3)C(C)C12,0,0.0,None,0,J01DH03,ERTAPENEM
1996,CHEMBL1389,C#CC1(O)CCC2C3CCC4=CC(=O)CCC4C3CCC21CC,0,0.0,None,0,"G03AC03, G03AD01",LEVONORGESTREL
1997,CHEMBL1388,Oc1ccc(OCc2ccccc2)cc1,0,0.0,None,0,D11AX13,MONOBENZONE
1998,CHEMBL268164,CCC1(C2=CCCCC2)C(=O)NC(=O)NC1=O,1,1.0,1.0,None,N05CA10,CYCLOBARBITAL
1999,CHEMBL268869,COc1ccc(NS(=O)(=O)c2ccc(N)cc2)nn1,1,1.0,1.0,None,J01ED05,SULFAMETHOXYPYRIDAZINE
2000,CHEMBL1387,C#CC1(O)CCC2C3CCC4=C(CCC(=O)C4)C3CCC21C,0,0.0,None,0,None,NORETHYNODREL
2001,CHEMBL1384,NCC1OC(OC2C(N)CC(N)C(OC3OC(CO)C(O)C(N)C3O)C2O)C(O)C(O)C1O,0,0.0,None,0,"J01GB04, S01AA24, A07AA08",KANAMYCIN
2002,CHEMBL13828,O=c1[nH]c2ccccc2n1CCCN1CCN(C(c2ccccc2)c2ccccc2)CC1,0,0.0,None,0,R06AE06,OXATOMIDE
2003,CHEMBL1382627,Nc1ccc(S(=O)(=O)Nc2ncccn2)cc1,0,0.0,None,0,"D06BA01, J01EC02, D06BA51","SULFADIAZINE, SILVER"
2004,CHEMBL27193,CC(CCc1ccccc1)NCC(O)c1ccc(O)c(C(N)=O)c1,1,1.0,1.0,0,None,DILEVALOL
2005,CHEMBL273575,CN1Cc2c(N)cccc2C(c2ccccc2)C1,1,1.0,None,1,N06AX04,NOMIFENSINE
2006,CHEMBL1378024,CCCc1cc(C(N)=S)ccn1,0,0.0,None,0,J04AD01,PROTIONAMIDE
2007,CHEMBL276520,c1ccc2c(CCC3CCNCC3)c[nH]c2c1,1,1.0,None,1,None,INDALPINE
2008,CHEMBL1377,CC(C)NC(=N)NC(=N)Nc1ccc(Cl)cc1,0,0.0,None,0,"P01BB01, P01BB51",CHLOROGUANIDE
2009,CHEMBL278819,Cc1cc(-c2ccccc2)nnc1NCCN1CCOCC1,1,1.0,1.0,0,N06AX07,MINAPRINE
2010,CHEMBL1374379,CCCCNc1ccc(C(=O)OCCOCCOCCOCCOCCOCCOCCOCCOCCOC)cc1,0,0.0,None,0,R05DB01,BENZONATATE
2011,CHEMBL1373254,NS(=O)(=O)c1cc2c(cc1Cl)NC(CC1CCCC1)NS2(=O)=O,0,0.0,None,0,C03AA07,CYCLOPENTHIAZIDE
2012,CHEMBL1373,NC(=O)C[S+]([O-])C(c1ccccc1)c1ccccc1,0,0.0,None,0,N06BA07,MODAFINIL
2013,CHEMBL31,COc1c(N2CCNC(C)C2)c(F)cc2c(=O)c(C(=O)O)cn(C3CC3)c12,1,1.0,1.0,0,"J01MA16, S01AE06",GATIFLOXACIN
2014,CHEMBL316157,O=C(Cc1cccs1)NC1C(=O)N2C(C(=O)[O-])=C(C[n+]3ccccc3)CSC12,1,None,1.0,1,J01DB02,CEPHALORIDINE
2015,CHEMBL1372,NC(CCC(=O)NC(CSSCC(NC(=O)CCC(N)C(=O)O)C(=O)NCC(=O)O)C(=O)NCC(=O)O)C(=O)O,0,0.0,None,0,None,OXIGLUTATIONE
2016,CHEMBL1371,O=c1[nH]c2cc(Cl)ccc2o1,0,0.0,None,0,"M03BB03, M03BB53, M03BB73",CHLORZOXAZONE
2017,CHEMBL316561,CCCN(CCC)C(=O)C(CCC(=O)O)NC(=O)c1ccccc1,1,1.0,1.0,None,A02BX06,PROGLUMIDE
2018,CHEMBL32800,CC(Cc1ccc(O)cc1)NCC(O)c1cc(O)cc(O)c1,1,1.0,1.0,0,"G02CA03, R03AC04, R03CC04",FENOTEROL
2019,CHEMBL329522,O=C(c1cc(O)c(O)c(O)c1)c1ccc(O)c(O)c1O,1,1.0,1.0,None,None,EXIFONE
2020,CHEMBL341812,CC(C)Cc1ccc(CC(=O)O)cc1,1,1.0,1.0,None,None,IBUFENAC
2021,CHEMBL1366,C(=O)(OC1C(OC(=O)C)C(S[Au-][P+](CC)(CC)CC)OC(C1OC(=O)C)COC(=O)C)C,0,0.0,None,0,M01CB03,AURANOFIN
2022,CHEMBL1364,Cc1ncc(CO)c(CO)c1O,0,0.0,None,0,A11HA02,PYRIDOXINE
2023,CHEMBL1467,O=c1[nH]cnc2[nH]ncc12,0,0.0,None,0,"M04AA01, M04AA51",ALLOPURINOL
2024,CHEMBL1450,O=C1C(=O)C(C2CCC(c3ccc(Cl)cc3)CC2)C(=O)c2ccccc21,0,0.0,None,0,P01AX06,ATOVAQUONE
2025,CHEMBL1551365,CCON=O,1,1.0,1.0,None,None,ETHYL NITRITE [SPIRIT]
2026,CHEMBL1515,Cn1cc[nH]c1=S,0,0.0,None,0,"H03BB02, H03BB52",METHIMAZOLE
2027,CHEMBL1496,CC(C)c1nc(N(C)S(C)(=O)=O)nc(-c2ccc(F)cc2)c1C=CC(O)CC(O)CC(=O)O,0,0.0,None,0,C10AA07,ROSUVASTATIN
2028,CHEMBL1454946,COC(=O)Nc1nc2cc(C(=O)c3ccc(F)cc3)ccc2[nH]1,1,None,1.0,1,P02CA05,FLUBENDAZOLE
2029,CHEMBL1495,CN1CCCN=C1COC(=O)C(O)(c1ccccc1)C1CCCCC1,0,0.0,None,0,A03AA01,OXYPHENCYCLIMINE
2030,CHEMBL1493,Cc1c(-c2ccccc2)oc2c(C(=O)OCCN3CCCCC3)cccc2c1=O,0,0.0,None,0,G04BD02,FLAVOXATE
2031,CHEMBL1742471,N=C(N)Nc1nc(CSCCNC=NS(=O)(=O)c2ccc(Br)cc2)cs1,1,1.0,1.0,None,None,EBROTIDINE
2032,CHEMBL1874750,COc1cc(C=CC(=O)N2CCN(CC(=O)N3CCCC3)CC2)cc(OC)c1OC,1,1.0,1.0,None,C04AX27,CINEPAZIDE
2033,CHEMBL153479,Nc1c(Br)cc(Br)cc1CNC1CCC(O)CC1,0,None,None,0,R05CB06,AMBROXOL
2034,CHEMBL1454,c1ccc(C2CN3CCSC3=N2)cc1,1,0.0,1.0,1,P02CE01,LEVAMISOLE
2035,CHEMBL1492500,CN(C)CCC=C1c2ccccc2CSc2ccccc21,0,0.0,None,0,N06AA16,DOTHIEPIN
2036,CHEMBL1535,CCN(CCO)CCCC(C)Nc1ccnc2cc(Cl)ccc12,0,0.0,None,0,P01BA02,HYDROXYCHLOROQUINE
2037,CHEMBL1522,CN1CCN(C(=O)OC2c3nccnc3C(=O)N2c2ccc(Cl)cn2)CC1,0,0.0,None,0,N05CF04,ESZOPICLONE
2038,CHEMBL1536,C=C1CCC(O)CC1=CC=C1CCCC2(C)C1CCC2C(C)C=CC(C)C(C)C,0,0.0,None,0,A11CC01,ERGOCALCIFEROL
2039,CHEMBL1491,CCOC(=O)C1=C(COCCN)NC(C)=C(C(=O)OC)C1c1ccccc1Cl,0,0.0,None,0,C08CA01,AMLODIPINE
2040,CHEMBL1909282,O=C(O)Cc1csc(-c2ccc(Cl)cc2)n1,1,1.0,1.0,None,None,FENCLOZIC ACID
2041,CHEMBL1525,CC1(C)C(C=C(Cl)Cl)C1C(=O)OCc1cccc(Oc2ccccc2)c1,0,0.0,None,0,"P03AC04, P03AC54",PERMETHRIN
2042,CHEMBL1490,OC(CCN1CCCCC1)(c1ccccc1)C1CCCCC1,0,0.0,None,0,N04AA01,TRIHEXYPHENIDYL
2043,CHEMBL1463345,CC12CCC(=O)C=C1C=CC1C2CCC2(C)C1CCC21CCC(=O)O1,1,1.0,1.0,None,C03DA03,CANRENONE
2044,CHEMBL1452696,CC(C)=CCC1C(=O)N(c2ccccc2)N(c2ccccc2)C1=O,1,1.0,1.0,None,"M01AX18, M02AA16, M01AX68",FEPRAZONE
2045,CHEMBL1524273,O=C(O)c1ccccc1C(=O)Nc1ccc(S(=O)(=O)Nc2nccs2)cc1,0,0.0,None,0,A07AB02,PHTHALYLSULFATHIAZOLE
2046,CHEMBL1697837,CN(CC(=O)N1CCOCC1)Cc1c(Cl)cccc1NC(=O)c1ccccc1,1,None,1.0,1,None,FOMINOBEN
2047,CHEMBL1501,CC(=O)OCC(=O)C12OC(C)(C)OC1CC1C3CC(F)C4=CC(=O)C=CC4(C)C3(F)C(O)CC12C,0,0.0,None,0,"C05AA11, D07AC08",FLUOCINONIDE
2048,CHEMBL1502,COc1ccnc(C[S+]([O-])c2nc3ccc(OC(F)F)cc3[nH]2)c1OC,0,0.0,None,0,A02BC02,PANTOPRAZOLE
2049,CHEMBL1532734,C(=O)(O[Al](OC(=O)C)O)C,0,None,None,0,None,CHEMBL1532734
2050,CHEMBL1531,C#CC1(O)CCC2C3CCC4=CC(=O)CCC4C3C(=C)CC21CC,0,0.0,None,0,G03AC08,ETONOGESTREL
2051,CHEMBL1532,CCC1NC(=O)c2cc(S(N)(=O)=O)c(Cl)cc2N1,0,0.0,None,0,C03BA02,QUINETHAZONE
2052,CHEMBL159226,CC(=O)Oc1cc(C(C)C)c(OCCN(C)C)cc1C,1,1.0,1.0,0,"C04AX10, G04BE06",MOXISYLYTE
2053,CHEMBL15677,O=C(O)Cc1ccccc1Oc1ccc(Cl)cc1Cl,1,1.0,1.0,None,None,FENCLOFENAC
2054,CHEMBL1469,O=C(O)CCCc1ccccc1,0,0.0,None,0,None,PHENYLBUTANOIC ACID
2055,CHEMBL1512677,CCCCCc1ccc(C)cc1O,0,0.0,None,0,None,AMYLMETACRESOL
2056,CHEMBL1512,CC1(C)OC2CC3C4CC(F)C5=CC(=O)C=CC5(C)C4C(O)CC3(C)C2(C(=O)CO)O1,0,0.0,None,0,"R01AD04, R03BA03",FLUNISOLIDE
2057,CHEMBL1516,CCCc1nc(C(C)(C)O)c(C(=O)O)n1Cc1ccc(-c2ccccc2-c2nnn[nH]2)cc1,0,None,None,0,None,OLMESARTAN
2058,CHEMBL1615350,CN(C)CCCC1c2ccccc2Nc2ccc(Cl)cc21,1,1.0,1.0,None,None,CLOMACRAN
2059,CHEMBL1697686,CCOC(=O)NC(C)(C)Cc1ccc(Cl)cc1,1,1.0,1.0,None,None,CLOFOREX
2060,CHEMBL1533,C#CC1(O)CCC2C3CCC4=CCCCC4C3C(=C)CC21CC,0,0.0,None,0,G03AC09,DESOGESTREL
2061,CHEMBL1534,Cc1cc2nc3c(=O)[nH]c(=O)nc-3n(CC(O)C(O)C(O)CO)c2cc1C,0,0.0,None,0,"A11HA04, S01XA26",RIBOFLAVIN
2062,CHEMBL1517,CN(C)C1C(=O)C(C(N)=O)C(=O)C2(O)C(=O)C3C(=O)c4c(O)cccc4C(C)(O)C3C(O)C12,0,0.0,None,0,"J01AA06, D06AA03, S01AA04, G01AA07, J01AA56",OXYTETRACYCLINE
2063,CHEMBL1509,CC12CCC(=O)C=C1C1CC1C1C2CCC2(C)C1C1CC1C21CCC(=O)O1,0,0.0,None,0,G03AC10,DROSPIRENONE
2064,CHEMBL146095,O=C(OCC(O)CO)c1ccccc1Nc1ccnc2cc(Cl)ccc12,1,1.0,1.0,None,N02BG03,GLAFENINE
2065,CHEMBL1507567,CC(=O)OCC(=O)C1(O)CCC2C3CCC4=CC(=O)C=CC4(C)C3C(=O)CC21C,0,None,None,0,"A07EA03, H02AB07",CHEMBL1507567
2066,CHEMBL1506,CCCCCCCCCCCCCCCC(=O)OCC(NC(=O)C(Cl)Cl)C(O)c1ccc([N+](=O)[O-])cc1,0,0.0,None,0,"D06AX02, D10AF03, G01AA05, J01BA01, S01AA01, S02AA01, S03AA08",CHLORAMPHENICOL PALMITATE
2067,CHEMBL16476,CC(C)NCC(O)c1ccc2ccccc2c1,1,1.0,1.0,None,None,PRONETALOL
2068,CHEMBL1909285,Cc1nc([N+](=O)[O-])cn1-c1ccc([N+](=O)[O-])cc1,1,1.0,1.0,None,None,NITREFAZOLE
2069,CHEMBL1513,CCCCC1=NC2(CCCC2)C(=O)N1Cc1ccc(-c2ccccc2-c2nn[nH]n2)cc1,0,0.0,None,0,C09CA04,IRBESARTAN
2070,CHEMBL1489,Nc1ncn(C2OC(CO)C(O)C2O)c(=O)n1,0,0.0,None,0,L01BC07,AZACITIDINE
2071,CHEMBL1537,CC1(C)SC2C(NC(=O)C(NC(=O)N3CCNC3=O)c3ccccc3)C(=O)N2C1C(=O)O,0,0.0,None,0,J01CA09,AZLOCILLIN
2072,CHEMBL1541,C=CC1=C(C(=O)O)N2C(=O)C(NC(=O)C(=NOCC(=O)O)c3csc(N)n3)C2SC1,0,0.0,None,0,J01DD08,CEFIXIME
2073,CHEMBL154111,O=C(Oc1ccccc1C(=O)O)c1ccccc1O,0,0.0,None,0,N02BA06,SALSALATE
2074,CHEMBL1418176,CC12C=CC(=O)C=C1CCC1C2CCC2(C)C1CCC2(C)O,1,1.0,1.0,None,"A14AA03, D11AE01",METHANDROSTENOLONE
2075,CHEMBL1543,NC(CCC(=O)NC(CS)C(=O)NCC(=O)O)C(=O)O,0,None,None,0,V03AB32,GLUTATHIONE
2076,CHEMBL1544,NC(Cc1cc(I)c(Oc2ccc(O)c(I)c2)c(I)c1)C(=O)O,0,0.0,None,0,None,LIOTHYRONINE
2077,CHEMBL2104149,CCC(=O)n1c(=O)n(C2CCN(CCC(C#N)(c3ccccc3)c3ccccc3)CC2)c2ccccc21,1,None,1.0,1,N02AC05,BEZITRAMIDE
2078,CHEMBL1476782,COc1ccc(C=CC(=O)OCCC(C)C)cc1,0,None,None,0,None,AMILOXATE
2079,CHEMBL1546,CC(N)Cc1ccc(O)cc1,0,0.0,None,0,None,HYDROXYAMPHETAMINE
2080,CHEMBL1549,CC12CCC(=O)C=C1CCC1C2C(O)CC2(C)C1CCC2(O)C(=O)COC(=O)CCC1CCCC1,0,0.0,None,0,"A01AC03, A07EA02, C05AA01, D07AA02, D07XA01, H02AB09, S01BA02, S01CB03, S02BA01",HYDROCORTISONE CYPIONATE
2081,CHEMBL1521,CCN(C(C)=O)c1cccc(-c2ccnc3c(C#N)cnn23)c1,0,0.0,None,0,N05CF03,ZALEPLON
2082,CHEMBL1550,CC(=CCC1=C(C)C(=O)c2ccccc2C1=O)CCCC(C)CCCC(C)CCCC(C)C,0,0.0,None,0,B02BA01,PHYTONADIONE
2083,CHEMBL2104489,CC(=O)OC1(C(C)=O)CCC2C3CC(C)C4=CCCCC4(C)C3CCC21C,1,1.0,1.0,None,None,ANAGESTONE ACETATE
2084,CHEMBL1475,Cc1cc2cc3c(C)cc(=O)oc3c(C)c2o1,0,0.0,None,0,"D05AD01, D05BA01",TRIOXSALEN
2085,CHEMBL1473,CCC(=O)OC1(C(=O)SCF)C(C)CC2C3CC(F)C4=CC(=O)C=CC4(C)C3(F)C(O)CC21C,0,0.0,None,0,"D07AC17, R01AD08, R03BA05, R01AD58",FLUTICASONE PROPIONATE
2086,CHEMBL1472,NC(=O)C1CCCN1C(=O)C(Cc1cnc[nH]1)NC(=O)C1CCC(=O)N1,0,0.0,None,0,V04CJ02,PROTIRELIN
2087,CHEMBL1554,Cc1c2oc3c(C)ccc(C(=O)NC4C(=O)NC(C(C)C)C(=O)N5CCCC5C(=O)N(C)CC(=O)N(C)C(C(C)C)C(=O)OC4C)c3nc-2c(C(=O)NC2C(=O)NC(C(C)C)C(=O)N3CCCC3C(=O)N(C)CC(=O)N(C)C(C(C)C)C(=O)OC2C)c(N)c1=O,0,0.0,None,0,L01DA01,DACTINOMYCIN
2088,CHEMBL1471,CC(OC1OCCN(Cc2n[nH]c(=O)[nH]2)C1c1ccc(F)cc1)c1cc(C(F)(F)F)cc(C(F)(F)F)c1,0,0.0,None,0,A04AD12,APREPITANT
2089,CHEMBL201960,CCCC(C(=O)c1ccc(C)cc1)N1CCCC1,1,1.0,1.0,None,None,PYROVALERONE
2090,CHEMBL1478530,CCC(NC(C)C)C(O)c1ccc(O)c2[nH]c(=O)ccc12,0,None,None,0,None,CHEMBL1478530
2091,CHEMBL1520,CCCc1nc(C)c2c(=O)[nH]c(-c3cc(S(=O)(=O)N4CCN(CC)CC4)ccc3OCC)nn12,0,0.0,None,0,G04BE09,VARDENAFIL
2092,CHEMBL1539,COc1ncnc(NS(=O)(=O)c2ccc(N)cc2)c1OC,0,0.0,None,0,None,SULFADOXINE
2093,CHEMBL1488,O=c1[nH]cc(N(CCCl)CCCl)c(=O)[nH]1,0,0.0,None,0,L01AD08,URACIL MUSTARD
2094,CHEMBL1519,CCOC(=O)C(CCc1ccccc1)NC(C)C(=O)N1C(C(=O)O)CC2CCCCC21,0,0.0,None,0,C09AA10,TRANDOLAPRIL
2095,CHEMBL1484,COC(=O)C1=C(C)NC(C)=C(C(=O)OCCN(C)Cc2ccccc2)C1c1cccc([N+](=O)[O-])c1,0,0.0,None,0,C08CA04,NICARDIPINE
2096,CHEMBL1483,CCCSc1ccc2nc(NC(=O)OC)[nH]c2c1,0,0.0,None,0,P02CA03,ALBENDAZOLE
2097,CHEMBL1538,CC(C)OC(=O)OCOP(=O)(COC(C)Cn1cnc2c(N)ncnc21)OCOC(=O)OC(C)C,0,0.0,None,0,J05AF07,TENOFOVIR DISOPROXIL
2098,CHEMBL1482,CC(C[N+](C)(C)C)OC(N)=O,0,0.0,None,0,N07AB02,BETHANECHOL
2099,CHEMBL1479,C#CC1(O)CCC2C3CCC4=Cc5oncc5CC4(C)C3CCC21C,0,0.0,None,0,G03XA01,DANAZOL
2100,CHEMBL1481,CCC1=C(C)CN(C(=O)NCCc2ccc(S(=O)(=O)NC(=O)NC3CCC(C)CC3)cc2)C1=O,0,0.0,None,0,A10BB12,GLIMEPIRIDE
2101,CHEMBL152,Nc1ccn(CC(CO)OCP(=O)(O)O)c(=O)n1,0,0.0,None,0,J05AB12,CIDOFOVIR
2102,CHEMBL154,COc1ccc2cc(C(C)C(=O)O)ccc2c1,0,0.0,None,0,"G02CC02, M01AE02, M02AA12",NAPROXEN
2103,CHEMBL1540,Nc1nc2c(ncn2CCC(CO)CO)c(=O)[nH]1,0,0.0,None,0,"D06BB06, J05AB13",PENCICLOVIR
2104,CHEMBL1480987,CC1CC(OC(=O)C(O)c2ccccc2)CC(C)(C)C1,0,0.0,None,0,C04AX01,CYCLANDELATE
2105,CHEMBL1474963,CCc1oc2ccccc2c1C(=O)c1ccc(O)cc1,1,1.0,1.0,None,None,BENZARONE
2106,CHEMBL1480,CCOC(=O)C1=C(C)NC(C)=C(C(=O)OC)C1c1cccc(Cl)c1Cl,0,0.0,None,0,C08CA02,FELODIPINE
2107,CHEMBL1998966,CC(=NO)c1ccc(OCC(=O)N2CCCCC2)cc1,1,1.0,1.0,None,None,PIFOXIME
2108,CHEMBL282052,Cc1ccccc1-n1c(C)nc2ccccc2c1=O,1,1.0,None,1,"N05CM01, N05CX02",METHAQUALONE
2109,CHEMBL1644,CC1=C(C(=O)O)N2C(=O)C(NC(=O)C(N)c3ccc(O)cc3)C2SC1,0,0.0,None,1,J01DB05,CEFADROXIL
2110,CHEMBL111,Cc1c(C(=O)NN2CCCCC2)nn(-c2ccc(Cl)cc2Cl)c1-c1ccc(Cl)cc1,1,1.0,1.0,0,A08AX01,RIMONABANT
2111,CHEMBL1500276,CCN(CC)CCOCCOC(=O)C(CC)(CC)c1ccccc1,1,None,1.0,1,R05DB09,OXELADIN
2112,CHEMBL6466,O=c1ccc2ccccc2o1,1,0.0,1.0,None,None,COUMARIN
2113,CHEMBL2105842,CC(=O)OCC(=O)C1(O)C(C)CC2C3C=C(C)C4=Cc5c(cnn5-c5ccccc5)CC4(C)C3C(O)CC21C,0,0.0,None,None,H02AB17,CORTIVAZOL
2114,CHEMBL468,O=C1CCC(N2C(=O)c3ccccc3C2=O)C(=O)N1,1,0.0,1.0,1,L04AX02,THALIDOMIDE
2115,CHEMBL370252,CC1CCc2cc(F)cc3c(=O)c(C(=O)O)cn1c23,1,None,1.0,1,J01MB07,FLUMEQUINE
2116,CHEMBL1184360,CCN(CC)CCOc1ccc2nc(N(C)C)sc2c1,1,1.0,1.0,1,D01AE17,DIAMTHAZOLE
2117,CHEMBL13280,CN1C(=O)CN=C(c2ccccc2F)c2cc([N+](=O)[O-])ccc21,1,1.0,1.0,0,N05CD03,FLUNITRAZEPAM
2118,CHEMBL2010412,C[n+]1c2cc(N)ccc2cc2ccc(N)cc21,0,0.0,None,None,None,ACRIFLAVINE
2119,CHEMBL2004297,CCN(CC)C(=S)SC(=S)N(CC)CC,0,0.0,None,None,None,SULFIRAM
2120,CHEMBL2104613,CC(C)(C)CC(C)(C)c1ccc(OCCOCCOCCOCCOCCOCCOCCO)cc1,0,0.0,None,None,None,OCTOXYNOL 9
2121,CHEMBL1024,O=P1(NCCCl)OCCCN1CCCl,0,0.0,None,0,L01AA06,IFOSFAMIDE
2122,CHEMBL1185568,CCN1C(=CC=CC=Cc2sc3ccccc3[n+]2CC)Sc2ccccc21,1,1.0,1.0,vet_approved,None,DITHIAZANINE
2123,CHEMBL1213351,CCC(=O)OC(Cc1ccccc1)(c1ccccc1)C(C)CN(C)C,1,1.0,1.0,1,N02AC04,PROPOXYPHENE
2124,CHEMBL45816,COCC(=O)OC1(CCN(C)CCCc2nc3ccccc3[nH]2)CCc2cc(F)ccc2C1C(C)C,1,1.0,None,1,C08CX01,MIBEFRADIL
2125,CHEMBL47,Cc1c(C)c2c(c(C)c1O)CCC(C)(CCCC(C)CCCC(C)CCCC(C)C)O2,1,None,1.0,0,None,VITAMIN E
2126,CHEMBL363295,CC(CC(c1ccccc1)c1ccccc1)NC(C)(C)C,1,1.0,1.0,None,G04BD05,TERODILINE
2127,CHEMBL1589896,Oc1ccc(C(O)CNCCCCCCNCC(O)c2ccc(O)c(O)c2)cc1O,0,None,None,1,"R03AC06, R03CC05",HEXOPRENALINE
2128,CHEMBL1200692,CCCc1nc(C(C)(C)O)c(C(=O)OCc2oc(=O)oc2C)n1Cc1ccc(-c2ccccc2-c2nnn[nH]2)cc1,0,0.0,None,None,C09CA08,OLMESARTAN MEDOXOMIL
2129,CHEMBL1256841,O=C(CCNNC(=O)c1ccncc1)NCc1ccccc1,1,1.0,1.0,1,N06AF02,NIALAMIDE
2130,CHEMBL776,CC(C)NCC(O)c1cc(O)cc(O)c1,1,0.0,1.0,0,"R03AB03, R03CB03",METAPROTERENOL
2131,CHEMBL2106939,CCCCCCNC(=N)NC(=N)N,0,0.0,None,None,D08AC05,POLIHEXANIDE
2132,CHEMBL85231,CN(C)CC(Oc1ccccc1)Oc1ccccc1,1,None,1.0,0,N06AX13,MEDIFOXAMINE
2133,CHEMBL1697856,CCOc1ccc(NC(=O)CC(C)O)cc1,1,1.0,1.0,1,"N02BE04, N02BE74, N02BE54",BUCETIN
2134,CHEMBL652,O=C(NCC1CCCCN1)c1cc(OCC(F)(F)F)ccc1OCC(F)(F)F,0,0.0,None,1,C01BC04,FLECAINIDE
2135,CHEMBL1200647,CC1C=CC=CC=CC=CC=CC=CC=CC(OC2OC(C)C(O)C(N)C2O)CC(O)C(C(=O)O)C(O)CC(=O)CC(O)CC(O)CC(O)CC(=O)CCCC(=O)CC(=O)OC1C(C)CC(C)C(O)CC(=O)c1ccc(N)cc1,0,0.0,None,1,G01AA04,CANDICIDIN
2136,CHEMBL2105002,CC(CC(C#N)(c1ccccc1)C(C)C)N(C)C,0,0.0,None,1,R05DB04,ISOAMINILE
2137,CHEMBL32479,Cc1nnc2n1-c1sc(Br)cc1C(c1ccccc1Cl)=NC2,0,None,None,1,N05CD09,BROTIZOLAM
2138,CHEMBL2110891,CN(C)C(C)(C)COC(=O)C(O)(c1ccccc1)c1ccccc1,1,None,1.0,experimental,None,CHEMBL2110891
2139,CHEMBL1909288,CC(=O)Oc1ccc(C2(c3ccc(OC(C)=O)cc3)C(=O)N(C(C)=O)c3ccccc32)cc1,1,1.0,1.0,None,None,TRIACETYLDIPHENOLISATIN
2140,CHEMBL1909289,CCOC(Nc1ccc(C(=O)O)cc1)C(=O)c1ccc(-c2ccccc2)cc1,1,1.0,1.0,None,None,XENAZOIC ACID
2141,CHEMBL305187,CC(C(O)c1ccc(O)cc1)N1CCC(Cc2ccccc2)CC1,0,0.0,None,1,C04AX28,IFENPRODIL
2142,CHEMBL2105735,C=CC1CC1(NC(=O)C1CC(Oc2ncc(OC)c3ccc(Cl)cc23)CN1C(=O)C(NC(=O)OC(C)(C)C)C(C)(C)C)C(=O)NS(=O)(=O)C1CC1,0,None,None,1,J05AP06,ASUNAPREVIR
2143,CHEMBL2105345,CCCOC(=O)Cc1ccc(OCC(=O)N(CC)CC)c(OC)c1,1,1.0,1.0,None,N01AX04,PROPANIDID
2144,CHEMBL292707,CC(C)Cc1ccc(C(C)C(=O)NO)cc1,0,None,None,1,M01AE13,IBUPROXAM
2145,CHEMBL2303617,C1CCN2CC3CC(CN4CCCCC34)C2C1,1,0.0,1.0,experimental,None,SPARTEINE SULFATE
2146,CHEMBL1075,CCOC(=O)Nc1ccc2c(c1)N(C(=O)CCN1CCOCC1)c1ccccc1S2,0,0.0,None,1,C01BG01,MORICIZINE
2147,CHEMBL2146161,CC1=CC(O)CC(=O)Cc2nc(co2)C(=O)N2CCC=C2C(=O)OC(C(C)C)C(C)C=CC(=O)NCC=C1,0,0.0,None,experimental,J01FG01,MIKAMYCIN
2148,CHEMBL3301845,CC(CCc1ccc2c(c1)OCO2)NN,0,None,None,1,None,SAFRAZINE
2149,CHEMBL254832,CC(NCCC(c1ccccc1)c1ccccc1)c1ccccc1,0,None,None,1,C08EA01,FENDILINE
2150,CHEMBL2303613,CON=C(C(=O)NC1C(=O)N2C(C(=O)O)=C(CSc3nc(C)c(CC(=O)O)s3)CSC12)c1csc(N)n1,0,0.0,None,None,J01DD09,CEFODIZIME
2151,CHEMBL1442422,CN(C)CCN1C(=O)c2ccccc2N(C)c2ccccc21,1,0.0,1.0,0,N06AA08,DIBENZEPIN
2152,CHEMBL288470,Cc1c(N(C)C)c(=O)n(-c2ccccc2)n1C,1,1.0,1.0,1,"N02BB03, N02BB73, N02BB53",AMINOPYRINE
2153,CHEMBL1497,CCCCC(=O)OC1(C(=O)CO)C(C)CC2C3CCC4=CC(=O)C=CC4(C)C3(F)C(O)CC21C,0,0.0,None,None,"A07EA04, C05AA05, D07AC01, D07XC01, H02AB01, R01AD06, R03BA04, S01BA06, S01CB04, S02BA07, S03BA03",BETAMETHASONE VALERATE
2154,CHEMBL2106941,CC(C)(C)C(=O)NNCc1ccccc1,0,None,None,1,None,PIVHYDRAZINE
2155,CHEMBL1197,CC(CNC1CCCCC1)OC(=O)c1ccccc1,0,0.0,None,1,None,HEXYLCAINE
2156,CHEMBL2104537,COc1cc(C(=O)OC(COCCC(C)C)CN2CCOCC2)cc(OC)c1OC,1,1.0,1.0,None,None,AMOPROXAN
2157,CHEMBL315838,COc1ccc(C(=O)Nc2ccccc2CCC2CCCCN2C)cc1,1,1.0,1.0,1,C01BC08,ENCAINIDE
2158,CHEMBL7728,CN1C(=O)NC(=O)C(C)(C2=CCCCC2)C1=O,1,None,1.0,experimental,"N01AF02, N05CA16",HEXOBARBITAL
2159,CHEMBL1479848,CC(=O)Oc1cc(C)c(OC(C)=O)c2ccccc12,0,0.0,None,None,None,ACETOMENAPHTHONE
2160,CHEMBL315795,Cc1ncsc1CCCl,0,0.0,None,None,"N05CM02, N05CX04",CLOMETHIAZOLE
2161,CHEMBL1625607,CN1CCc2c(c3ccccc3n2Cc2ccccc2)C1,0,0.0,None,None,R06AX15,MEBHYDROLIN
2162,CHEMBL279516,O=C(NC1CCN(CCc2c[nH]c3ccccc23)CC1)c1ccccc1,1,0.0,1.0,1,C02CA02,INDORAMIN
2163,CHEMBL2107360,CCCCCCCCCCCCCCCC(=O)OC1CCCn2c1nc(C)c(CCN1CCC(c3noc4cc(F)ccc34)CC1)c2=O,0,0.0,None,None,None,PALIPERIDONE PALMITATE
2164,CHEMBL51,O=C(c1ccc(F)cc1)C1CCN(CCn2c(=O)[nH]c3ccccc3c2=O)CC1,0,0.0,None,None,C02KD01,KETANSERIN
2165,CHEMBL1200878,CC(C)(C)CC(=O)OCC(=O)C12OC(C)(C)OC1CC1C3CCC4=CC(=O)C=CC4(C)C3(F)C(O)CC12C,0,0.0,None,None,"A01AC01, C05AA12, D07AB09, D07XB02, H02AB08, R01AD11, R03BA06, S01BA05",TRIAMCINOLONE HEXACETONIDE
2166,CHEMBL2106988,CC(=O)OCOC(=O)C1N2C(=O)C(NC(=O)Cc3ccccc3)C2SC1(C)C,0,0.0,None,None,J01CE06,PENAMECILLIN
2167,CHEMBL2107004,CC12CCC3c4ccc(OC5CCCC5)cc4CCC3C1CC(O)C2O,0,0.0,None,None,None,QUINESTRADOL
2168,CHEMBL3547132,NC(Cc1cc(O)c(O)cc1F)C(=O)O,0,0.0,None,None,None,FLUORODOPA
2169,CHEMBL1697851,CC(=O)OCCN1CCN(CCCN2c3ccccc3Sc3ccc(Cl)cc32)CC1,0,0.0,None,None,N05AB05,THIOPROPAZATE
2170,CHEMBL1200986,CCCCCCCCCC(=O)OC1(c2ccc(Cl)cc2)CCN(CCCC(=O)c2ccc(F)cc2)CC1,0,0.0,None,None,N05AD01,HALOPERIDOL DECANOATE
2171,CHEMBL530,CC1(C)SC2C(N=CN3CCCCCC3)C(=O)N2C1C(=O)O,0,0.0,None,1,J01CA11,AMDINOCILLIN
2172,CHEMBL850,CC1CN(c2c(F)c(N)c3c(=O)c(C(=O)O)cn(C4CC4)c3c2F)CC(C)N1,1,1.0,1.0,1,J01MA09,SPARFLOXACIN
2173,CHEMBL604608,OCC1OC(O)(CO)C(O)C1O,0,0.0,None,None,V06DC02,FRUCTOSE
2174,CHEMBL64195,O=C(CCCl)NCc1ccccc1,0,0.0,None,None,N03AX30,BECLAMIDE
2175,CHEMBL116943,C1CCc2nnnn2CC1,1,None,1.0,experimental,"R07AB03, R07AB53",PENTYLENETETRAZOL
2176,CHEMBL75880,C1CCC(C(CC2CCCCN2)C2CCCCC2)CC1,1,1.0,None,0,C08EX02,PERHEXILINE
2177,CHEMBL21869,O=C(Nc1ccc(Br)cc1)c1cc(Br)ccc1O,1,1.0,None,None,None,DIBROMSALAN
2178,CHEMBL1201328,CCC(=O)c1ccc2c(c1)N(CCCN1CCN(CCO)CC1)c1ccccc1S2,0,0.0,None,1,None,CARPHENAZINE
2179,CHEMBL752,Nc1ncnc2c1ncn2C1OC(COP(=O)(O)O)C(O)C1O,1,1.0,1.0,0,C01EB10,ADENOSINE PHOSPHATE
2180,CHEMBL53418,O=C1c2cccc(O)c2C(=O)c2c(O)cccc21,1,1.0,1.0,1,"A06AB03, A06AB53",DANTHRON
2181,CHEMBL531,CCCN1CC(CSC)CC2c3cccc4[nH]cc(c34)CC21,1,1.0,1.0,1,N04BC02,PERGOLIDE
2182,CHEMBL19490,Cc1cc(CC(=O)O)n(C)c1C(=O)c1ccc(Cl)cc1,1,1.0,1.0,1,M01AB04,ZOMEPIRAC
2183,CHEMBL187709,CCN(CC)CCOc1ccc(C(O)(Cc2ccc(Cl)cc2)c2ccc(C)cc2)cc1,1,1.0,1.0,None,None,TRIPARANOL
2184,CHEMBL188952,CC(C(=O)O)c1ccc(N2CC=CC2)c(Cl)c1,1,1.0,1.0,None,M01AE08,PIRPROFEN
2185,CHEMBL1201116,CC1(C)SC2C(N3C(=O)C(c4ccccc4)NC3(C)C)C(=O)N2C1C(=O)O,0,0.0,None,1,J01CA18,HETACILLIN
2186,CHEMBL1909072,NC(=O)C1CCN(CCCN2c3ccccc3Sc3ccc(Cl)cc32)CC1,1,1.0,1.0,None,None,PIPAMAZINE
2187,CHEMBL2105458,CN1CCC(N(Cc2cccs2)c2ccccc2)CC1,1,1.0,1.0,1,"D04AA03, R06AX03, R06AX53",THENALIDINE
2188,CHEMBL444,CCC1(CC)C(=O)NC(=O)NC1=O,0,0.0,None,None,N05CA04,BARBITAL
2189,CHEMBL20,CC(=O)Nc1nnc(S(N)(=O)=O)s1,0,0.0,None,0,S01EC01,ACETAZOLAMIDE
2190,CHEMBL1037,NC(N)=NCC1COC2(CCCCC2)O1,0,0.0,None,0,None,GUANADREL
2191,CHEMBL1511,CCCCC(=O)OC1CCC2C3CCc4cc(O)ccc4C3CCC12C,0,0.0,None,0,"G03CA03, G03CA53",ESTRADIOL VALERATE
2192,CHEMBL1530581,c1ccc2sc(SN3CCOCC3)nc2c1,0,None,None,0,None,CHEMBL1530581
2193,CHEMBL15245,COC(=O)C1C(O)CCC2CN3CCc4c([nH]c5ccccc45)C3CC21,0,0.0,None,0,G04BE04,YOHIMBINE
2194,CHEMBL152408,CN1CCC(=C2c3ccccc3Sc3ccccc32)CC1,0,None,None,0,R06AX23,PIMETHIXENE
2195,CHEMBL314854,CCCCCCCCc1ccc(CCC(N)(CO)CO)cc1,0,0.0,None,0,L04AA27,FINGOLIMOD
2196,CHEMBL1518,CCCc1cc(=O)[nH]c(=S)[nH]1,0,0.0,None,0,H03BA02,PROPYLTHIOURACIL
2197,CHEMBL3183117,O=C(O)CNC(=O)CNC(=O)CNC(=O)CSC(=O)c1ccccc1,0,None,None,0,None,CHEMBL3183117
2198,CHEMBL3184437,OCc1ccc(Cl)cc1Cl,0,0.0,None,0,R02AA03,DICHLOROBENZYL ALCOHOL
2199,CHEMBL1510,CN1CCCC1Cc1c[nH]c2ccc(CCS(=O)(=O)c3ccccc3)cc12,0,0.0,None,0,N02CC06,ELETRIPTAN
2200,CHEMBL3085436,N=C1NC(O)CC(C2NC(=O)C(=CNC(N)=O)NC(=O)C(CO)NC(=O)C(CO)NC(=O)C(NC(=O)CC(N)CCCN)CNC2=O)N1,0,0.0,None,0,None,VIOMYCIN
2201,CHEMBL3188267,CNC(=O)c1ccc(-c2cnc3ncc(Cc4ccc5ncccc5c4)n3n2)cc1F,0,0.0,None,0,L01EX17,CAPMATINIB
2202,CHEMBL1505,CN(C)CCc1c[nH]c2ccc(CS(=O)(=O)N3CCCC3)cc12,0,0.0,None,0,N02CC05,ALMOTRIPTAN
2203,CHEMBL323668,COc1cc2c(c(OC)c1OC)-c1ccc(O)c(=O)cc1C(NC(C)=O)CC2,0,None,None,0,None,CHEMBL323668
2204,CHEMBL325372,COC(=O)c1ccc(O)cc1,0,None,None,0,None,METHYLPARABEN
2205,CHEMBL328190,Oc1ccc2c(c1)CCC(c1ccccc1)C2c1ccc(OCCN2CCCC2)cc1,0,0.0,None,0,G03XC03,LASOFOXIFENE
2206,CHEMBL328560,NS(=O)(=O)c1ccc(N2CCCCS2(=O)=O)cc1,0,0.0,None,0,N03AX03,SULTHIAME
2207,CHEMBL3286830,CC1Oc2cc(cnc2N)-c2c(nn(C)c2C#N)CN(C)C(=O)c2ccc(F)cc21,0,0.0,None,0,L01ED05,LORLATINIB
2208,CHEMBL3099695,N#Cc1ccc(C2CCc3cncn32)c(F)c1,0,0.0,None,0,H02CA02,OSILODROSTAT
2209,CHEMBL305660,CC(C)(C)c1ccc(C(=O)CCCN2CCC(OC(c3ccccc3)c3ccccc3)CC2)cc1,0,None,None,0,R06AX22,EBASTINE
2210,CHEMBL1370,CCCC1OC2CC3C4CCC5=CC(=O)C=CC5(C)C4C(O)CC3(C)C2(C(=O)CO)O1,0,0.0,None,0,"A07EA06, D07AC09, R01AD05, R03BA02",BUDESONIDE
2211,CHEMBL158,CC1C(NC(=O)C(=NOC(C)(C)C(=O)O)c2csc(N)n2)C(=O)N1S(=O)(=O)O,0,0.0,None,0,J01DF01,AZTREONAM
2212,CHEMBL159776,CC(C)N(CCNC(=O)CN1CCCC1=O)C(C)C,0,None,None,0,N06BX16,PRAMIRACETAM
2213,CHEMBL277522,O=C(O)CCC(=O)c1ccc(-c2ccccc2)cc1,0,0.0,None,0,M01AE05,FENBUFEN
2214,CHEMBL278623,CC(C)(N)C(=O)NC(Cc1c[nH]c2ccccc12)C(=O)NC(Cc1c[nH]c2ccccc12)NC=O,0,0.0,None,0,V04CD06,MACIMORELIN
2215,CHEMBL1591,CN(C)C1C(=O)C(C(N)=O)C(=O)C2(O)C(=O)C3C(=O)c4c(O)ccc(Cl)c4C(O)C3CC12,0,0.0,None,0,"D06AA01, J01AA01",DEMECLOCYCLINE
2216,CHEMBL1585,O=C(CCBr)N1CCN(C(=O)CCBr)CC1,0,0.0,None,0,L01AX02,PIPOBROMAN
2217,CHEMBL286796,CCOC(=O)C=Cc1ccc(O)c(OC)c1,0,None,None,0,None,ETHYL FERULATE
2218,CHEMBL1580,OCC1OC(n2cnc3c2N=CNCC3O)CC1O,0,0.0,None,0,L01XX08,PENTOSTATIN
2219,CHEMBL29,CC1(C)SC2C(NC(=O)Cc3ccccc3)C(=O)N2C1C(=O)O,0,0.0,None,0,"J01CE01, S01AA14",BENZYLPENICILLIN
2220,CHEMBL1542,Cn1cnc([N+](=O)[O-])c1Sc1ncnc2nc[nH]c12,0,0.0,None,0,L04AX01,AZATHIOPRINE
2221,CHEMBL1574,CC(C)(N)Cc1ccccc1,0,0.0,None,0,A08AA01,PHENTERMINE
2222,CHEMBL290962,CCCN1CC(NS(=O)(=O)N(CC)CC)CC2Cc3c(O)cccc3CC21,0,None,None,0,G02CB04,QUINAGOLIDE
2223,CHEMBL157138,CCN(CC)C(=O)NC1C=C2c3cccc4[nH]cc(c34)CC2N(C)C1,0,0.0,None,0,"G02CB02, N02CA07",LISURIDE
2224,CHEMBL294951,CN1CCC(=C2c3ccccc3CCc3sccc32)CC1,0,None,None,0,N02CX01,PIZOTYLINE
2225,CHEMBL1569487,CN1C(C(=O)Nc2ccccn2)C(=O)c2sc(Cl)cc2S1(=O)=O,0,0.0,None,0,M01AC05,LORNOXICAM
2226,CHEMBL1566,CC1OC(OC2C(CO)OC(OC(C(O)CO)C(O)C(O)C=O)C(O)C2O)C(O)C(O)C1NC1C=C(CO)C(O)C(O)C1O,0,None,None,0,A10BF01,ACARBOSE
2227,CHEMBL3,CN1CCCC1c1cccnc1,0,0.0,None,0,N07BA01,NICOTINE
2228,CHEMBL3301594,COc1cnc(-n2cnc(C)n2)c2c1c(C(=O)C(=O)N1CCN(C(=O)c3ccccc3)CC1)cn2COP(=O)(O)O,0,0.0,None,0,J05AX29,FOSTEMSAVIR
2229,CHEMBL1492,CN1CCC(OC(c2ccccc2)c2ccccc2)CC1,0,0.0,None,0,"R06AA07, R06AA57",DIPHENYLPYRALINE
2230,CHEMBL3301612,COC(=O)NC(C)CNc1nccc(-c2cn(C(C)C)nc2-c2cc(Cl)cc(NS(C)(=O)=O)c2F)n1,0,0.0,None,0,L01EC03,ENCORAFENIB
2231,CHEMBL3989859,CC(=O)Oc1c(C)c(C)c2c(c1C)CCC(C)(CCCC(C)CCCC(C)CCCC(C)C)O2,0,0.0,None,0,None,TOCOPHEROL ACETATE
2232,CHEMBL376140,CN(C)c1cc(NC(=O)CNC(C)(C)C)c(O)c2c1CC1CC3C(N(C)C)C(=O)C(C(N)=O)C(=O)C3(O)C(=O)C1C2=O,0,0.0,None,0,J01AA12,TIGECYCLINE
2233,CHEMBL382301,CCOc1ccc(CC2NC(=O)CCSSCC(C(=O)N3CCCC3C(=O)NC(CCCN)C(=O)NCC(N)=O)NC(=O)C(CC(N)=O)NC(=O)C(C(C)O)NC(=O)C(C(C)CC)NC2=O)cc1,0,0.0,None,0,G02CX01,ATOSIBAN
2234,CHEMBL1408862,O=[N+]([O-])C(Br)(CO)CO,0,None,None,0,None,BRONOPOL
2235,CHEMBL388751,OCC(O)COc1ccc(Cl)cc1,0,None,None,0,None,CHEMBL388751
2236,CHEMBL3989506,CN(C)CCOCC(=O)NC12CC3CC(CC(C3)C1)C2,0,None,None,0,"D06BB02, J05AC03",TROMANTADINE
2237,CHEMBL139,O=C(O)Cc1ccccc1Nc1c(Cl)cccc1Cl,0,0.0,None,0,"D11AX18, M01AB05, M02AA15, S01BC03, M01AB55",DICLOFENAC
2238,CHEMBL3989850,CC1(C)C2CCC1(CS(=O)(=O)O)C(=O)C2=Cc1ccc(C=C2C(=O)C3(CS(=O)(=O)O)CCC2C3(C)C)cc1,0,0.0,None,0,None,ECAMSULE
2239,CHEMBL1382,Cc1ccc(O)c(C(CCN(C(C)C)C(C)C)c2ccccc2)c1,0,0.0,None,0,G04BD07,TOLTERODINE
2240,CHEMBL3301624,CC(=O)NC(CCCN=C(N)N)C(=O)NC1CSSCC(C(N)=O)NC(=O)C(Cc2c[nH]c3ccccc23)NC(=O)C(CCCN=C(N)N)NC(=O)C(Cc2ccccc2)NC(=O)C(Cc2cnc[nH]2)NC(=O)C(C)NC1=O,0,0.0,None,0,None,SETMELANOTIDE
2241,CHEMBL1380,Nc1nc(NC2CC2)c2ncn(C3C=CC(CO)C3)c2n1,0,0.0,None,0,J05AF06,ABACAVIR
2242,CHEMBL1377575,CC1CC(OC(=O)c2ccccc2O)CC(C)(C)C1,0,None,None,0,None,HOMOSALATE
2243,CHEMBL4,CC1COc2c(N3CCN(C)CC3)c(F)cc3c(=O)c(C(=O)O)cn1c23,0,0.0,None,0,"J01MA01, S01AE01, S02AA16",OFLOXACIN
2244,CHEMBL403,CC1(C)C(C(=O)O)N2C(=O)CC2S1(=O)=O,0,0.0,None,0,J01CG01,SULBACTAM
2245,CHEMBL13766,COc1ccccc1O,0,None,None,0,None,GUAIACOL
2246,CHEMBL404520,CN(C)C1C(=O)C(C(N)=O)C(=O)C2(O)C(=O)C3C(=O)c4c(O)ccc(Cl)c4C(C)(O)C3CC12,0,0.0,None,0,"D06AA02, J01AA03, S01AA02, A01AB21",CHLORTETRACYCLINE
2247,CHEMBL1372950,COC12CC(COC(=O)c3cncc(Br)c3)CN(C)C1Cc1cn(C)c3cccc2c13,0,0.0,None,0,C04AE02,NICERGOLINE
2248,CHEMBL3707377,C=C1CC2C3CCC4=CC(=O)CCC4C3CCC2(C)C1(OC(C)=O)C(C)=O,0,0.0,None,0,None,SEGESTERONE ACETATE
2249,CHEMBL3707372,CCC1C2CN(C(=O)C(C(C)(C)C)NC(=O)OC3CC3CCCCC(F)(F)c3nc4ccc(OC)cc4nc3O2)C1C(=O)NC1(C(=O)NS(=O)(=O)C2(C)CC2)CC1C(F)F,0,0.0,None,0,None,VOXILAPREVIR
2250,CHEMBL1435,Cc1nnc(SCC2=C(C(=O)O)N3C(=O)C(NC(=O)Cn4cnnn4)C3SC2)s1,0,0.0,None,0,J01DB04,CEFAZOLIN
2251,CHEMBL3707331,CC(OCC1(c2ccccc2)CCC2(CCC(=O)N2)CN1)c1cc(C(F)(F)F)cc(C(F)(F)F)c1,0,0.0,None,0,A04AD14,ROLAPITANT
2252,CHEMBL1487,CC(C)c1c(C(=O)Nc2ccccc2)c(-c2ccccc2)c(-c2ccc(F)cc2)n1CCC(O)CC(O)CC(=O)O,0,0.0,None,0,C10AA05,ATORVASTATIN
2253,CHEMBL3304485,CN1Cc2c(Cl)cc(Cl)cc2C(c2cccc(S(=O)(=O)NCCOCCOCCNC(=O)NCCCCNC(=O)NCCOCCOCCNS(=O)(=O)c3cccc(C4CN(C)Cc5c(Cl)cc(Cl)cc54)c3)c2)C1,0,0.0,None,0,A06AX08,TENAPANOR
2254,CHEMBL148,CC(O)C1C(=O)N2C(C(=O)O)=C(SCCN=CN)CC12,0,0.0,None,0,None,IMIPENEM
2255,CHEMBL3391662,Cc1cnc(C(=O)NC2CCCCCC=CC3CC3(C(=O)NS(=O)(=O)C3CC3)NC(=O)C3CC(Oc4nc5ccccc5c5ccccc45)CN3C2=O)cn1,0,0.0,None,0,None,PARITAPREVIR
2256,CHEMBL33986,Oc1ccc2c(c1)C13CCCCC1(O)C(C2)N(CC1CCC1)CC3,0,0.0,None,0,N02AF01,BUTORPHANOL
2257,CHEMBL1477036,CCCCC(CC)COC(=O)CC(C(=O)OCC(CC)CCCC)S(=O)(=O)O,0,0.0,None,0,None,DOCUSATE
2258,CHEMBL1476022,CC(=O)OC1(C(C)=O)CCC2C3C=C(C)C4=CC(=O)CCC4C3CCC21C,0,None,None,0,G03DB04,NOMEGESTROL ACETATE
2259,CHEMBL1456,COc1c(C)c2c(c(O)c1CC=C(C)CCC(=O)OCCN1CCOCC1)C(=O)OC2,0,0.0,None,0,L04AA06,MYCOPHENOLATE MOFETIL
2260,CHEMBL3545123,COC(=O)NC(C(=O)N1CCCC1c1nc2cc(C3CCC(c4cc5nc(C6CCCN6C(=O)C(NC(=O)OC)C(C)OC)[nH]c5cc4F)N3c3cc(F)c(N4CCC(c5ccc(F)cc5)CC4)c(F)c3)c(F)cc2[nH]1)C(C)OC,0,0.0,None,0,None,PIBRENTASVIR
2261,CHEMBL1455,CN(C)c1nc(N(C)C)nc(N(C)C)n1,0,0.0,None,0,L01XX03,ALTRETAMINE
2262,CHEMBL3545313,CC(C)(CCCCCC(O)CCCCCC(C)(C)C(=O)O)C(=O)O,0,0.0,None,0,C10AX15,BEMPEDOIC ACID
2263,CHEMBL3545985,CC(Cc1ccccc1)N(C)Cc1ccccc1,0,0.0,None,0,None,BENZPHETAMINE
2264,CHEMBL1444,N#Cc1ccc(C(c2ccc(C#N)cc2)n2cncn2)cc1,0,0.0,None,0,L02BG04,LETROZOLE
2265,CHEMBL365795,CC(C(=O)O)c1ccc(C(=O)c2ccccc2)s1,0,0.0,None,0,M01AE11,TIAPROFENIC ACID
2266,CHEMBL36715,NC(=O)CN1CCCC1=O,0,0.0,None,0,N06BX03,PIRACETAM
2267,CHEMBL276832,NNc1nncc2ccccc12,0,0.0,None,0,C02DB02,HYDRALAZINE
2268,CHEMBL16,O=C1NC(=O)C(c2ccccc2)(c2ccccc2)N1,0,0.0,None,0,"N03AB02, N03AB52",PHENYTOIN
2269,CHEMBL160,CC=CCC(C)C(O)C1C(=O)NC(CC)C(=O)N(C)CC(=O)N(C)C(CC(C)C)C(=O)NC(C(C)C)C(=O)N(C)C(CC(C)C)C(=O)NC(C)C(=O)NC(C)C(=O)N(C)C(CC(C)C)C(=O)N(C)C(CC(C)C)C(=O)N(C)C(C(C)C)C(=O)N1C,0,0.0,None,0,"S01XA18, L04AD01",CYCLOSPORINE
2270,CHEMBL1757,CC1OC1P(=O)(O)O,0,0.0,None,0,J01XX01,FOSFOMYCIN
2271,CHEMBL2105669,Cn1nnc(-c2ccc(-c3ccc(N4CC(COP(=O)(O)O)OC4=O)cc3F)cn2)n1,0,0.0,None,0,J01XX11,TEDIZOLID PHOSPHATE
2272,CHEMBL2105759,CCS(=O)(=O)N1CC(CC#N)(n2cc(-c3ncnc4[nH]ccc34)cn2)C1,0,0.0,None,0,L04AA37,BARICITINIB
2273,CHEMBL178862,COc1ccc(-c2cc(=S)ss2)cc1,0,None,None,0,A16AX02,ANETHOLTRITHION
2274,CHEMBL1788393,CCOCCN(Cc1ccc(Oc2ccc([N+](=O)[O-])cc2)cc1)C(=O)C(Cl)Cl,0,None,None,0,P01AC03,ETOFAMIDE
2275,CHEMBL2106441,CNC(=S)NCO,0,0.0,None,0,B05CA07,NOXYTIOLIN
2276,CHEMBL1766,CC1CC2C3CCC4=CC(=O)C=CC4(C)C3(F)C(O)CC2(C)C1C(=O)CO,0,0.0,None,0,"D07AC03, D07XC02",DESOXIMETASONE
2277,CHEMBL1762,Cc1cccc(C)c1NC(=O)C(C)N,0,0.0,None,0,C01BB03,TOCAINIDE
2278,CHEMBL1755,Cc1nc2c([nH]1)CCN(C(=O)c1ccc(NC(=O)c3ccccc3-c3ccccc3)cc1)c1ccccc1-2,0,0.0,None,0,C03XA02,CONIVAPTAN
2279,CHEMBL220491,CCNC1CN(CCCOC)S(=O)(=O)c2sc(S(N)(=O)=O)cc21,0,0.0,None,0,"S01EC04, S01EC54",BRINZOLAMIDE
2280,CHEMBL2107826,O=C(Nc1ccc(CC2CCC(C(O)c3ccccc3)N2)cc1)C1CCc2nccc(=O)n21,0,None,None,0,None,VIBEGRON
2281,CHEMBL2110725,CCC12C=CCN3CCC4(c5cc(C6(C(=O)OC)CC7CC(C(C)(F)F)CN(Cc8c6[nH]c6ccccc86)C7)c(OC)cc5N(C)C4C(O)(C(=O)OC)C1OC(C)=O)C32,0,0.0,None,0,L01CA05,VINFLUNINE
2282,CHEMBL2110938,OC(c1ccccc1)(c1ccccc1)C1CCCCN1,0,None,None,0,N06BX15,PIPRADROL
2283,CHEMBL2135460,NCCCCC(NC(=O)C1CCCN1C(=O)C1CSSCC(NC(=O)CNC(=O)CNC(=O)CN)C(=O)NC(Cc2ccc(O)cc2)C(=O)NC(Cc2ccccc2)C(=O)NC(CCC(N)=O)C(=O)NC(CC(N)=O)C(=O)N1)C(=O)NCC(N)=O,0,0.0,None,0,H01BA04,TERLIPRESSIN
2284,CHEMBL174,CC1(C)SC2C(NC(=O)C(N)c3ccccc3)C(=O)N2C1C(=O)O,0,0.0,None,0,"J01CA01, S01AA19, J01CA51",AMPICILLIN
2285,CHEMBL21731,CNCCCC12CCC(c3ccccc31)c1ccccc12,0,0.0,None,0,N06AA21,MAPROTILINE
2286,CHEMBL1738797,CCc1cc2c(cc1N1CCC(N3CCOCC3)CC1)C(C)(C)c1[nH]c3cc(C#N)ccc3c1C2=O,0,0.0,None,0,L01ED03,ALECTINIB
2287,CHEMBL2105637,Nc1nc(-n2cc(C(=O)O)c(=O)c3cc(F)c(N4CC(O)C4)c(Cl)c32)c(F)cc1F,0,0.0,None,0,J01MA23,DELAFLOXACIN
2288,CHEMBL2105420,O=S1(=O)CCN(CN2CCS(=O)(=O)NC2)CN1,0,0.0,None,0,B05CA05,TAUROLIDINE
2289,CHEMBL2105395,OCCOc1ccc(C(=C(CCCl)c2ccccc2)c2ccccc2)cc1,0,0.0,None,0,G03XC05,OSPEMIFENE
2290,CHEMBL2105322,O=C(O)CSC(SCC(=O)O)SCC(=O)O,0,None,None,0,R01AX05,RITIOMETAN
2291,CHEMBL1987518,O=S(=O)(O)c1ccc2nc(-c3ccccc3)[nH]c2c1,0,None,None,0,None,ENSULIZOLE
2292,CHEMBL1983268,CN1CCN(c2ccc(C(=O)Nc3n[nH]c4ccc(Cc5cc(F)cc(F)c5)cc34)c(NC3CCOCC3)c2)CC1,0,0.0,None,0,L01EX14,ENTRECTINIB
2293,CHEMBL2042122,CNc1ccc(-c2nc3ccc(O)cc3s2)cc1[18F],0,0.0,None,0,V09AX04,FLUTEMETAMOL F 18
2294,CHEMBL2048028,CS(=O)(=O)c1cccc(CC(NC(=O)c2c(Cl)cc3c(c2Cl)CCN(C(=O)c2ccc4ccoc4c2)C3)C(=O)O)c1,0,0.0,None,0,S01XA25,LIFITEGRAST
2295,CHEMBL19224,COc1ccc(Cc2nccc3cc(OC)c(OC)cc23)cc1OC,0,0.0,None,0,"A03AD01, G04BE02, G04BE52",PAPAVERINE
2296,CHEMBL207602,CCCCCCCCCCCCCC(=O)OC(C)C,0,None,None,0,None,ISOPROPYL MYRISTATE
2297,CHEMBL2095212,Nc1nc(CC(=O)Nc2ccc(CCNCC(O)c3ccccc3)cc2)cs1,0,0.0,None,0,G04BD12,MIRABEGRON
2298,CHEMBL1907001,CCCCCCCCCCCC[N+](C)(C)Cc1ccccc1,0,None,None,0,D09AA05,BENZODODECINIUM
2299,CHEMBL2103837,O=C(O)c1ccc2nc(-c3cc(Cl)cc(Cl)c3)oc2c1,0,0.0,None,0,N07XX08,TAFAMIDIS
2300,CHEMBL2103846,CC(=O)C1(O)CCC2C3CCC4=CC(=O)CCC4=C3C(c3ccc(N(C)C)cc3)CC21C,0,0.0,None,0,"G03AD02, G03XB02",ULIPRISTAL
2301,CHEMBL2103867,CC(C)CC(NC(=O)C1CSSCC2NC(=O)C(CC(C)C)NC(=O)C(CCC(=O)O)NC(=O)C(NC(=O)C(CCC(=O)O)NC(=O)C(CC(=O)O)NC(=O)C(N)CC(N)=O)CSSCC(NC(=O)C(C)NC(=O)C(C(C)C)NC(=O)C(CC(N)=O)NC(=O)C(C(C)C)NC2=O)C(=O)NC(C(C)O)C(=O)NCC(=O)N1)C(=O)O,0,0.0,None,0,A06AX07,PLECANATIDE
2302,CHEMBL2103873,CCCNS(=O)(=O)Nc1ncnc(OCCOc2ncc(Br)cn2)c1-c1ccc(Br)cc1,0,0.0,None,0,C02KX04,MACITENTAN
2303,CHEMBL2103875,CC(=O)Nc1cccc(-n2c(=O)n(C3CC3)c(=O)c3c(Nc4ccc(I)cc4F)n(C)c(=O)c(C)c32)c1,0,0.0,None,0,L01EE01,TRAMETINIB
2304,CHEMBL2104261,Cc1ccc(C=C2C(=O)C3(C)CCC2C3(C)C)cc1,0,None,None,0,None,ENZACAMENE
2305,CHEMBL2104956,CCCCC(CC)COc1ccc(-c2nc(-c3ccc(OC)cc3)nc(-c3ccc(OCC(CC)CCCC)cc3O)n2)c(O)c1,0,None,None,0,None,BEMOTRIZINOL
2306,CHEMBL219916,O=c1[nH]c2ccccc2n1CCCN1CCC(n2c(=O)[nH]c3cc(Cl)ccc32)CC1,0,0.0,None,0,A03FA03,DOMPERIDONE
2307,CHEMBL220492,CC1(C)OC2COC3(COS(N)(=O)=O)OC(C)(C)OC3C2O1,0,0.0,None,0,N03AX11,TOPIRAMATE
2308,CHEMBL267345,CC1C=CC=CC=CC=CC=CC=CC=CC(OC2OC(C)C(O)C(N)C2O)CC2OC(O)(CC(O)CC(O)C(O)CCC(O)CC(O)CC(=O)OC(C)C(C)C1O)CC(O)C2C(=O)O,0,0.0,None,0,"A01AB04, A07AA07, G01AA03, J02AA01",AMPHOTERICIN B
2309,CHEMBL254219,CC1OC(OC2C(O)CC(OC3C(O)CC(OC4CCC5(C)C(CCC6C5CCC5(C)C(C7=CC(=O)OC7)CCC65O)C4)OC3C)OC2C)CC(O)C1O,0,0.0,None,0,C01AA04,DIGITOXIN
2310,CHEMBL163,CC(C)c1nc(CN(C)C(=O)NC(C(=O)NC(Cc2ccccc2)CC(O)C(Cc2ccccc2)NC(=O)OCc2cncs2)C(C)C)cs1,0,0.0,None,0,J05AE03,RITONAVIR
2311,CHEMBL2403238,CC1COC2Cn3cc(C(=O)NCc4ccc(F)cc4F)c(=O)c(O)c3C(=O)N12,0,None,None,0,J05AJ04,CABOTEGRAVIR
2312,CHEMBL24147,Oc1cccc(O)c1,0,0.0,None,0,"D10AX02, S01AX06",RESORCINOL
2313,CHEMBL1626223,CN1CCCN=C1C=Cc1cccs1,0,0.0,None,0,P02CC01,PYRANTEL
2314,CHEMBL1623,Cc1cccc(CN2CCN(C(c3ccccc3)c3ccc(Cl)cc3)CC2)c1,0,0.0,None,0,"R06AE05, R06AE55",MECLIZINE
2315,CHEMBL252556,COC1=C(OC)C(=O)C(CCCCCCCCCCCCO)=C(C)C1=O,0,0.0,None,0,N06BX13,IDEBENONE
2316,CHEMBL1618018,CN1C2CCC1CC(OC(=O)C(O)c1ccccc1)C2,0,0.0,None,0,S01FA05,HOMATROPINE
2317,CHEMBL254316,Cc1nnc(C(=O)NC(C)(C)c2nc(C(=O)NCc3ccc(F)cc3)c(O)c(=O)n2C)o1,0,0.0,None,0,J05AJ01,RALTEGRAVIR
2318,CHEMBL1730,CON=C(C(=O)NC1C(=O)N2C(C(=O)O)=C(COC(C)=O)CSC12)c1csc(N)n1,0,0.0,None,0,J01DD01,CEFOTAXIME
2319,CHEMBL254328,CC12CCC(O)CC1=CCC1C2CCC2(C)C(c3cccnc3)=CCC12,0,0.0,None,0,L02BX03,ABIRATERONE
2320,CHEMBL254468,NC1(C(=O)O)CC([18F])C1,0,None,None,0,None,CHEMBL254468
2321,CHEMBL255863,Cc1cn(-c2cc(NC(=O)c3ccc(C)c(Nc4nccc(-c5cccnc5)n4)c3)cc(C(F)(F)F)c2)cn1,0,0.0,None,0,L01EA03,NILOTINIB
2322,CHEMBL1615775,O=P(O)(O)C(O)P(=O)(O)O,0,None,None,0,None,OXIDRONIC ACID
2323,CHEMBL1615439,CC1C(c2ccccc2)OCCN1C,0,0.0,None,0,None,PHENDIMETRAZINE
2324,CHEMBL1614637,CC(Oc1ccccc1)C(=O)NC1C(=O)N2C1SC(C)(C)C2C(=O)O,0,0.0,None,0,J01CE05,PHENETHICILLIN
2325,CHEMBL1611291,CCCCCC(C=O)=Cc1ccccc1,0,None,None,0,None,CHEMBL1611291
2326,CHEMBL238071,CCC1(O)CC2CN(CCc3c([nH]c4ccccc34)C(C(=O)OC)(c3cc4c(cc3OC)N(C)C3C(O)(C(N)=O)C(O)C5(CC)C=CCN6CCC43C65)C2)C1,0,0.0,None,0,L01CA03,VINDESINE
2327,CHEMBL2366023,CCCCCCCC[N+](C)(C)CCCCCCCC,0,None,None,0,None,CHEMBL2366023
2328,CHEMBL2365712,CC(C)C1C(=O)N2CCCC2C2(O)OC(NC(=O)C3CC4c5cccc6[nH]cc(c56)CC4N(C)C3)(C(C)C)C(=O)N12,0,None,None,0,None,CHEMBL2365712
2329,CHEMBL2364638,CC1C(c2ccccc2)CC(NC(=O)c2cnc3c(c2)CC2(C3)C(=O)Nc3ncccc32)C(=O)N1CC(F)(F)F,0,0.0,None,0,None,UBROGEPANT
2330,CHEMBL1697841,CNC(C)CCC=C(C)C,0,0.0,None,0,A03AX10,ISOMETHEPTENE
2331,CHEMBL221959,CC1CCN(C(=O)CC#N)CC1N(C)c1ncnc2[nH]ccc12,0,0.0,None,0,L04AA29,TOFACITINIB
2332,CHEMBL222559,CCCC1(CCc2ccccc2)CC(=O)C(C(CC)c2cccc(NS(=O)(=O)c3ccc(C(F)(F)F)cn3)c2)C(=O)O1,0,0.0,None,0,J05AE09,TIPRANAVIR
2333,CHEMBL1697782,CCC(=O)OC1(C(=O)COC(C)=O)CCC2C3CC(C)C4=CC(=O)C=CC4(C)C3C(O)CC21C,0,0.0,None,0,"D07AA01, D07AC14, D10AA02, H02AB04",METHYLPREDNISOLONE ACEPONATE
2334,CHEMBL1697748,CC(=O)NC1C(O)OC(CO)C(O)C1OC1OC(C(=O)O)C(OC2OC(CO)C(O)C(OC3OC(C(=O)O)C(O)C(O)C3O)C2NC(C)=O)C(O)C1O,0,None,None,0,None,HYALURONIC ACID
2335,CHEMBL1697744,O=C(O)CSCC(=O)NC1CCSC1=O,0,0.0,None,0,R05CB15,ERDOSTEINE
2336,CHEMBL225072,Nc1nc2[nH]cc(CCc3ccc(C(=O)NC(CCC(=O)O)C(=O)O)cc3)c2c(=O)[nH]1,0,0.0,None,0,L01BA04,PEMETREXED
2337,CHEMBL2251610,CCOC(=O)c1ccccc1O,0,None,None,0,None,ETHYL SALICYLATE
2338,CHEMBL226335,CC1OC(OCC2OC(Oc3c(-c4ccc(O)c(O)c4)oc4cc(O)cc(O)c4c3=O)C(O)C(O)C2O)C(O)C(O)C1O,0,None,None,0,"C05CA01, C05CA51",RUTIN
2339,CHEMBL23,COc1ccc(C2Sc3ccccc3N(CCN(C)C)C(=O)C2OC(C)=O)cc1,0,0.0,None,0,"C05AE03, C08DB01",DILTIAZEM
2340,CHEMBL1680,CC(O)C(CO)NC(=O)C1CSSCC(NC(=O)C(N)Cc2ccccc2)C(=O)NC(Cc2ccccc2)C(=O)NC(Cc2c[nH]c3ccccc23)C(=O)NC(CCCCN)C(=O)NC(C(C)O)C(=O)N1,0,0.0,None,0,H01CB02,OCTREOTIDE
2341,CHEMBL167731,NCCNc1ccc(NCCN)c2c1C(=O)c1ccncc1C2=O,0,0.0,None,0,L01DB11,PIXANTRONE
2342,CHEMBL1670,Clc1ccc(C(c2ccccc2Cl)C(Cl)Cl)cc1,0,0.0,None,0,L01XX23,MITOTANE
2343,CHEMBL1657,CCOC(=O)c1ccc(C#Cc2ccc3c(c2)C(C)(C)CCS3)nc1,0,0.0,None,0,D05AX05,TAZAROTENE
2344,CHEMBL1655,CN(C)CCOc1ccc(C(=C(CCCl)c2ccccc2)c2ccccc2)cc1,0,0.0,None,0,L02BA02,TOREMIFENE
2345,CHEMBL406,CC1Cc2ccccc2N1NC(=O)c1ccc(Cl)c(S(N)(=O)=O)c1,0,0.0,None,0,C03BA11,INDAPAMIDE
2346,CHEMBL407135,CCC(C)CCCC(=O)NC(CCN)C(=O)NC(C(=O)NC(CCN)C(=O)NC1CCNC(=O)C(C(C)O)NC(=O)C(CCN)NC(=O)C(CCN)NC(=O)C(CC(C)C)NC(=O)C(CC(C)C)NC(=O)C(CCN)NC1=O)C(C)O,0,None,None,0,None,COLISTINE
2347,CHEMBL1054,NS(=O)(=O)c1cc2c(cc1Cl)NC(C(Cl)Cl)NS2(=O)=O,0,0.0,None,0,C03AA06,TRICHLORMETHIAZIDE
2348,CHEMBL760,O=C1CN2Cc3c(ccc(Cl)c3Cl)N=C2N1,0,0.0,None,0,L01XX35,ANAGRELIDE
2349,CHEMBL720,OCc1ccccc1,0,0.0,None,0,P03AX06,BENZYL ALCOHOL
2350,CHEMBL1200438,Clc1ccc(C(Cn2ccnc2)OCc2ccsc2Cl)c(Cl)c1,0,0.0,None,0,"D01AC07, G01AF08",TIOCONAZOLE
2351,CHEMBL1200430,CC(=O)Oc1ccc2c(c1)CCC1C2CCC2(C)C(O)CCC12,0,0.0,None,0,"G03CA03, G03CA53",ESTRADIOL ACETATE
2352,CHEMBL7413,C=CCC1(C(C)C#CCC)C(=O)NC(=O)N(C)C1=O,0,0.0,None,0,"N01AF01, N05CA15",METHOHEXITAL
2353,CHEMBL744,Nc1nc2ccc(OC(F)(F)F)cc2s1,0,0.0,None,0,N07XX02,RILUZOLE
2354,CHEMBL1200356,CC1(C)SC2C(NC(=O)C3(N)CCCCC3)C(=O)N2C1C(=O)O,0,0.0,None,0,None,CYCLACILLIN
2355,CHEMBL1200342,CC(=O)OCC(=O)C1(O)C(C)CC2C3CC(F)C4=CC(=O)C=CC4(C)C3C(O)CC21C,0,0.0,None,0,H02AB05,PARAMETHASONE ACETATE
2356,CHEMBL1199080,CC[N+](C)(C)Cc1ccccc1Br,0,0.0,None,0,None,BRETYLIUM
2357,CHEMBL716,OCCOCCN1CCN(C2=Nc3ccccc3Sc3ccccc32)CC1,0,0.0,None,0,N05AH04,QUETIAPINE
2358,CHEMBL1194325,O=C(OC1C[N+]2(CCCOc3ccccc3)CCC1CC2)C(O)(c1cccs1)c1cccs1,0,0.0,None,0,None,ACLIDINIUM
2359,CHEMBL778,Cc1cccc(C(C)c2c[nH]cn2)c1C,0,0.0,None,0,N05CM18,DEXMEDETOMIDINE
2360,CHEMBL783,CC(C)C1CCC(C(=O)NC(Cc2ccccc2)C(=O)O)CC1,0,0.0,None,0,A10BX03,NATEGLINIDE
2361,CHEMBL787,CC(C)(O)c1ccccc1CCC(SCC1(CC(=O)O)CC1)c1cccc(C=Cc2ccc3ccc(Cl)cc3n2)c1,0,0.0,None,0,"R03DC03, R03DC53",MONTELUKAST
2362,CHEMBL79,CCN(CC)CC(=O)Nc1c(C)cccc1C,0,0.0,None,0,"C01BB01, C05AD01, D04AB01, N01BB02, R02AD02, S01HA07, S02DA01, N01BB52",LIDOCAINE
2363,CHEMBL1186610,CCCC(CCC)C(=O)OC1CC2CCC(C1)[N+]2(C)C,0,0.0,None,0,None,ANISOTROPINE
2364,CHEMBL8,O=C(O)c1cn(C2CC2)c2cc(N3CCNCC3)c(F)cc2c1=O,0,0.0,None,0,"J01MA02, S01AE03, S02AA15, S03AA07",CIPROFLOXACIN
2365,CHEMBL1200453,CCCCCCCCCCCCCCCCCCCCCCO,0,0.0,None,0,D06BB11,DOCOSANOL
2366,CHEMBL715,Cc1cc2c(s1)Nc1ccccc1N=C2N1CCN(C)CC1,0,0.0,None,0,N05AH03,OLANZAPINE
2367,CHEMBL137,Cc1ncc([N+](=O)[O-])n1CCO,0,0.0,None,0,"A01AB17, D06BX01, G01AF01, J01XD01, P01AB01, P01AB51",METRONIDAZOLE
2368,CHEMBL1200686,CCC1C=C(C)CC(C)CC(OC)C2OC(O)(C(=O)C(=O)N3CCCCC3C(=O)OC(C(C)=CC3CCC(Cl)C(OC)C3)C(C)C(O)CC1=O)C(C)CC2OC,0,0.0,None,0,D11AH02,PIMECROLIMUS
2369,CHEMBL626,CN(CC=Cc1ccccc1)Cc1cccc2ccccc12,0,0.0,None,0,D01AE22,NAFTIFINE
2370,CHEMBL1200946,CCCCCCCCCC(=O)OC1CCC2C3CCC4=CC(=O)CCC4C3CCC12C,0,0.0,None,0,"A14AB01, S01XA11",NANDROLONE DECANOATE
2371,CHEMBL1200937,CCN(CC)CCS(=O)(=O)C1CCN2C(=O)c3coc(n3)CC(=O)CC(O)C=C(C)C=CCNC(=O)C=CC(C)C(C(C)C)OC(=O)C12,0,0.0,None,0,None,DALFOPRISTIN
2372,CHEMBL641,CNCCC(Oc1ccccc1C)c1ccccc1,0,0.0,None,0,N06BA09,ATOMOXETINE
2373,CHEMBL642,CCCC(=O)Nc1ccc(OCC(O)CNC(C)C)c(C(C)=O)c1,0,0.0,None,0,C07AB04,ACEBUTOLOL
2374,CHEMBL1200763,O=C(O)CNC(=O)c1ccccc1[131I],0,0.0,None,0,V09CX02,IODOHIPPURATE SODIUM I 131
2375,CHEMBL65794,CON=C(C(=O)NC1C(=O)N2C(C(=O)[O-])=C(C[n+]3cccc4c3CCC4)CSC12)c1csc(N)n1,0,0.0,None,0,J01DE02,CEFPIROME
2376,CHEMBL1200666,C=C1C(=CC=C2CCCC3(C)C2CCC3C(C)C=CC(O)C2CC2)CC(O)CC1O,0,0.0,None,0,"D05AX02, D05AX52",CALCIPOTRIENE
2377,CHEMBL712,COc1ccc(C2C(=O)c3ccccc3C2=O)cc1,0,0.0,None,0,None,ANISINDIONE
2378,CHEMBL672,CC(C)OC(=O)C(C)(C)Oc1ccc(C(=O)c2ccc(Cl)cc2)cc1,0,0.0,None,0,C10AB05,FENOFIBRATE
2379,CHEMBL1200649,CCC1NC(=O)C(NC(=O)c2ncccc2O)C(C)OC(=O)C(c2ccccc2)NC(=O)C2CC(=O)C(CSC3CN4CCC3CC4)CN2C(=O)C(Cc2ccc(N(C)C)cc2)N(C)C(=O)C2CCCN2C1=O,0,0.0,None,0,None,QUINUPRISTIN
2380,CHEMBL677,CC(N)C(O)c1ccc(O)c(O)c1,0,0.0,None,0,None,LEVONORDEFRIN
2381,CHEMBL1200608,CCCCC(CC)COC(=O)C=Cc1ccc(OC)cc1,0,None,None,0,D02BA02,OCTINOXATE
2382,CHEMBL708,O=C1Cc2cc(CCN3CCN(c4nsc5ccccc45)CC3)c(Cl)cc2N1,0,0.0,None,0,N05AE04,ZIPRASIDONE
2383,CHEMBL1200468,CCOC(=O)CC(SP(=S)(OC)OC)C(=O)OCC,0,0.0,None,0,P03AX03,MALATHION
2384,CHEMBL711,O=C1c2ccccc2C(=O)C1c1ccccc1,0,0.0,None,0,B01AA02,PHENINDIONE
2385,CHEMBL1183717,C=CCNc1nc(NCC=C)nc(N2CCN(C(c3ccc(F)cc3)c3ccc(F)cc3)CC2)n1,0,0.0,None,0,R07AB07,ALMITRINE
2386,CHEMBL810,Cn1nnc2c(C(N)=O)ncn2c1=O,0,0.0,None,0,L01AX03,TEMOZOLOMIDE
2387,CHEMBL814,COCCCCC(=NOCCN)c1ccc(C(F)(F)F)cc1,0,0.0,None,0,N06AB08,FLUVOXAMINE
2388,CHEMBL945,N=C(N)NC(=O)c1nc(Cl)c(N)nc1N,0,0.0,None,0,C03DB01,AMILORIDE
2389,CHEMBL918,NC(=O)NC(=O)Cc1ccccc1,0,0.0,None,0,N03AX07,PHENACEMIDE
2390,CHEMBL92,CC(=O)OC12COC1CC(O)C1(C)C(=O)C(O)C3=C(C)C(OC(=O)C(O)C(NC(=O)OC(C)(C)C)c4ccccc4)CC(O)(C(OC(=O)c4ccccc4)C21)C3(C)C,0,0.0,None,0,L01CD02,DOCETAXEL
2391,CHEMBL922,CC(C)(C)C(=O)OCOP(=O)(COCCn1cnc2c(N)ncnc21)OCOC(=O)C(C)(C)C,0,0.0,None,0,J05AF08,ADEFOVIR DIPIVOXIL
2392,CHEMBL924,O=P(O)(O)C(O)(Cn1ccnc1)P(=O)(O)O,0,0.0,None,0,M05BA08,ZOLEDRONIC ACID
2393,CHEMBL1095777,CCc1cc2c(cc1CC)CC(NCC(O)c1ccc(O)c3[nH]c(=O)ccc13)C2,0,0.0,None,0,R03AC18,INDACATEROL
2394,CHEMBL926,CC(CCc1ccc(O)cc1)NCCc1ccc(O)c(O)c1,0,0.0,None,0,C01CA07,DOBUTAMINE
2395,CHEMBL927,C=CC1=C(C(=O)O)N2C(=O)C(NC(=O)C(=NO)c3csc(N)n3)C2SC1,0,0.0,None,0,J01DD15,CEFDINIR
2396,CHEMBL1086440,CSc1nc2cc(Oc3cccc(Cl)c3Cl)c(Cl)cc2[nH]1,0,0.0,None,0,P02BX04,TRICLABENDAZOLE
2397,CHEMBL1173655,CN(C)CC=CC(=O)Nc1cc2c(Nc3ccc(F)c(Cl)c3)ncnc2cc1OC1CCOC1,0,0.0,None,0,L01EB03,AFATINIB
2398,CHEMBL979,CCCC(C)(COC(N)=O)COC(N)=O,0,0.0,None,0,"N05BC01, N05BC51, N05CX01",MEPROBAMATE
2399,CHEMBL98,O=C(CCCCCCC(=O)Nc1ccccc1)NO,0,0.0,None,0,L01XH01,VORINOSTAT
2400,CHEMBL1073,Cc1cnc(C(=O)NCCc2ccc(S(=O)(=O)NC(=O)NC3CCCCC3)cc2)cn1,0,0.0,None,0,A10BB07,GLIPIZIDE
2401,CHEMBL1072,CCCCNc1cc(C(=O)O)cc(S(N)(=O)=O)c1Oc1ccccc1,0,0.0,None,0,C03CA02,BUMETANIDE
2402,CHEMBL1070,COc1ccc2cc(CCC(C)=O)ccc2c1,0,0.0,None,0,M01AX01,NABUMETONE
2403,CHEMBL107,COc1cc2c(c(OC)c1OC)-c1ccc(OC)c(=O)cc1C(NC(C)=O)CC2,0,0.0,None,0,M04AC01,COLCHICINE
2404,CHEMBL1095607,Cn1c(=O)c2c(ncn2CCCNCC(O)c2cc(O)cc(O)c2)n(C)c1=O,0,0.0,None,None,"R03AC15, R03CC14",REPROTEROL
2405,CHEMBL91397,Cc1cncc(CN2CCC(=C3c4ccc(Cl)cc4CCc4cccnc43)CC2)c1,0,None,None,0,R06AX28,RUPATADINE
2406,CHEMBL911,Cc1ccc(-c2nc3ccc(C)cn3c2CC(=O)N(C)C)cc1,0,0.0,None,0,N05CF02,ZOLPIDEM
2407,CHEMBL905,CN(C)CCc1c[nH]c2ccc(Cn3cncn3)cc12,0,0.0,None,0,N02CC04,RIZATRIPTAN
2408,CHEMBL1101,OC(CCN1CCCCC1)(c1ccccc1)C1CC2C=CC1C2,0,0.0,None,0,N04AA02,BIPERIDEN
2409,CHEMBL822,CN(CC=CC#CC(C)(C)C)Cc1cccc2ccccc12,0,0.0,None,0,"D01AE15, D01BA02",TERBINAFINE
2410,CHEMBL832,O=C1C(CC[S+]([O-])c2ccccc2)C(=O)N(c2ccccc2)N1c1ccccc1,0,0.0,None,0,M04AB02,SULFINPYRAZONE
2411,CHEMBL1160695,CNC(C)C(O)c1ccc(O)cc1,0,None,None,0,None,CHEMBL1160695
2412,CHEMBL1159650,CCC(=O)OC1(C(=O)CCl)C(C)CC2C3CCC4=CC(=O)C=CC4(C)C3(F)C(O)CC21C,0,0.0,None,0,D07AD01,CLOBETASOL PROPIONATE
2413,CHEMBL848,Nc1cccc2c1CN(C1CCC(=O)NC1=O)C2=O,0,0.0,None,0,L04AX04,LENALIDOMIDE
2414,CHEMBL85,Cc1nc2n(c(=O)c1CCN1CCC(c3noc4cc(F)ccc34)CC1)CCCC2,0,0.0,None,0,N05AX08,RISPERIDONE
2415,CHEMBL1146,Cn1nnnc1SCC1=C(C(=O)O)N2C(=O)C(NC(=O)C(O)c3ccccc3)C2SC1,0,0.0,None,0,J01DC03,CEFAMANDOLE
2416,CHEMBL855,Cc1ccc(C(=CCN2CCCC2)c2ccccn2)cc1,0,0.0,None,0,R06AX07,TRIPROLIDINE
2417,CHEMBL113644,CCCCCCCCCCCCCCCCCC(=O)OCC(COP(=O)([O-])OCC[N+](C)(C)C)OC(=O)CCCCCCCCCCCCCCCCC,0,None,None,0,None,CHEMBL113644
2418,CHEMBL1121,CSCCC(NC(=O)C(Cc1ccc(OS(=O)(=O)O)cc1)NC(=O)C(N)CC(=O)O)C(=O)NCC(=O)NC(Cc1c[nH]c2ccccc12)C(=O)NC(CCSC)C(=O)NC(CC(=O)O)C(=O)NC(Cc1ccccc1)C(N)=O,0,0.0,None,0,"V04CC03, V04CK02",SINCALIDE
2419,CHEMBL877,NCC1CCC(C(=O)O)CC1,0,0.0,None,0,B02AA02,TRANEXAMIC ACID
2420,CHEMBL111654,S=c1[nH]c2ccccc2s1,0,None,None,0,None,2-MERCAPTOBENZOTHIAZOLE
2421,CHEMBL887,C#CCNC1CCc2ccccc21,0,0.0,None,0,N04BD02,RASAGILINE
2422,CHEMBL891,Cc1onc(-c2ccccc2Cl)c1C(=O)NC1C(=O)N2C1SC(C)(C)C2C(=O)O,0,0.0,None,0,J01CF02,CLOXACILLIN
2423,CHEMBL1107,CCCCN(CCCC)CCC(O)c1cc2c(Cl)cc(Cl)cc2c2cc(C(F)(F)F)ccc12,0,0.0,None,0,P01BX01,HALOFANTRINE
2424,CHEMBL1200979,CC(C)(CO)C(O)C(=O)NCCCO,0,0.0,None,0,"A11HA30, D03AX03, S01XA12",DEXPANTHENOL
2425,CHEMBL1201048,CCC(=O)OC1CCC2C3CCC4CC(=O)C(C)CC4(C)C3CCC12C,0,0.0,None,0,None,DROMOSTANOLONE PROPIONATE
2426,CHEMBL1201109,CC1(C)OC2CC3C4CCC5=CC(=O)C=CC5(C)C4C(O)CC3(C)C2(C(=O)CO)O1,0,0.0,None,0,"D07AB08, S01BA11",DESONIDE
2427,CHEMBL46286,COC(=O)CC(O)(CCCC(C)(C)O)C(=O)OC1C(OC)=CC23CCCN2CCc2cc4c(cc2C13)OCO4,0,0.0,None,0,L01XX40,OMACETAXINE MEPESUCCINATE
2428,CHEMBL1243,Nc1ccc(S(=O)(=O)NC(=O)c2ccccc2)cc1,0,0.0,None,0,None,SULFABENZAMIDE
2429,CHEMBL455186,CS(=O)(=O)OCC(O)C(O)COS(C)(=O)=O,0,0.0,None,0,L01AB02,TREOSULFAN
2430,CHEMBL457,Cc1ccc(C)c(OCCCC(C)(C)C(=O)O)c1,0,0.0,None,0,C10AB04,GEMFIBROZIL
2431,CHEMBL459324,CC(=O)Oc1ccc2c3c1OC1C(OC(C)=O)C=CC4C(C2)N(C)CCC341,0,0.0,None,0,N07BC06,DIACETYLMORPHINE
2432,CHEMBL4594271,N#Cc1cccc(C(NCC2CC2)c2ccc(F)c(NC(=O)c3cc(C(F)(F)F)nn3-c3cccc(CN)c3)c2)c1,0,None,None,0,None,BEROTRALSTAT
2433,CHEMBL4594284,CCC1c2cc3[nH]c(c(CC(=O)OC)c4nc(cc5[nH]c(cc(n2)C1C)c(C(C)=O)c5C)C(C)C4CCC(=O)O)c(C(=O)NCCS(=O)(=O)O)c3C,0,0.0,None,0,L01XD07,PADELIPORFIN
2434,CHEMBL1232653,Cc1cc2nc3c(=O)[nH]c(=O)nc-3n(CC(O)C(O)C(O)COP(=O)(O)OP(=O)(O)OCC3OC(n4cnc5c(N)ncnc54)C(O)C3O)c2cc1C,0,None,None,0,None,FLAVIN ADENIN DINUCLEOTIDE
2435,CHEMBL1231723,CCCCCCCCCCCCOCCOCCOCCOCCOCCOCCOCCOCCOCCO,0,0.0,None,0,C05BB02,POLIDOCANOL
2436,CHEMBL498,CCCNC(=O)NS(=O)(=O)c1ccc(Cl)cc1,0,0.0,None,0,A10BB02,CHLORPROPAMIDE
2437,CHEMBL1220,CCS(=O)(=O)CCn1c([N+](=O)[O-])cnc1C,0,0.0,None,0,"J01XD02, P01AB02",TINIDAZOLE
2438,CHEMBL476,CN(C)N=Nc1[nH]cnc1C(N)=O,0,0.0,None,0,L01AX04,DACARBAZINE
2439,CHEMBL483254,Cc1[nH]c2ccccc2c1CCNCc1ccc(C=CC(=O)NO)cc1,0,0.0,None,0,L01XH03,PANOBINOSTAT
2440,CHEMBL1206690,CCC(=O)NS(=O)(=O)c1ccc(-c2c(-c3ccccc3)noc2C)cc1,0,0.0,None,0,M01AH04,PARECOXIB
2441,CHEMBL485253,CCC(CO)NC(=O)C1C=C2c3cccc4c3c(cn4C)CC2N(C)C1,0,0.0,None,0,N02CA04,METHYSERGIDE
2442,CHEMBL1201794,Cc1cc2nc3c(=O)[nH]c(=O)nc-3n(CC(O)C(O)C(O)COP(=O)(O)O)c2cc1C,0,0.0,None,0,None,RIBOFLAVIN 5'-PHOSPHATE
2443,CHEMBL1201776,CCC(c1cccc(O)c1)C(C)CN(C)C,0,0.0,None,0,N02AX06,TAPENTADOL
2444,CHEMBL452630,CC=Cc1ccc(OC)cc1,0,None,None,0,None,ANETHOLE
2445,CHEMBL451887,CC(C)CC(NC(=O)C(CCc1ccccc1)NC(=O)CN1CCOCC1)C(=O)NC(Cc1ccccc1)C(=O)NC(CC(C)C)C(=O)C1(C)CO1,0,0.0,None,0,L01XG02,CARFILZOMIB
2446,CHEMBL45,COc1ccc2[nH]cc(CCNC(C)=O)c2c1,0,0.0,None,0,N05CH01,MELATONIN
2447,CHEMBL1257073,O=C(NN1C(=O)C2C3C=CC(C4CC34)C2C1=O)c1ccc(C(F)(F)F)cc1,0,0.0,None,0,J05AX24,TECOVIRIMAT
2448,CHEMBL408403,CCC(C)C(NC(=O)C(Cc1ccc(O)cc1)NC(=O)C(NC(=O)C(CCCN=C(N)N)NC(=O)C(N)CC(=O)O)C(C)C)C(=O)NC(Cc1cnc[nH]1)C(=O)N1CCCC1C(=O)NC(Cc1ccccc1)C(=O)O,0,0.0,None,0,C01CX09,ANGIOTENSIN II
2449,CHEMBL1337,O=C1CCCC(=O)C1C(=O)c1ccc(C(F)(F)F)cc1[N+](=O)[O-],0,0.0,None,0,A16AX04,NITISINONE
2450,CHEMBL4204794,Cn1cc(-c2cc3c(N4CCN(c5ncc(C(C)(N)c6ccc(F)cc6)cn5)CC4)ncnn3c2)cn1,0,0.0,None,0,L01EX18,AVAPRITINIB
2451,CHEMBL428647,CC(=O)OC1C(=O)C2(C)C(O)CC3OCC3(OC(C)=O)C2C(OC(=O)c2ccccc2)C2(O)CC(OC(=O)C(O)C(NC(=O)c3ccccc3)c3ccccc3)C(C)=C1C2(C)C,0,0.0,None,0,L01CD01,PACLITAXEL
2452,CHEMBL1308,Cc1cn[nH]c1,0,0.0,None,0,V03AB34,FOMEPIZOLE
2453,CHEMBL4297585,CCCCCCC(=O)OCC(COC(=O)CCCCCC)OC(=O)CCCCCC,0,0.0,None,0,A16AX17,TRIHEPTANOIN
2454,CHEMBL13,COCCc1ccc(OCC(O)CNC(C)C)cc1,0,0.0,None,0,C07AB02,METOPROLOL
2455,CHEMBL1296,CN(C)CCn1nnnc1SCC1=C(C(=O)O)N2C(=O)C(NC(=O)Cc3csc(N)n3)C2SC1,0,0.0,None,0,J01DC07,CEFOTIAM
2456,CHEMBL4298128,Cc1nn(C)cc1S(=O)(=O)NC(=O)c1ccc(-n2ccc(OCC(C)(C)C(F)(F)F)n2)nc1N1CC(C)CC1(C)C,0,0.0,None,0,None,ELEXACAFTOR
2457,CHEMBL1294,C=CC1CN2CCC1CC2C(O)c1ccnc2ccc(OC)cc12,0,0.0,None,0,"C01BA01, C01BA51, C01BA71",QUINIDINE
2458,CHEMBL441738,CCCCC(NC(=O)C(CO)NC(=O)C(Cc1ccc(O)cc1)NC(=O)C(CO)NC(C)=O)C(=O)NC(CCC(=O)O)C(=O)NC(Cc1cnc[nH]1)C(=O)NC(Cc1ccccc1)C(=O)NC(CCCNC(=N)N)C(=O)NC(Cc1c[nH]c2ccccc12)C(=O)NCC(=O)NC(CCCCN)C(=O)N1CCCC1C(=O)NC(C(N)=O)C(C)C,0,0.0,None,0,D02BB02,AFAMELANOTIDE
2459,CHEMBL127300,COc1cc(C(=O)OCCCN(C)CCN(C)CCCOC(=O)c2cc(OC)c(OC)c(OC)c2)cc(OC)c1OC,0,None,None,0,C01DX06,HEXOBENDINE
2460,CHEMBL44657,COc1cc(C2c3cc4c(cc3C(OC3OC5COC(C)OC5C(O)C3O)C3COC(=O)C23)OCO4)cc(OC)c1O,0,0.0,None,0,L01CB01,ETOPOSIDE
2461,CHEMBL447861,O=C(OCc1ccccc1)c1ccc(O)cc1,0,None,None,0,None,CHEMBL447861
2462,CHEMBL447878,CC(=O)NC(C=O)C(O)C(O)C(O)CO,0,None,None,0,None,N-ACETYLGLUCOSAMINE 
2463,CHEMBL494,CC#CCC(C)C(O)C=CC1C(O)CC2CC(=CCCCC(=O)O)CC21,0,0.0,None,0,B01AC11,ILOPROST
2464,CHEMBL498847,Cc1ncc([N+](=O)[O-])n1CC(C)O,0,0.0,None,0,P01AB07,SECNIDAZOLE
2465,CHEMBL607400,CCCC1CC(=O)N(C(CC)C(N)=O)C1,0,0.0,None,0,N03AX23,BRIVARACETAM
2466,CHEMBL1201203,CN1C2CCC1CC(OC(c1ccccc1)c1ccccc1)C2,0,0.0,None,0,N04AC01,BENZTROPINE
2467,CHEMBL1201247,CC(C)CC(NC(=O)C(COC(C)(C)C)NC(=O)C(Cc1ccc(O)cc1)NC(=O)C(CO)NC(=O)C(Cc1c[nH]c2ccccc12)NC(=O)C(Cc1cnc[nH]1)NC(=O)C1CCC(=O)N1)C(=O)NC(CCCN=C(N)N)C(=O)N1CCCC1C(=O)NNC(N)=O,0,0.0,None,0,L02AE03,GOSERELIN
2468,CHEMBL564085,COC1CC(OC2C(C)C(=O)OC(C)C(C)C(OC(C)=O)C(C)C(=O)C3(CO3)CC(C)C(OC3OC(C)CC(N(C)C)C3OC(C)=O)C2C)OC(C)C1OC(C)=O,0,0.0,None,0,J01FA08,TROLEANDOMYCIN
2469,CHEMBL565,CCOC(=O)C(C)(C)Oc1ccc(Cl)cc1,0,0.0,None,0,C10AB01,CLOFIBRATE
2470,CHEMBL1201236,CC(Cc1ccc(O)c(O)c1)(NN)C(=O)O,0,0.0,None,0,None,CARBIDOPA
2471,CHEMBL1201235,C[N+]1(C)C2CCC1CC(OC(=O)C(O)c1ccccc1)C2,0,0.0,None,0,None,METHYLHOMATROPINE
2472,CHEMBL578,CCOC(=O)C(CCc1ccccc1)NC(C)C(=O)N1CCCC1C(=O)O,0,0.0,None,0,C09AA02,ENALAPRIL
2473,CHEMBL580,O=C1Nc2ccc(Cl)cc2C(c2ccccc2Cl)=NC1O,0,0.0,None,0,"N05BA06, N05BA56",LORAZEPAM
2474,CHEMBL589,CCCN(CCC)CCc1cccc2c1CC(=O)N2,0,0.0,None,0,N04BC04,ROPINIROLE
2475,CHEMBL499,CC(C)(C)NCC(O)COc1nsnc1N1CCOCC1,0,0.0,None,0,"C07AA06, S01ED01, S01ED51",TIMOLOL
2476,CHEMBL1201199,CCNC(=O)C1CCCN1C(=O)C(CCCNC(=N)N)NC(=O)C(CC(C)C)NC(=O)C(CC(C)C)NC(=O)C(Cc1ccc(O)cc1)NC(=O)C(CO)NC(=O)C(Cc1c[nH]c2ccccc12)NC(=O)C(Cc1c[nH]cn1)NC(=O)C1CCC(=O)N1,0,0.0,None,0,L02AE02,LEUPROLIDE
2477,CHEMBL1201195,COC1(NC(=O)CSCC#N)C(=O)N2C(C(=O)O)=C(CSc3nnnn3C)CSC21,0,0.0,None,0,J01DC09,CEFMETAZOLE
2478,CHEMBL592,CN1CCC23CCCCC2C1Cc1ccc(O)cc13,0,0.0,None,0,None,LEVORPHANOL
2479,CHEMBL1201187,Cc1nnc(C(C)C)n1C1CC2CCC(C1)N2CCC(NC(=O)C1CCC(F)(F)CC1)c1ccccc1,0,0.0,None,0,J05AX09,MARAVIROC
2480,CHEMBL1201185,CC(C)C1NC(=O)C(CCCCN)NC(=O)C(Cc2c[nH]c3ccccc23)NC(=O)C(Cc2ccc(O)cc2)NC(=O)C(NC(=O)C(N)Cc2ccc3ccccc3c2)CSSCC(C(=O)NC(C(N)=O)C(C)O)NC1=O,0,None,None,0,H01CB03,LANREOTIDE
2481,CHEMBL594,CCOCCn1c(N2CCCN(C)CC2)nc2ccccc21,0,0.0,None,0,S01GX06,EMEDASTINE
2482,CHEMBL606,CCCCC(C)(O)CC=CC1C(O)CC(=O)C1CCCCCCC(=O)OC,0,0.0,None,0,"A02BB01, G02AD06",MISOPROSTOL
2483,CHEMBL1201251,Oc1ccc(CCCCNCC(O)c2ccc(O)c(O)c2)cc1,0,0.0,None,0,C01CA22,ARBUTAMINE
2484,CHEMBL1201255,CCNC(=O)C1CCCN1C(=O)C(CCCNC(=N)N)NC(=O)C(CC(C)C)NC(=O)C(Cc1cn(Cc2ccccc2)cn1)NC(=O)C(Cc1ccc(O)cc1)NC(=O)C(CO)NC(=O)C(Cc1c[nH]c2ccccc12)NC(=O)C(Cc1c[nH]cn1)NC(=O)C1CCC(=O)N1,0,None,None,0,L02AE05,HISTRELIN
2485,CHEMBL558,Cc1cccc(C)c1OCC(C)N,0,0.0,None,0,C01BB02,MEXILETINE
2486,CHEMBL1201264,CC[N+](C)(CC)CCOC(=O)C1c2ccccc2Oc2ccccc21,0,0.0,None,0,A03AB07,METHANTHELINE
2487,CHEMBL1201764,CC(C)C(=O)Oc1ccc(CO)cc1C(CCN(C(C)C)C(C)C)c1ccccc1,0,0.0,None,0,G04BD11,FESOTERODINE
2488,CHEMBL5,CCn1cc(C(=O)O)c(=O)c2ccc(C)nc21,0,0.0,None,0,J01MB02,NALIDIXIC ACID
2489,CHEMBL1201746,C#CCC(Cc1cnc2nc(N)nc(N)c2n1)c1ccc(C(=O)NC(CCC(=O)O)C(=O)O)cc1,0,0.0,None,0,L01BA05,PRALATREXATE
2490,CHEMBL508102,CCOC(=O)n1ccn(C)c1=S,0,0.0,None,0,H03BB01,CARBIMAZOLE
2491,CHEMBL1201341,CCOP(=O)(OCC)SCC[N+](C)(C)C,0,0.0,None,0,S01EB03,ECHOTHIOPHATE
2492,CHEMBL1201338,CN(C)CCOC(=O)C(c1ccccc1)C1(O)CCCC1,0,0.0,None,0,"S01FA04, S01FA54",CYCLOPENTOLATE
2493,CHEMBL1201336,O=C1NC(c2ccccc2)(c2ccccc2)C(=O)N1COP(=O)(O)O,0,0.0,None,0,N03AB05,FOSPHENYTOIN
2494,CHEMBL1201335,C[N+]1(C)CCC(OC(=O)C(O)(c2ccccc2)C2CCCC2)C1,0,0.0,None,0,D11AA01,GLYCOPYRRONIUM
2495,CHEMBL1201329,O=C1N(Cc2ccccc2)C2C[S+]3CCCC3C2N1Cc1ccccc1,0,0.0,None,0,C02BA01,TRIMETHAPHAN
2496,CHEMBL526,CC(C)c1cccc(C(C)C)c1O,0,0.0,None,0,N01AX10,PROPOFOL
2497,CHEMBL1201291,CNC(=O)c1c(I)c(C(=O)NCC(=O)Nc2c(I)c(C(=O)O)c(I)c(C(=O)NCCO)c2I)c(I)c(N(C)C(C)=O)c1I,0,0.0,None,0,V08AB03,IOXAGLIC ACID
2498,CHEMBL544,COc1ccc(O)cc1,0,0.0,None,0,D11AX06,MEQUINOL
2499,CHEMBL546,C=CCOc1ccccc1OCC(O)CNC(C)C,0,0.0,None,0,C07AA02,OXPRENOLOL
2500,CHEMBL549,CN(C)CCCC1(c2ccc(F)cc2)OCc2cc(C#N)ccc21,0,0.0,None,0,N06AB04,CITALOPRAM
2501,CHEMBL550,CCC1C(=O)OCC1Cc1cncn1C,0,0.0,None,0,"N07AX01, S01EB01, S01EB51",PILOCARPINE
2502,CHEMBL1089221,O=C(O)COc1nn(Cc2ccccc2)c2ccccc12,1,1.0,1.0,1,"M02AA11, S01BC07",BENDAZAC
